  0
SECTION
  2
HEADER
  9
$ACADVER
  1
AC1032
  9
$ACADMAINTVER
 90
      266
  9
$DWGCODEPAGE
  3
ANSI_1252
  9
$REQUIREDVERSIONS
160
                 0
  9
$INSBASE
 10
0.0
 20
0.0
 30
0.0
  9
$EXTMIN
 10
1.000000000000000E+20
 20
1.000000000000000E+20
 30
1.000000000000000E+20
  9
$EXTMAX
 10
-1.000000000000000E+20
 20
-1.000000000000000E+20
 30
-1.000000000000000E+20
  9
$LIMMIN
 10
0.0
 20
0.0
  9
$LIMMAX
 10
12.0
 20
9.0
  9
$ORTHOMODE
 70
     0
  9
$REGENMODE
 70
     1
  9
$FILLMODE
 70
     1
  9
$QTEXTMODE
 70
     0
  9
$MIRRTEXT
 70
     0
  9
$LTSCALE
 40
1.0
  9
$ATTMODE
 70
     1
  9
$TEXTSIZE
 40
0.2
  9
$TRACEWID
 40
0.05
  9
$TEXTSTYLE
  7
Standard
  9
$CLAYER
  8
0
  9
$CELTYPE
  6
ByLayer
  9
$CECOLOR
 62
   256
  9
$CELTSCALE
 40
1.0
  9
$DISPSILH
 70
     0
  9
$DIMSCALE
 40
1.0
  9
$DIMASZ
 40
0.18
  9
$DIMEXO
 40
0.0625
  9
$DIMDLI
 40
0.38
  9
$DIMRND
 40
0.0
  9
$DIMDLE
 40
0.0
  9
$DIMEXE
 40
0.18
  9
$DIMTP
 40
0.0
  9
$DIMTM
 40
0.0
  9
$DIMTXT
 40
0.18
  9
$DIMCEN
 40
0.09
  9
$DIMTSZ
 40
0.0
  9
$DIMTOL
 70
     0
  9
$DIMLIM
 70
     0
  9
$DIMTIH
 70
     1
  9
$DIMTOH
 70
     1
  9
$DIMSE1
 70
     0
  9
$DIMSE2
 70
     0
  9
$DIMTAD
 70
     0
  9
$DIMZIN
 70
     0
  9
$DIMBLK
  1

  9
$DIMASO
 70
     1
  9
$DIMSHO
 70
     1
  9
$DIMPOST
  1

  9
$DIMAPOST
  1

  9
$DIMALT
 70
     0
  9
$DIMALTD
 70
     2
  9
$DIMALTF
 40
25.4
  9
$DIMLFAC
 40
1.0
  9
$DIMTOFL
 70
     0
  9
$DIMTVP
 40
0.0
  9
$DIMTIX
 70
     0
  9
$DIMSOXD
 70
     0
  9
$DIMSAH
 70
     0
  9
$DIMBLK1
  1

  9
$DIMBLK2
  1

  9
$DIMSTYLE
  2
Standard
  9
$DIMCLRD
 70
     0
  9
$DIMCLRE
 70
     0
  9
$DIMCLRT
 70
     0
  9
$DIMTFAC
 40
1.0
  9
$DIMGAP
 40
0.09
  9
$DIMJUST
 70
     0
  9
$DIMSD1
 70
     0
  9
$DIMSD2
 70
     0
  9
$DIMTOLJ
 70
     1
  9
$DIMTZIN
 70
     0
  9
$DIMALTZ
 70
     0
  9
$DIMALTTZ
 70
     0
  9
$DIMUPT
 70
     0
  9
$DIMDEC
 70
     4
  9
$DIMTDEC
 70
     4
  9
$DIMALTU
 70
     2
  9
$DIMALTTD
 70
     2
  9
$DIMTXSTY
  7
Standard
  9
$DIMAUNIT
 70
     0
  9
$DIMADEC
 70
     0
  9
$DIMALTRND
 40
0.0
  9
$DIMAZIN
 70
     0
  9
$DIMDSEP
 70
    46
  9
$DIMATFIT
 70
     3
  9
$DIMFRAC
 70
     0
  9
$DIMLDRBLK
  1

  9
$DIMLUNIT
 70
     2
  9
$DIMLWD
 70
    -2
  9
$DIMLWE
 70
    -2
  9
$DIMTMOVE
 70
     0
  9
$DIMFXL
 40
1.0
  9
$DIMFXLON
 70
     0
  9
$DIMJOGANG
 40
0.7853981633974483
  9
$DIMTFILL
 70
     0
  9
$DIMTFILLCLR
 70
     0
  9
$DIMARCSYM
 70
     0
  9
$DIMLTYPE
  6

  9
$DIMLTEX1
  6

  9
$DIMLTEX2
  6

  9
$DIMTXTDIRECTION
 70
     0
  9
$LUNITS
 70
     2
  9
$LUPREC
 70
     4
  9
$SKETCHINC
 40
0.1
  9
$FILLETRAD
 40
0.0
  9
$AUNITS
 70
     0
  9
$AUPREC
 70
     0
  9
$MENU
  1
.
  9
$ELEVATION
 40
0.0
  9
$PELEVATION
 40
0.0
  9
$THICKNESS
 40
0.0
  9
$LIMCHECK
 70
     0
  9
$CHAMFERA
 40
0.0
  9
$CHAMFERB
 40
0.0
  9
$CHAMFERC
 40
0.0
  9
$CHAMFERD
 40
0.0
  9
$SKPOLY
 70
     0
  9
$TDCREATE
 40
2461118.690972222
  9
$TDUCREATE
 40
2461118.649305555
  9
$TDUPDATE
 40
2461118.690972222
  9
$TDUUPDATE
 40
2461118.649305555
  9
$TDINDWG
 40
0.0000000000
  9
$TDUSRTIMER
 40
0.0000000000
  9
$USRTIMER
 70
     1
  9
$ANGBASE
 50
0.0
  9
$ANGDIR
 70
     0
  9
$PDMODE
 70
     0
  9
$PDSIZE
 40
0.0
  9
$PLINEWID
 40
0.0
  9
$SPLFRAME
 70
     0
  9
$SPLINETYPE
 70
     6
  9
$SPLINESEGS
 70
     8
  9
$HANDSEED
  5
9B
  9
$SURFTAB1
 70
     6
  9
$SURFTAB2
 70
     6
  9
$SURFTYPE
 70
     6
  9
$SURFU
 70
     6
  9
$SURFV
 70
     6
  9
$UCSBASE
  2

  9
$UCSNAME
  2

  9
$UCSORG
 10
0.0
 20
0.0
 30
0.0
  9
$UCSXDIR
 10
1.0
 20
0.0
 30
0.0
  9
$UCSYDIR
 10
0.0
 20
1.0
 30
0.0
  9
$UCSORTHOREF
  2

  9
$UCSORTHOVIEW
 70
     0
  9
$UCSORGTOP
 10
0.0
 20
0.0
 30
0.0
  9
$UCSORGBOTTOM
 10
0.0
 20
0.0
 30
0.0
  9
$UCSORGLEFT
 10
0.0
 20
0.0
 30
0.0
  9
$UCSORGRIGHT
 10
0.0
 20
0.0
 30
0.0
  9
$UCSORGFRONT
 10
0.0
 20
0.0
 30
0.0
  9
$UCSORGBACK
 10
0.0
 20
0.0
 30
0.0
  9
$PUCSBASE
  2

  9
$PUCSNAME
  2

  9
$PUCSORG
 10
0.0
 20
0.0
 30
0.0
  9
$PUCSXDIR
 10
1.0
 20
0.0
 30
0.0
  9
$PUCSYDIR
 10
0.0
 20
1.0
 30
0.0
  9
$PUCSORTHOREF
  2

  9
$PUCSORTHOVIEW
 70
     0
  9
$PUCSORGTOP
 10
0.0
 20
0.0
 30
0.0
  9
$PUCSORGBOTTOM
 10
0.0
 20
0.0
 30
0.0
  9
$PUCSORGLEFT
 10
0.0
 20
0.0
 30
0.0
  9
$PUCSORGRIGHT
 10
0.0
 20
0.0
 30
0.0
  9
$PUCSORGFRONT
 10
0.0
 20
0.0
 30
0.0
  9
$PUCSORGBACK
 10
0.0
 20
0.0
 30
0.0
  9
$USERI1
 70
     0
  9
$USERI2
 70
     0
  9
$USERI3
 70
     0
  9
$USERI4
 70
     0
  9
$USERI5
 70
     0
  9
$USERR1
 40
0.0
  9
$USERR2
 40
0.0
  9
$USERR3
 40
0.0
  9
$USERR4
 40
0.0
  9
$USERR5
 40
0.0
  9
$WORLDVIEW
 70
     1
  9
$SHADEDGE
 70
     3
  9
$SHADEDIF
 70
    70
  9
$TILEMODE
 70
     1
  9
$MAXACTVP
 70
    64
  9
$PINSBASE
 10
0.0
 20
0.0
 30
0.0
  9
$PLIMCHECK
 70
     0
  9
$PEXTMIN
 10
1.000000000000000E+20
 20
1.000000000000000E+20
 30
1.000000000000000E+20
  9
$PEXTMAX
 10
-1.000000000000000E+20
 20
-1.000000000000000E+20
 30
-1.000000000000000E+20
  9
$PLIMMIN
 10
0.0
 20
0.0
  9
$PLIMMAX
 10
12.0
 20
9.0
  9
$UNITMODE
 70
     0
  9
$VISRETAIN
 70
     1
  9
$PLINEGEN
 70
     0
  9
$PSLTSCALE
 70
     1
  9
$TREEDEPTH
 70
  3020
  9
$CMLSTYLE
  2
Standard
  9
$CMLJUST
 70
     0
  9
$CMLSCALE
 40
1.0
  9
$PROXYGRAPHICS
 70
     1
  9
$MEASUREMENT
 70
     0
  9
$CELWEIGHT
370
    -1
  9
$ENDCAPS
280
     0
  9
$JOINSTYLE
280
     0
  9
$LWDISPLAY
290
     1
  9
$INSUNITS
 70
     4
  9
$HYPERLINKBASE
  1

  9
$STYLESHEET
  1

  9
$XEDIT
290
     1
  9
$CEPSNTYPE
380
     0
  9
$PSTYLEMODE
290
     1
  9
$FINGERPRINTGUID
  2
{56FF692B-C8C2-D545-94A6-0B6D29025292}
  9
$VERSIONGUID
  2
{97491E85-C741-0F41-8C3C-8A1194F536ED}
  9
$EXTNAMES
290
     1
  9
$PSVPSCALE
 40
0.0
  9
$OLESTARTUP
290
     0
  9
$SORTENTS
280
   127
  9
$INDEXCTL
280
     0
  9
$HIDETEXT
280
     1
  9
$XCLIPFRAME
280
     2
  9
$HALOGAP
280
     0
  9
$OBSCOLOR
 70
   257
  9
$OBSLTYPE
280
     0
  9
$INTERSECTIONDISPLAY
280
     0
  9
$INTERSECTIONCOLOR
 70
   257
  9
$DIMASSOC
280
     2
  9
$PROJECTNAME
  1

  9
$CAMERADISPLAY
290
     0
  9
$LENSLENGTH
 40
50.0
  9
$CAMERAHEIGHT
 40
0.0
  9
$STEPSPERSEC
 40
2.0
  9
$STEPSIZE
 40
6.0
  9
$3DDWFPREC
 40
2.0
  9
$PSOLWIDTH
 40
0.25
  9
$PSOLHEIGHT
 40
4.0
  9
$LOFTANG1
 40
1.570796326794896
  9
$LOFTANG2
 40
1.570796326794896
  9
$LOFTMAG1
 40
0.0
  9
$LOFTMAG2
 40
0.0
  9
$LOFTPARAM
 70
     7
  9
$LOFTNORMALS
280
     1
  9
$LATITUDE
 40
37.795
  9
$LONGITUDE
 40
-122.394
  9
$NORTHDIRECTION
 40
0.0
  9
$TIMEZONE
 70
 -8000
  9
$LIGHTGLYPHDISPLAY
280
     1
  9
$TILEMODELIGHTSYNCH
280
     1
  9
$CMATERIAL
347
11
  9
$SOLIDHIST
280
     0
  9
$SHOWHIST
280
     1
  9
$DWFFRAME
280
     2
  9
$DGNFRAME
280
     0
  9
$REALWORLDSCALE
290
     1
  9
$INTERFERECOLOR
 62
     1
  9
$INTERFEREOBJVS
345
33
  9
$INTERFEREVPVS
346
30
  9
$CSHADOW
280
     0
  9
$SHADOWPLANELOCATION
 40
0.0
  0
ENDSEC
  0
SECTION
  2
CLASSES
  0
CLASS
  1
ACDBDICTIONARYWDFLT
  2
AcDbDictionaryWithDefault
  3
ObjectDBX Classes
 90
        0
 91
        1
280
     0
281
     0
  0
CLASS
  1
MATERIAL
  2
AcDbMaterial
  3
ObjectDBX Classes
 90
     1153
 91
        3
280
     0
281
     0
  0
CLASS
  1
VISUALSTYLE
  2
AcDbVisualStyle
  3
ObjectDBX Classes
 90
     4095
 91
       24
280
     0
281
     0
  0
CLASS
  1
SCALE
  2
AcDbScale
  3
ObjectDBX Classes
 90
     1153
 91
       17
280
     0
281
     0
  0
CLASS
  1
TABLESTYLE
  2
AcDbTableStyle
  3
ObjectDBX Classes
 90
     4095
 91
        1
280
     0
281
     0
  0
CLASS
  1
MLEADERSTYLE
  2
AcDbMLeaderStyle
  3
ACDB_MLEADERSTYLE_CLASS
 90
     4095
 91
        1
280
     0
281
     0
  0
CLASS
  1
ACDBSECTIONVIEWSTYLE
  2
AcDbSectionViewStyle
  3
ObjectDBX Classes
 90
     1025
 91
        1
280
     0
281
     0
  0
CLASS
  1
ACDBDETAILVIEWSTYLE
  2
AcDbDetailViewStyle
  3
ObjectDBX Classes
 90
     1025
 91
        1
280
     0
281
     0
  0
CLASS
  1
DICTIONARYVAR
  2
AcDbDictionaryVar
  3
ObjectDBX Classes
 90
        0
 91
        5
280
     0
281
     0
  0
CLASS
  1
CELLSTYLEMAP
  2
AcDbCellStyleMap
  3
ObjectDBX Classes
 90
     1152
 91
        1
280
     0
281
     0
  0
ENDSEC
  0
SECTION
  2
TABLES
  0
TABLE
  2
VPORT
  5
8
330
0
100
AcDbSymbolTable
 70
     1
  0
VPORT
  5
57
330
8
100
AcDbSymbolTableRecord
100
AcDbViewportTableRecord
  2
*Active
 70
     0
 10
0.0
 20
0.0
 11
1.0
 21
1.0
 12
0.0
 22
0.0
 13
0.0
 23
0.0
 14
1.0
 24
1.0
 15
0.0
 25
0.0
 16
0.0
 26
0.0
 36
1.0
 17
3.499999999124846
 27
-3.499999999124846
 37
0.0
 40
7.139999998214686
 41
1.0
 42
50.0
 43
0.0
 44
0.0
 50
0.0
 51
0.0
 71
     0
 72
   100
 73
     1
 74
     1
 75
     0
 76
     0
 77
     0
 78
     0
281
     0
 65
     1
110
0.0
120
0.0
130
0.0
111
1.0
121
0.0
131
0.0
112
0.0
122
1.0
132
0.0
 79
     0
146
0.0
 60
     3
 61
     5
292
     1
282
     1
141
0.0
142
0.0
 63
   250
421
  3355443
  0
ENDTAB
  0
TABLE
  2
LTYPE
  5
5
330
0
100
AcDbSymbolTable
 70
     1
  0
LTYPE
  5
5B
330
5
100
AcDbSymbolTableRecord
100
AcDbLinetypeTableRecord
  2
ByBlock
 70
     0
  3

 72
    65
 73
     0
 40
0.0
  0
LTYPE
  5
5C
330
5
100
AcDbSymbolTableRecord
100
AcDbLinetypeTableRecord
  2
ByLayer
 70
     0
  3

 72
    65
 73
     0
 40
0.0
  0
LTYPE
  5
5D
330
5
100
AcDbSymbolTableRecord
100
AcDbLinetypeTableRecord
  2
Continuous
 70
     0
  3
Solid line
 72
    65
 73
     0
 40
0.0
  0
ENDTAB
  0
TABLE
  2
LAYER
  5
2
330
0
100
AcDbSymbolTable
 70
     3
  0
LAYER
  5
54
330
2
100
AcDbSymbolTableRecord
100
AcDbLayerTableRecord
  2
0
 70
     0
 62
     7
  6
Continuous
370
    -3
390
F
347
21
348
0
  0
LAYER
  5
78
330
2
100
AcDbSymbolTableRecord
100
AcDbLayerTableRecord
  2
Stroke
 70
     1
 62
     7
  6
Continuous
370
     0
390
F
347
21
348
0
  0
LAYER
  5
7D
330
2
100
AcDbSymbolTableRecord
100
AcDbLayerTableRecord
  2
Outlines
 70
     0
 62
     7
  6
Continuous
370
     0
390
F
347
21
348
0
  0
ENDTAB
  0
TABLE
  2
STYLE
  5
3
330
0
100
AcDbSymbolTable
 70
     2
  0
STYLE
  5
55
330
3
100
AcDbSymbolTableRecord
100
AcDbTextStyleTableRecord
  2
Standard
 70
     0
 40
0.0
 41
1.0
 50
0.0
 71
     0
 42
0.2
  3
txt
  4

  0
STYLE
  5
5A
330
3
100
AcDbSymbolTableRecord
100
AcDbTextStyleTableRecord
  2
Annotative
 70
     0
 40
0.0
 41
1.0
 50
0.0
 71
     0
 42
0.2
  3
txt
  4

1001
AcadAnnotative
1000
AnnotativeData
1002
{
1070
     1
1070
     1
1002
}
  0
ENDTAB
  0
TABLE
  2
VIEW
  5
6
330
0
100
AcDbSymbolTable
 70
     0
  0
ENDTAB
  0
TABLE
  2
UCS
  5
7
330
0
100
AcDbSymbolTable
 70
     0
  0
ENDTAB
  0
TABLE
  2
APPID
  5
9
330
0
100
AcDbSymbolTable
 70
     2
  0
APPID
  5
56
330
9
100
AcDbSymbolTableRecord
100
AcDbRegAppTableRecord
  2
ACAD
 70
     0
  0
APPID
  5
5E
330
9
100
AcDbSymbolTableRecord
100
AcDbRegAppTableRecord
  2
AcadAnnotative
 70
     0
  0
ENDTAB
  0
TABLE
  2
DIMSTYLE
  5
A
330
0
100
AcDbSymbolTable
 70
     2
100
AcDbDimStyleTable
 71
     0
  0
DIMSTYLE
105
58
330
A
100
AcDbSymbolTableRecord
100
AcDbDimStyleTableRecord
  2
Standard
 70
     0
340
55
  0
DIMSTYLE
105
59
330
A
100
AcDbSymbolTableRecord
100
AcDbDimStyleTableRecord
  2
Annotative
 70
     0
340
55
1001
AcadAnnotative
1000
AnnotativeData
1002
{
1070
     1
1070
     1
1002
}
  0
ENDTAB
  0
TABLE
  2
BLOCK_RECORD
  5
1
330
0
100
AcDbSymbolTable
 70
     3
  0
BLOCK_RECORD
  5
70
330
1
100
AcDbSymbolTableRecord
100
AcDbBlockTableRecord
  2
*Model_Space
340
73
 70
     0
280
     1
281
     0
  0
BLOCK_RECORD
  5
6C
330
1
100
AcDbSymbolTableRecord
100
AcDbBlockTableRecord
  2
*Paper_Space
340
6F
 70
     0
280
     1
281
     0
  0
BLOCK_RECORD
  5
74
330
1
100
AcDbSymbolTableRecord
100
AcDbBlockTableRecord
  2
*Paper_Space0
340
77
 70
     0
280
     1
281
     0
  0
BLOCK_RECORD
  5
82
330
1
100
AcDbSymbolTableRecord
100
AcDbBlockTableRecord
  2
Block_0
340
0
102
{BLKREFS
331
83
102
}
 70
     0
280
     1
281
     0
  0
BLOCK_RECORD
  5
8A
330
1
100
AcDbSymbolTableRecord
100
AcDbBlockTableRecord
  2
Block_1
340
0
102
{BLKREFS
331
8B
102
}
 70
     0
280
     1
281
     0
  0
ENDTAB
  0
ENDSEC
  0
SECTION
  2
BLOCKS
  0
BLOCK
  5
71
330
70
100
AcDbEntity
  8
0
100
AcDbBlockBegin
  2
*Model_Space
 70
     0
 10
0.0
 20
0.0
 30
0.0
  3
*Model_Space
  1

  0
ENDBLK
  5
72
330
70
100
AcDbEntity
  8
0
100
AcDbBlockEnd
  0
BLOCK
  5
6D
330
6C
100
AcDbEntity
 67
     1
  8
0
100
AcDbBlockBegin
  2
*Paper_Space
 70
     0
 10
0.0
 20
0.0
 30
0.0
  3
*Paper_Space
  1

  0
ENDBLK
  5
6E
330
6C
100
AcDbEntity
 67
     1
  8
0
100
AcDbBlockEnd
  0
BLOCK
  5
75
330
74
100
AcDbEntity
 67
     1
  8
0
100
AcDbBlockBegin
  2
*Paper_Space0
 70
     0
 10
0.0
 20
0.0
 30
0.0
  3
*Paper_Space0
  1

  0
ENDBLK
  5
76
330
74
100
AcDbEntity
 67
     1
  8
0
100
AcDbBlockEnd
  0
BLOCK
  5
84
330
82
100
AcDbEntity
  8
0
100
AcDbBlockBegin
  2
Block_0
 70
     0
 10
0.0
 20
0.0
 30
0.0
  3
Block_0
  1

  0
SPLINE
  5
86
330
82
100
AcDbEntity
  8
Outlines
100
AcDbSpline
210
0.0
220
0.0
230
1.0
 70
     9
 71
     3
 72
   119
 73
   115
 74
     0
 42
0.0000000001
 43
0.0000000001
 40
0.0
 40
0.0
 40
0.0
 40
0.0
 40
1.0
 40
1.0
 40
1.0
 40
2.0
 40
2.0
 40
2.0
 40
3.0
 40
3.0
 40
3.0
 40
4.0
 40
4.0
 40
4.0
 40
5.0
 40
5.0
 40
5.0
 40
6.0
 40
6.0
 40
6.0
 40
7.0
 40
7.0
 40
7.0
 40
8.0
 40
8.0
 40
8.0
 40
9.0
 40
9.0
 40
9.0
 40
10.0
 40
10.0
 40
10.0
 40
11.0
 40
11.0
 40
11.0
 40
12.0
 40
12.0
 40
12.0
 40
13.0
 40
13.0
 40
13.0
 40
14.0
 40
14.0
 40
14.0
 40
15.0
 40
15.0
 40
15.0
 40
16.0
 40
16.0
 40
16.0
 40
17.0
 40
17.0
 40
17.0
 40
18.0
 40
18.0
 40
18.0
 40
19.0
 40
19.0
 40
19.0
 40
20.0
 40
20.0
 40
20.0
 40
21.0
 40
21.0
 40
21.0
 40
22.0
 40
22.0
 40
22.0
 40
23.0
 40
23.0
 40
23.0
 40
24.0
 40
24.0
 40
24.0
 40
25.0
 40
25.0
 40
25.0
 40
26.0
 40
26.0
 40
26.0
 40
27.0
 40
27.0
 40
27.0
 40
28.0
 40
28.0
 40
28.0
 40
29.0
 40
29.0
 40
29.0
 40
30.0
 40
30.0
 40
30.0
 40
31.0
 40
31.0
 40
31.0
 40
32.0
 40
32.0
 40
32.0
 40
33.0
 40
33.0
 40
33.0
 40
34.0
 40
34.0
 40
34.0
 40
35.0
 40
35.0
 40
35.0
 40
36.0
 40
36.0
 40
36.0
 40
37.0
 40
37.0
 40
37.0
 40
38.0
 40
38.0
 40
38.0
 40
38.0
 10
2.616722275821513
 20
-4.377682833106968
 30
0.0
 10
2.616722275821513
 20
-4.377682833106968
 30
0.0
 10
2.589161511939515
 20
-4.355634222001369
 30
0.0
 10
2.589161511939515
 20
-4.355634222001369
 30
0.0
 10
2.629124619568413
 20
-4.305335827916722
 30
0.0
 10
2.642388237186625
 20
-4.276052516292097
 30
0.0
 10
2.656685383450412
 20
-4.245391166473374
 30
0.0
 10
2.671154784488461
 20
-4.213696288009075
 30
0.0
 10
2.685968695075035
 20
-4.180967880899202
 30
0.0
 10
2.728860133866396
 20
-4.127224391329304
 30
0.0
 10
2.770545789237919
 20
-4.074858939953507
 30
0.0
 10
2.79345567421483
 20
-4.049365233362658
 30
0.0
 10
2.815676540094692
 20
-4.024905055417384
 30
0.0
 10
2.838586425071603
 20
-3.999411348826536
 30
0.0
 10
2.860118271854414
 20
-3.975640189978312
 30
0.0
 10
2.901459417677413
 20
-3.923619248151039
 30
0.0
 10
2.941939289629098
 20
-3.872804089743604
 30
0.0
 10
2.962954372089122
 20
-3.846965873604231
 30
0.0
 10
2.983452690226359
 20
-3.821816676561907
 30
0.0
 10
3.004812282234908
 20
-3.795633950874008
 30
0.0
 10
3.025827364694932
 20
-3.770140244283159
 30
0.0
 10
3.067685274840717
 20
-3.717258028584574
 30
0.0
 10
3.108165146792403
 20
-3.666442870177139
 30
0.0
 10
3.123323566927502
 20
-3.638020832423828
 30
0.0
 10
3.139515515708176
 20
-3.608048501702154
 30
0.0
 10
3.155535209714588
 20
-3.578076170980481
 30
0.0
 10
3.172071668043787
 20
-3.547070311613232
 30
0.0
 10
3.21444634251236
 20
-3.49367133159186
 30
0.0
 10
3.255959743109621
 20
-3.441305880216062
 30
0.0
 10
3.278525118538007
 20
-3.415812173625213
 30
0.0
 10
3.300401474869344
 20
-3.391007486131414
 30
0.0
 10
3.321761066877893
 20
-3.366719562960403
 30
0.0
 10
3.343981932757754
 20
-3.341398111143817
 30
0.0
 10
3.38515082380649
 20
-3.289721678865069
 30
0.0
 10
3.426491969629488
 20
-3.237700737037797
 30
0.0
 10
3.446129013895412
 20
-3.21100124702711
 30
0.0
 10
3.465766058161336
 20
-3.184129502242162
 30
0.0
 10
3.485575357201522
 20
-3.156913247908688
 30
0.0
 10
3.505384656241709
 20
-3.129696993575214
 30
0.0
 10
3.547242566387494
 20
-3.077159287425154
 30
0.0
 10
3.590306259953118
 20
-3.023071288306732
 30
0.0
 10
3.619589571577741
 20
-3.001367186749658
 30
0.0
 10
3.648011609331052
 20
-2.980524359063896
 30
0.0
 10
3.675916882761576
 20
-2.960198295700923
 30
0.0
 10
3.702099608449475
 20
-2.941078015757786
 30
0.0
 10
3.742234970852635
 20
-2.890435112124613
 30
0.0
 10
3.782887097578583
 20
-2.839447698942915
 30
0.0
 10
3.797011989068108
 20
-2.810164387318292
 30
0.0
 10
3.811998154428945
 20
-2.779158527951044
 30
0.0
 10
3.827156574564044
 20
-2.747980413809532
 30
0.0
 10
3.84283175902193
 20
-2.715596516248184
 30
0.0
 10
3.885723197813291
 20
-2.661508517129761
 30
0.0
 10
3.927753362733339
 20
-2.608798556205439
 30
0.0
 10
3.949801973838938
 20
-2.583132594840328
 30
0.0
 10
3.971850584944537
 20
-2.557466633475216
 30
0.0
 10
3.988731552822261
 20
-2.53765733443503
 30
0.0
 10
4.00595703024851
 20
-2.518020290169106
 30
0.0
 10
4.032139755936409
 20
-2.485464137833495
 30
0.0
 10
4.032139755936409
 20
-2.485464137833495
 30
0.0
 10
4.059700519818408
 20
-2.507685003713356
 30
0.0
 10
4.059700519818408
 20
-2.507685003713356
 30
0.0
 10
4.032828775033459
 20
-2.540585665597492
 30
0.0
 10
4.01560329760721
 20
-2.560567219411941
 30
0.0
 10
3.998377820180961
 20
-2.58054877322639
 30
0.0
 10
3.976673718623887
 20
-2.605870225042977
 30
0.0
 10
3.954969617066813
 20
-2.631191676859563
 30
0.0
 10
3.91328396169529
 20
-2.68355712823536
 30
0.0
 10
3.872976344517867
 20
-2.734372286642795
 30
0.0
 10
3.85867919825408
 20
-2.763655598267419
 30
0.0
 10
3.843693032893243
 20
-2.794489202860405
 30
0.0
 10
3.828534612758144
 20
-2.825839571776178
 30
0.0
 10
3.812859428300257
 20
-2.858223469337527
 30
0.0
 10
3.769795734734634
 20
-2.912483723230212
 30
0.0
 10
3.726732041169011
 20
-2.966571722348635
 30
0.0
 10
3.697448729544388
 20
-2.988275823905708
 30
0.0
 10
3.669026691791076
 20
-3.00911865159147
 30
0.0
 10
3.641121418360553
 20
-3.029444714954444
 30
0.0
 10
3.614938692672654
 20
-3.048564994897581
 30
0.0
 10
3.574803330269493
 20
-3.099207898530753
 30
0.0
 10
3.533462184446495
 20
-3.151228840358026
 30
0.0
 10
3.513825140180571
 20
-3.178100585142975
 30
0.0
 10
3.494188095914647
 20
-3.204800075153661
 30
0.0
 10
3.47437879687446
 20
-3.232016329487135
 30
0.0
 10
3.454569497834274
 20
-3.259232583820608
 30
0.0
 10
3.412711587688488
 20
-3.311770289970668
 30
0.0
 10
3.371198187091228
 20
-3.364135741346466
 30
0.0
 10
3.348632811662842
 20
-3.389629447937315
 30
0.0
 10
3.326756455331505
 20
-3.414434135431113
 30
0.0
 10
3.305396863322956
 20
-3.438722058602125
 30
0.0
 10
3.283175997443095
 20
-3.464043510418711
 30
0.0
 10
3.242007106394359
 20
-3.515719942697459
 30
0.0
 10
3.201699489216936
 20
-3.566362846330631
 30
0.0
 10
3.186541069081837
 20
-3.594784884083942
 30
0.0
 10
3.170521375075425
 20
-3.624584960031353
 30
0.0
 10
3.154501681069013
 20
-3.65472954552729
 30
0.0
 10
3.137792967965551
 20
-3.685907659668801
 30
0.0
 10
3.095246038722716
 20
-3.739306639690173
 30
0.0
 10
3.053215873802668
 20
-3.792188855388758
 30
0.0
 10
3.032200791342644
 20
-3.81785481675387
 30
0.0
 10
3.010841199334095
 20
-3.844037542441768
 30
0.0
 10
2.990342881196858
 20
-3.869186739484092
 30
0.0
 10
2.969500053511097
 20
-3.895024955623465
 30
0.0
 10
2.929020181559411
 20
-3.945667859256639
 30
0.0
 10
2.887162271413626
 20
-3.998377820180961
 30
0.0
 10
2.864080131662452
 20
-4.023871526771809
 30
0.0
 10
2.84185926578259
 20
-4.048676214265609
 30
0.0
 10
2.819982909451254
 20
-4.072791882662357
 30
0.0
 10
2.797417534022867
 20
-4.097596570156156
 30
0.0
 10
2.756420897748395
 20
-4.149273002434903
 30
0.0
 10
2.716285535345234
 20
-4.199571396519552
 30
0.0
 10
2.702849662952759
 20
-4.228854708144175
 30
0.0
 10
2.688724771463235
 20
-4.259860567511424
 30
0.0
 10
2.674255370425186
 20
-4.291555445975722
 30
0.0
 10
2.659441459838611
 20
-4.32393934353707
 30
0.0
 10
2.616722275821513
 20
-4.377682833106968
 30
0.0
  0
HATCH
  5
87
330
82
100
AcDbEntity
  8
Outlines
 62
   250
420
  2301728
440
 33554687
100
AcDbHatch
 10
0.0
 20
0.0
 30
0.0
210
0.0
220
0.0
230
1.0
  2
SOLID
 70
     1
 71
     1
 91
        1
 92
        1
 93
        1
 72
     4
 94
        3
 73
     0
 74
     0
 95
      119
 96
      115
 40
0.0
 40
0.0
 40
0.0
 40
0.0
 40
1.0
 40
1.0
 40
1.0
 40
2.0
 40
2.0
 40
2.0
 40
3.0
 40
3.0
 40
3.0
 40
4.0
 40
4.0
 40
4.0
 40
5.0
 40
5.0
 40
5.0
 40
6.0
 40
6.0
 40
6.0
 40
7.0
 40
7.0
 40
7.0
 40
8.0
 40
8.0
 40
8.0
 40
9.0
 40
9.0
 40
9.0
 40
10.0
 40
10.0
 40
10.0
 40
11.0
 40
11.0
 40
11.0
 40
12.0
 40
12.0
 40
12.0
 40
13.0
 40
13.0
 40
13.0
 40
14.0
 40
14.0
 40
14.0
 40
15.0
 40
15.0
 40
15.0
 40
16.0
 40
16.0
 40
16.0
 40
17.0
 40
17.0
 40
17.0
 40
18.0
 40
18.0
 40
18.0
 40
19.0
 40
19.0
 40
19.0
 40
20.0
 40
20.0
 40
20.0
 40
21.0
 40
21.0
 40
21.0
 40
22.0
 40
22.0
 40
22.0
 40
23.0
 40
23.0
 40
23.0
 40
24.0
 40
24.0
 40
24.0
 40
25.0
 40
25.0
 40
25.0
 40
26.0
 40
26.0
 40
26.0
 40
27.0
 40
27.0
 40
27.0
 40
28.0
 40
28.0
 40
28.0
 40
29.0
 40
29.0
 40
29.0
 40
30.0
 40
30.0
 40
30.0
 40
31.0
 40
31.0
 40
31.0
 40
32.0
 40
32.0
 40
32.0
 40
33.0
 40
33.0
 40
33.0
 40
34.0
 40
34.0
 40
34.0
 40
35.0
 40
35.0
 40
35.0
 40
36.0
 40
36.0
 40
36.0
 40
37.0
 40
37.0
 40
37.0
 40
38.0
 40
38.0
 40
38.0
 40
38.0
 10
2.616722275821513
 20
-4.377682833106968
 10
2.616722275821513
 20
-4.377682833106968
 10
2.589161511939515
 20
-4.355634222001369
 10
2.589161511939515
 20
-4.355634222001369
 10
2.629124619568413
 20
-4.305335827916722
 10
2.642388237186625
 20
-4.276052516292097
 10
2.656685383450412
 20
-4.245391166473374
 10
2.671154784488461
 20
-4.213696288009075
 10
2.685968695075035
 20
-4.180967880899202
 10
2.728860133866396
 20
-4.127224391329304
 10
2.770545789237919
 20
-4.074858939953507
 10
2.79345567421483
 20
-4.049365233362658
 10
2.815676540094692
 20
-4.024905055417384
 10
2.838586425071603
 20
-3.999411348826536
 10
2.860118271854414
 20
-3.975640189978312
 10
2.901459417677413
 20
-3.923619248151039
 10
2.941939289629098
 20
-3.872804089743604
 10
2.962954372089122
 20
-3.846965873604231
 10
2.983452690226359
 20
-3.821816676561907
 10
3.004812282234908
 20
-3.795633950874008
 10
3.025827364694932
 20
-3.770140244283159
 10
3.067685274840717
 20
-3.717258028584574
 10
3.108165146792403
 20
-3.666442870177139
 10
3.123323566927502
 20
-3.638020832423828
 10
3.139515515708176
 20
-3.608048501702154
 10
3.155535209714588
 20
-3.578076170980481
 10
3.172071668043787
 20
-3.547070311613232
 10
3.21444634251236
 20
-3.49367133159186
 10
3.255959743109621
 20
-3.441305880216062
 10
3.278525118538007
 20
-3.415812173625213
 10
3.300401474869344
 20
-3.391007486131414
 10
3.321761066877893
 20
-3.366719562960403
 10
3.343981932757754
 20
-3.341398111143817
 10
3.38515082380649
 20
-3.289721678865069
 10
3.426491969629488
 20
-3.237700737037797
 10
3.446129013895412
 20
-3.21100124702711
 10
3.465766058161336
 20
-3.184129502242162
 10
3.485575357201522
 20
-3.156913247908688
 10
3.505384656241709
 20
-3.129696993575214
 10
3.547242566387494
 20
-3.077159287425154
 10
3.590306259953118
 20
-3.023071288306732
 10
3.619589571577741
 20
-3.001367186749658
 10
3.648011609331052
 20
-2.980524359063896
 10
3.675916882761576
 20
-2.960198295700923
 10
3.702099608449475
 20
-2.941078015757786
 10
3.742234970852635
 20
-2.890435112124613
 10
3.782887097578583
 20
-2.839447698942915
 10
3.797011989068108
 20
-2.810164387318292
 10
3.811998154428945
 20
-2.779158527951044
 10
3.827156574564044
 20
-2.747980413809532
 10
3.84283175902193
 20
-2.715596516248184
 10
3.885723197813291
 20
-2.661508517129761
 10
3.927753362733339
 20
-2.608798556205439
 10
3.949801973838938
 20
-2.583132594840328
 10
3.971850584944537
 20
-2.557466633475216
 10
3.988731552822261
 20
-2.53765733443503
 10
4.00595703024851
 20
-2.518020290169106
 10
4.032139755936409
 20
-2.485464137833495
 10
4.032139755936409
 20
-2.485464137833495
 10
4.059700519818408
 20
-2.507685003713356
 10
4.059700519818408
 20
-2.507685003713356
 10
4.032828775033459
 20
-2.540585665597492
 10
4.01560329760721
 20
-2.560567219411941
 10
3.998377820180961
 20
-2.58054877322639
 10
3.976673718623887
 20
-2.605870225042977
 10
3.954969617066813
 20
-2.631191676859563
 10
3.91328396169529
 20
-2.68355712823536
 10
3.872976344517867
 20
-2.734372286642795
 10
3.85867919825408
 20
-2.763655598267419
 10
3.843693032893243
 20
-2.794489202860405
 10
3.828534612758144
 20
-2.825839571776178
 10
3.812859428300257
 20
-2.858223469337527
 10
3.769795734734634
 20
-2.912483723230212
 10
3.726732041169011
 20
-2.966571722348635
 10
3.697448729544388
 20
-2.988275823905708
 10
3.669026691791076
 20
-3.00911865159147
 10
3.641121418360553
 20
-3.029444714954444
 10
3.614938692672654
 20
-3.048564994897581
 10
3.574803330269493
 20
-3.099207898530753
 10
3.533462184446495
 20
-3.151228840358026
 10
3.513825140180571
 20
-3.178100585142975
 10
3.494188095914647
 20
-3.204800075153661
 10
3.47437879687446
 20
-3.232016329487135
 10
3.454569497834274
 20
-3.259232583820608
 10
3.412711587688488
 20
-3.311770289970668
 10
3.371198187091228
 20
-3.364135741346466
 10
3.348632811662842
 20
-3.389629447937315
 10
3.326756455331505
 20
-3.414434135431113
 10
3.305396863322956
 20
-3.438722058602125
 10
3.283175997443095
 20
-3.464043510418711
 10
3.242007106394359
 20
-3.515719942697459
 10
3.201699489216936
 20
-3.566362846330631
 10
3.186541069081837
 20
-3.594784884083942
 10
3.170521375075425
 20
-3.624584960031353
 10
3.154501681069013
 20
-3.65472954552729
 10
3.137792967965551
 20
-3.685907659668801
 10
3.095246038722716
 20
-3.739306639690173
 10
3.053215873802668
 20
-3.792188855388758
 10
3.032200791342644
 20
-3.81785481675387
 10
3.010841199334095
 20
-3.844037542441768
 10
2.990342881196858
 20
-3.869186739484092
 10
2.969500053511097
 20
-3.895024955623465
 10
2.929020181559411
 20
-3.945667859256639
 10
2.887162271413626
 20
-3.998377820180961
 10
2.864080131662452
 20
-4.023871526771809
 10
2.84185926578259
 20
-4.048676214265609
 10
2.819982909451254
 20
-4.072791882662357
 10
2.797417534022867
 20
-4.097596570156156
 10
2.756420897748395
 20
-4.149273002434903
 10
2.716285535345234
 20
-4.199571396519552
 10
2.702849662952759
 20
-4.228854708144175
 10
2.688724771463235
 20
-4.259860567511424
 10
2.674255370425186
 20
-4.291555445975722
 10
2.659441459838611
 20
-4.32393934353707
 10
2.616722275821513
 20
-4.377682833106968
 97
        0
 97
        1
330
86
 75
     2
 76
     1
 98
        1
 10
0.0
 20
0.0
450
        0
451
        0
460
0.0
461
0.0
452
        0
462
0.0
453
        0
470

  0
LWPOLYLINE
  5
88
330
82
100
AcDbEntity
  8
Outlines
100
AcDbPolyline
 90
        6
 70
     1
 43
0.0
 10
4.083000669518257
 20
-2.677167048049902
 10
4.047754045640114
 20
-2.67925479610007
 10
4.037659646720246
 20
-2.505606844063709
 10
3.865189553989926
 20
-2.528362978197187
 10
3.860604279930506
 20
-2.493353541068759
 10
4.070658884090435
 20
-2.465680576078915
  0
HATCH
  5
89
330
82
100
AcDbEntity
  8
Outlines
 62
   250
420
  2301728
440
 33554687
100
AcDbHatch
 10
0.0
 20
0.0
 30
0.0
210
0.0
220
0.0
230
1.0
  2
SOLID
 70
     1
 71
     1
 91
        1
 92
        1
 93
        6
 72
     1
 10
4.083000669518257
 20
-2.677167048049902
 11
4.047754045640114
 21
-2.67925479610007
 72
     1
 10
4.047754045640114
 20
-2.67925479610007
 11
4.037659646720246
 21
-2.505606844063709
 72
     1
 10
4.037659646720246
 20
-2.505606844063709
 11
3.865189553989926
 21
-2.528362978197187
 72
     1
 10
3.865189553989926
 20
-2.528362978197187
 11
3.860604279930506
 21
-2.493353541068759
 72
     1
 10
3.860604279930506
 20
-2.493353541068759
 11
4.070658884090435
 21
-2.465680576078915
 72
     1
 10
4.070658884090435
 20
-2.465680576078915
 11
4.083000669518257
 21
-2.677167048049902
 97
        1
330
88
 75
     2
 76
     1
 98
        1
 10
0.0
 20
0.0
450
        0
451
        0
460
0.0
461
0.0
452
        0
462
0.0
453
        0
470

  0
ENDBLK
  5
85
330
82
100
AcDbEntity
  8
0
100
AcDbBlockEnd
  0
BLOCK
  5
8C
330
8A
100
AcDbEntity
  8
0
100
AcDbBlockBegin
  2
Block_1
 70
     0
 10
0.0
 20
0.0
 30
0.0
  3
Block_1
  1

  0
SPLINE
  5
8E
330
8A
100
AcDbEntity
  8
Outlines
100
AcDbSpline
210
0.0
220
0.0
230
1.0
 70
     9
 71
     3
 72
    95
 73
    91
 74
     0
 42
0.0000000001
 43
0.0000000001
 40
0.0
 40
0.0
 40
0.0
 40
0.0
 40
1.0
 40
1.0
 40
1.0
 40
2.0
 40
2.0
 40
2.0
 40
3.0
 40
3.0
 40
3.0
 40
4.0
 40
4.0
 40
4.0
 40
5.0
 40
5.0
 40
5.0
 40
6.0
 40
6.0
 40
6.0
 40
7.0
 40
7.0
 40
7.0
 40
8.0
 40
8.0
 40
8.0
 40
9.0
 40
9.0
 40
9.0
 40
10.0
 40
10.0
 40
10.0
 40
11.0
 40
11.0
 40
11.0
 40
12.0
 40
12.0
 40
12.0
 40
13.0
 40
13.0
 40
13.0
 40
14.0
 40
14.0
 40
14.0
 40
15.0
 40
15.0
 40
15.0
 40
16.0
 40
16.0
 40
16.0
 40
17.0
 40
17.0
 40
17.0
 40
18.0
 40
18.0
 40
18.0
 40
19.0
 40
19.0
 40
19.0
 40
20.0
 40
20.0
 40
20.0
 40
21.0
 40
21.0
 40
21.0
 40
22.0
 40
22.0
 40
22.0
 40
23.0
 40
23.0
 40
23.0
 40
24.0
 40
24.0
 40
24.0
 40
25.0
 40
25.0
 40
25.0
 40
26.0
 40
26.0
 40
26.0
 40
27.0
 40
27.0
 40
27.0
 40
28.0
 40
28.0
 40
28.0
 40
29.0
 40
29.0
 40
29.0
 40
30.0
 40
30.0
 40
30.0
 40
30.0
 10
3.22271457167696
 20
-4.488614907732013
 30
0.0
 10
3.22271457167696
 20
-4.488614907732013
 30
0.0
 10
3.195153807794961
 20
-4.466566296626414
 30
0.0
 10
3.195153807794961
 20
-4.466566296626414
 30
0.0
 10
3.235978189295172
 20
-4.415234373896191
 30
0.0
 10
3.26009385769192
 20
-4.391807724596493
 30
0.0
 10
3.283348252217357
 20
-4.369070094393843
 30
0.0
 10
3.306947156291319
 20
-4.345987954642669
 30
0.0
 10
3.32916802217118
 20
-4.324283853085596
 30
0.0
 10
3.368786620251553
 20
-4.274674478097998
 30
0.0
 10
3.409611001751764
 20
-4.223342555367775
 30
0.0
 10
3.431315103308838
 20
-4.198193358325451
 30
0.0
 10
3.452502440543124
 20
-4.174077689928703
 30
0.0
 10
3.473517523003148
 20
-4.149962021531954
 30
0.0
 10
3.494704860237435
 20
-4.12550184358668
 30
0.0
 10
3.534667967866333
 20
-4.075203449502033
 30
0.0
 10
3.574286565946706
 20
-4.02524956496591
 30
0.0
 10
3.59047851472738
 20
-3.998722329729486
 30
0.0
 10
3.607703992153629
 20
-3.970472546750437
 30
0.0
 10
3.624584960031353
 20
-3.942911782868439
 30
0.0
 10
3.642154947006128
 20
-3.91397298079234
 30
0.0
 10
3.683151583280601
 20
-3.862468803287855
 30
0.0
 10
3.724148219555074
 20
-3.810792371009107
 30
0.0
 10
3.747574868854773
 20
-3.786504447838096
 30
0.0
 10
3.770140244283159
 20
-3.763077798538397
 30
0.0
 10
3.792016600614496
 20
-3.740167913561486
 30
0.0
 10
3.814754230817145
 20
-3.716396754713262
 30
0.0
 10
3.854717338446043
 20
-3.666270615402877
 30
0.0
 10
3.894335936526416
 20
-3.616488985641016
 30
0.0
 10
3.909494356661515
 20
-3.58910047653328
 30
0.0
 10
3.925686305442189
 20
-3.559989419682919
 30
0.0
 10
3.941878254222864
 20
-3.53105061760682
 30
0.0
 10
3.958759222100588
 20
-3.501078286885147
 30
0.0
 10
4.000100367923586
 20
-3.448885090283612
 30
0.0
 10
4.040407985101009
 20
-3.398242186650439
 30
0.0
 10
4.058666991172833
 20
-3.370853677542703
 30
0.0
 10
4.076581487696132
 20
-3.344498697080541
 30
0.0
 10
4.094840493767956
 20
-3.317454697521331
 30
0.0
 10
4.11378851893683
 20
-3.289377169316544
 30
0.0
 10
4.154785155211303
 20
-3.237700737037797
 30
0.0
 10
4.197848848776926
 20
-3.183784992693637
 30
0.0
 10
4.217830402591375
 20
-3.158291286102788
 30
0.0
 10
4.2388454850514
 20
-3.131075031769314
 30
0.0
 10
4.253314886089449
 20
-3.112471516148965
 30
0.0
 10
4.268473306224548
 20
-3.093006726657304
 30
0.0
 10
4.291899955524247
 20
-3.063551160258418
 30
0.0
 10
4.291899955524247
 20
-3.063551160258418
 30
0.0
 10
4.319460719406245
 20
-3.085255261815492
 30
0.0
 10
4.319460719406245
 20
-3.085255261815492
 30
0.0
 10
4.296378579655072
 20
-3.11488308298864
 30
0.0
 10
4.281220159519972
 20
-3.134175617706039
 30
0.0
 10
4.266750758481923
 20
-3.152779133326388
 30
0.0
 10
4.245391166473374
 20
-3.179995387659862
 30
0.0
 10
4.225409612658925
 20
-3.205661349024973
 30
0.0
 10
4.182345919093302
 20
-3.259749348143396
 30
0.0
 10
4.142038301915879
 20
-3.310392251776568
 30
0.0
 10
4.123779295844055
 20
-3.337780760884304
 30
0.0
 10
4.105864799320756
 20
-3.364135741346466
 30
0.0
 10
4.087605793248932
 20
-3.391179740905677
 30
0.0
 10
4.068657768080058
 20
-3.419257269110463
 30
0.0
 10
4.027661131805585
 20
-3.470933701389211
 30
0.0
 10
3.988042533725211
 20
-3.520715331151071
 30
0.0
 10
3.972884113590112
 20
-3.548103840258807
 30
0.0
 10
3.956692164809438
 20
-3.577214897109168
 30
0.0
 10
3.940500216028763
 20
-3.606153699185267
 30
0.0
 10
3.923619248151039
 20
-3.63612602990694
 30
0.0
 10
3.882278102328042
 20
-3.688319226508475
 30
0.0
 10
3.841281466053568
 20
-3.739651149238698
 30
0.0
 10
3.818027071528132
 20
-3.763939072409709
 30
0.0
 10
3.795633950874008
 20
-3.787365721709408
 30
0.0
 10
3.772551811122834
 20
-3.811481390106157
 30
0.0
 10
3.75084770956576
 20
-3.834046765534544
 30
0.0
 10
3.7107123471626
 20
-3.884345159619191
 30
0.0
 10
3.671093749082226
 20
-3.934299044155314
 30
0.0
 10
3.654901800301552
 20
-3.960826279391738
 30
0.0
 10
3.637848577649565
 20
-3.989076062370786
 30
0.0
 10
3.620795354997579
 20
-4.01698133580131
 30
0.0
 10
3.603225368022804
 20
-4.045575628328884
 30
0.0
 10
3.562228731748331
 20
-4.097252060607631
 30
0.0
 10
3.521921114570908
 20
-4.147894964240804
 30
0.0
 10
3.500389267788097
 20
-4.172699651734602
 30
0.0
 10
3.479029675779548
 20
-4.197159829679876
 30
0.0
 10
3.457325574222474
 20
-4.2223090267222
 30
0.0
 10
3.436655001310975
 20
-4.245735676021899
 30
0.0
 10
3.396347384133552
 20
-4.296723089203597
 30
0.0
 10
3.355523002633341
 20
-4.348055011933819
 30
0.0
 10
3.331407334236592
 20
-4.371481661233518
 30
0.0
 10
3.308152939711156
 20
-4.394219291436167
 30
0.0
 10
3.284554035637194
 20
-4.417301431187341
 30
0.0
 10
3.262333169757333
 20
-4.439005532744415
 30
0.0
 10
3.22271457167696
 20
-4.488614907732013
 30
0.0
  0
HATCH
  5
8F
330
8A
100
AcDbEntity
  8
Outlines
 62
   250
420
  2301728
440
 33554687
100
AcDbHatch
 10
0.0
 20
0.0
 30
0.0
210
0.0
220
0.0
230
1.0
  2
SOLID
 70
     1
 71
     1
 91
        1
 92
        1
 93
        1
 72
     4
 94
        3
 73
     0
 74
     0
 95
       95
 96
       91
 40
0.0
 40
0.0
 40
0.0
 40
0.0
 40
1.0
 40
1.0
 40
1.0
 40
2.0
 40
2.0
 40
2.0
 40
3.0
 40
3.0
 40
3.0
 40
4.0
 40
4.0
 40
4.0
 40
5.0
 40
5.0
 40
5.0
 40
6.0
 40
6.0
 40
6.0
 40
7.0
 40
7.0
 40
7.0
 40
8.0
 40
8.0
 40
8.0
 40
9.0
 40
9.0
 40
9.0
 40
10.0
 40
10.0
 40
10.0
 40
11.0
 40
11.0
 40
11.0
 40
12.0
 40
12.0
 40
12.0
 40
13.0
 40
13.0
 40
13.0
 40
14.0
 40
14.0
 40
14.0
 40
15.0
 40
15.0
 40
15.0
 40
16.0
 40
16.0
 40
16.0
 40
17.0
 40
17.0
 40
17.0
 40
18.0
 40
18.0
 40
18.0
 40
19.0
 40
19.0
 40
19.0
 40
20.0
 40
20.0
 40
20.0
 40
21.0
 40
21.0
 40
21.0
 40
22.0
 40
22.0
 40
22.0
 40
23.0
 40
23.0
 40
23.0
 40
24.0
 40
24.0
 40
24.0
 40
25.0
 40
25.0
 40
25.0
 40
26.0
 40
26.0
 40
26.0
 40
27.0
 40
27.0
 40
27.0
 40
28.0
 40
28.0
 40
28.0
 40
29.0
 40
29.0
 40
29.0
 40
30.0
 40
30.0
 40
30.0
 40
30.0
 10
3.22271457167696
 20
-4.488614907732013
 10
3.22271457167696
 20
-4.488614907732013
 10
3.195153807794961
 20
-4.466566296626414
 10
3.195153807794961
 20
-4.466566296626414
 10
3.235978189295172
 20
-4.415234373896191
 10
3.26009385769192
 20
-4.391807724596493
 10
3.283348252217357
 20
-4.369070094393843
 10
3.306947156291319
 20
-4.345987954642669
 10
3.32916802217118
 20
-4.324283853085596
 10
3.368786620251553
 20
-4.274674478097998
 10
3.409611001751764
 20
-4.223342555367775
 10
3.431315103308838
 20
-4.198193358325451
 10
3.452502440543124
 20
-4.174077689928703
 10
3.473517523003148
 20
-4.149962021531954
 10
3.494704860237435
 20
-4.12550184358668
 10
3.534667967866333
 20
-4.075203449502033
 10
3.574286565946706
 20
-4.02524956496591
 10
3.59047851472738
 20
-3.998722329729486
 10
3.607703992153629
 20
-3.970472546750437
 10
3.624584960031353
 20
-3.942911782868439
 10
3.642154947006128
 20
-3.91397298079234
 10
3.683151583280601
 20
-3.862468803287855
 10
3.724148219555074
 20
-3.810792371009107
 10
3.747574868854773
 20
-3.786504447838096
 10
3.770140244283159
 20
-3.763077798538397
 10
3.792016600614496
 20
-3.740167913561486
 10
3.814754230817145
 20
-3.716396754713262
 10
3.854717338446043
 20
-3.666270615402877
 10
3.894335936526416
 20
-3.616488985641016
 10
3.909494356661515
 20
-3.58910047653328
 10
3.925686305442189
 20
-3.559989419682919
 10
3.941878254222864
 20
-3.53105061760682
 10
3.958759222100588
 20
-3.501078286885147
 10
4.000100367923586
 20
-3.448885090283612
 10
4.040407985101009
 20
-3.398242186650439
 10
4.058666991172833
 20
-3.370853677542703
 10
4.076581487696132
 20
-3.344498697080541
 10
4.094840493767956
 20
-3.317454697521331
 10
4.11378851893683
 20
-3.289377169316544
 10
4.154785155211303
 20
-3.237700737037797
 10
4.197848848776926
 20
-3.183784992693637
 10
4.217830402591375
 20
-3.158291286102788
 10
4.2388454850514
 20
-3.131075031769314
 10
4.253314886089449
 20
-3.112471516148965
 10
4.268473306224548
 20
-3.093006726657304
 10
4.291899955524247
 20
-3.063551160258418
 10
4.291899955524247
 20
-3.063551160258418
 10
4.319460719406245
 20
-3.085255261815492
 10
4.319460719406245
 20
-3.085255261815492
 10
4.296378579655072
 20
-3.11488308298864
 10
4.281220159519972
 20
-3.134175617706039
 10
4.266750758481923
 20
-3.152779133326388
 10
4.245391166473374
 20
-3.179995387659862
 10
4.225409612658925
 20
-3.205661349024973
 10
4.182345919093302
 20
-3.259749348143396
 10
4.142038301915879
 20
-3.310392251776568
 10
4.123779295844055
 20
-3.337780760884304
 10
4.105864799320756
 20
-3.364135741346466
 10
4.087605793248932
 20
-3.391179740905677
 10
4.068657768080058
 20
-3.419257269110463
 10
4.027661131805585
 20
-3.470933701389211
 10
3.988042533725211
 20
-3.520715331151071
 10
3.972884113590112
 20
-3.548103840258807
 10
3.956692164809438
 20
-3.577214897109168
 10
3.940500216028763
 20
-3.606153699185267
 10
3.923619248151039
 20
-3.63612602990694
 10
3.882278102328042
 20
-3.688319226508475
 10
3.841281466053568
 20
-3.739651149238698
 10
3.818027071528132
 20
-3.763939072409709
 10
3.795633950874008
 20
-3.787365721709408
 10
3.772551811122834
 20
-3.811481390106157
 10
3.75084770956576
 20
-3.834046765534544
 10
3.7107123471626
 20
-3.884345159619191
 10
3.671093749082226
 20
-3.934299044155314
 10
3.654901800301552
 20
-3.960826279391738
 10
3.637848577649565
 20
-3.989076062370786
 10
3.620795354997579
 20
-4.01698133580131
 10
3.603225368022804
 20
-4.045575628328884
 10
3.562228731748331
 20
-4.097252060607631
 10
3.521921114570908
 20
-4.147894964240804
 10
3.500389267788097
 20
-4.172699651734602
 10
3.479029675779548
 20
-4.197159829679876
 10
3.457325574222474
 20
-4.2223090267222
 10
3.436655001310975
 20
-4.245735676021899
 10
3.396347384133552
 20
-4.296723089203597
 10
3.355523002633341
 20
-4.348055011933819
 10
3.331407334236592
 20
-4.371481661233518
 10
3.308152939711156
 20
-4.394219291436167
 10
3.284554035637194
 20
-4.417301431187341
 10
3.262333169757333
 20
-4.439005532744415
 10
3.22271457167696
 20
-4.488614907732013
 97
        0
 97
        1
330
8E
 75
     2
 76
     1
 98
        1
 10
0.0
 20
0.0
450
        0
451
        0
460
0.0
461
0.0
452
        0
462
0.0
453
        0
470

  0
LWPOLYLINE
  5
90
330
8A
100
AcDbEntity
  8
Outlines
100
AcDbPolyline
 90
        6
 70
     1
 43
0.0
 10
4.347655327027913
 20
-3.254625105044192
 10
4.312466569987997
 20
-3.257529212879024
 10
4.298349416505911
 20
-3.084161847721052
 10
4.126453282066395
 20
-3.110910120822105
 10
4.121057535836665
 20
-3.076016417370135
 10
4.330414373586789
 20
-3.043481460446201
  0
HATCH
  5
91
330
8A
100
AcDbEntity
  8
Outlines
 62
   250
420
  2301728
440
 33554687
100
AcDbHatch
 10
0.0
 20
0.0
 30
0.0
210
0.0
220
0.0
230
1.0
  2
SOLID
 70
     1
 71
     1
 91
        1
 92
        1
 93
        6
 72
     1
 10
4.347655327027913
 20
-3.254625105044192
 11
4.312466569987997
 21
-3.257529212879024
 72
     1
 10
4.312466569987997
 20
-3.257529212879024
 11
4.298349416505911
 21
-3.084161847721052
 72
     1
 10
4.298349416505911
 20
-3.084161847721052
 11
4.126453282066395
 21
-3.110910120822105
 72
     1
 10
4.126453282066395
 20
-3.110910120822105
 11
4.121057535836665
 21
-3.076016417370135
 72
     1
 10
4.121057535836665
 20
-3.076016417370135
 11
4.330414373586789
 21
-3.043481460446201
 72
     1
 10
4.330414373586789
 20
-3.043481460446201
 11
4.347655327027913
 21
-3.254625105044192
 97
        1
330
90
 75
     2
 76
     1
 98
        1
 10
0.0
 20
0.0
450
        0
451
        0
460
0.0
461
0.0
452
        0
462
0.0
453
        0
470

  0
ENDBLK
  5
8D
330
8A
100
AcDbEntity
  8
0
100
AcDbBlockEnd
  0
ENDSEC
  0
SECTION
  2
ENTITIES
  0
LINE
  5
79
330
70
100
AcDbEntity
  8
Stroke
 62
   250
420
  2301728
370
     5
100
AcDbLine
 10
4.643802120588391
 20
-4.116567227582994
 30
0.0
 11
2.949000430436832
 21
-2.61739569241422
 31
0.0
  0
LINE
  5
7A
330
70
100
AcDbEntity
  8
Stroke
 62
   250
420
  2301728
370
     5
100
AcDbLine
 10
4.143755198215705
 20
-4.432132995293092
 30
0.0
 11
2.624115414399526
 21
-2.993809404341352
 31
0.0
  0
LINE
  5
7B
330
70
100
AcDbEntity
  8
Stroke
 62
   250
420
  2301728
370
     5
100
AcDbLine
 10
2.582565675695371
 20
-4.350515978122101
 30
0.0
 11
4.077425951568714
 21
-2.471061946391161
 31
0.0
  0
LINE
  5
7C
330
70
100
AcDbEntity
  8
Stroke
 62
   250
420
  2301728
370
     5
100
AcDbLine
 10
3.211546636864488
 20
-4.479587655568588
 30
0.0
 11
4.344727021827952
 21
-3.054865594616933
 31
0.0
  0
LWPOLYLINE
  5
7E
330
70
100
AcDbEntity
  8
Outlines
100
AcDbPolyline
 90
       20
 70
     1
 43
0.0
 10
4.620906574365607
 20
-4.141349282818829
 10
4.43797200409884
 20
-3.970472546750437
 10
4.268128796676023
 20
-3.789605033774821
 10
4.050054252459708
 20
-3.654901800301552
 10
3.878660752068529
 20
-3.469383408420848
 10
3.680740016440926
 20
-3.31883273571543
 10
3.498149955722684
 20
-3.141410318225064
 10
3.324000378943305
 20
-2.955719671570097
 10
3.137276203642764
 20
-2.786737738018593
 10
2.918168130780874
 20
-2.657202147773199
 10
2.936082627304173
 20
-2.626885307503
 10
3.158119031328526
 20
-2.758487955039544
 10
3.348805066437104
 20
-2.930570474527774
 10
3.523299152765008
 20
-3.116777885505527
 10
3.703649901417837
 20
-3.292305500479006
 10
3.90225965614249
 20
-3.443372937507212
 10
4.074514430404982
 20
-3.629063584162178
 10
4.292244465072772
 20
-3.763766817635447
 10
4.462776691592639
 20
-3.945667859256639
 10
4.645022242762355
 20
-4.11585557622798
  0
HATCH
  5
7F
330
70
100
AcDbEntity
  8
Outlines
 62
   250
420
  2301728
440
 33554687
100
AcDbHatch
 10
0.0
 20
0.0
 30
0.0
210
0.0
220
0.0
230
1.0
  2
SOLID
 70
     1
 71
     1
 91
        1
 92
        1
 93
       20
 72
     1
 10
4.620906574365607
 20
-4.141349282818829
 11
4.43797200409884
 21
-3.970472546750437
 72
     1
 10
4.43797200409884
 20
-3.970472546750437
 11
4.268128796676023
 21
-3.789605033774821
 72
     1
 10
4.268128796676023
 20
-3.789605033774821
 11
4.050054252459708
 21
-3.654901800301552
 72
     1
 10
4.050054252459708
 20
-3.654901800301552
 11
3.878660752068529
 21
-3.469383408420848
 72
     1
 10
3.878660752068529
 20
-3.469383408420848
 11
3.680740016440926
 21
-3.31883273571543
 72
     1
 10
3.680740016440926
 20
-3.31883273571543
 11
3.498149955722684
 21
-3.141410318225064
 72
     1
 10
3.498149955722684
 20
-3.141410318225064
 11
3.324000378943305
 21
-2.955719671570097
 72
     1
 10
3.324000378943305
 20
-2.955719671570097
 11
3.137276203642764
 21
-2.786737738018593
 72
     1
 10
3.137276203642764
 20
-2.786737738018593
 11
2.918168130780874
 21
-2.657202147773199
 72
     1
 10
2.918168130780874
 20
-2.657202147773199
 11
2.936082627304173
 21
-2.626885307503
 72
     1
 10
2.936082627304173
 20
-2.626885307503
 11
3.158119031328526
 21
-2.758487955039544
 72
     1
 10
3.158119031328526
 20
-2.758487955039544
 11
3.348805066437104
 21
-2.930570474527774
 72
     1
 10
3.348805066437104
 20
-2.930570474527774
 11
3.523299152765008
 21
-3.116777885505527
 72
     1
 10
3.523299152765008
 20
-3.116777885505527
 11
3.703649901417837
 21
-3.292305500479006
 72
     1
 10
3.703649901417837
 20
-3.292305500479006
 11
3.90225965614249
 21
-3.443372937507212
 72
     1
 10
3.90225965614249
 20
-3.443372937507212
 11
4.074514430404982
 21
-3.629063584162178
 72
     1
 10
4.074514430404982
 20
-3.629063584162178
 11
4.292244465072772
 21
-3.763766817635447
 72
     1
 10
4.292244465072772
 20
-3.763766817635447
 11
4.462776691592639
 21
-3.945667859256639
 72
     1
 10
4.462776691592639
 20
-3.945667859256639
 11
4.645022242762355
 21
-4.11585557622798
 72
     1
 10
4.645022242762355
 20
-4.11585557622798
 11
4.620906574365607
 21
-4.141349282818829
 97
        1
330
7E
 75
     2
 76
     1
 98
        1
 10
0.0
 20
0.0
450
        0
451
        0
460
0.0
461
0.0
452
        0
462
0.0
453
        0
470

  0
SPLINE
  5
80
330
70
100
AcDbEntity
  8
Outlines
100
AcDbSpline
210
0.0
220
0.0
230
1.0
 70
     9
 71
     3
 72
   107
 73
   103
 74
     0
 42
0.0000000001
 43
0.0000000001
 40
0.0
 40
0.0
 40
0.0
 40
0.0
 40
1.0
 40
1.0
 40
1.0
 40
2.0
 40
2.0
 40
2.0
 40
3.0
 40
3.0
 40
3.0
 40
4.0
 40
4.0
 40
4.0
 40
5.0
 40
5.0
 40
5.0
 40
6.0
 40
6.0
 40
6.0
 40
7.0
 40
7.0
 40
7.0
 40
8.0
 40
8.0
 40
8.0
 40
9.0
 40
9.0
 40
9.0
 40
10.0
 40
10.0
 40
10.0
 40
11.0
 40
11.0
 40
11.0
 40
12.0
 40
12.0
 40
12.0
 40
13.0
 40
13.0
 40
13.0
 40
14.0
 40
14.0
 40
14.0
 40
15.0
 40
15.0
 40
15.0
 40
16.0
 40
16.0
 40
16.0
 40
17.0
 40
17.0
 40
17.0
 40
18.0
 40
18.0
 40
18.0
 40
19.0
 40
19.0
 40
19.0
 40
20.0
 40
20.0
 40
20.0
 40
21.0
 40
21.0
 40
21.0
 40
22.0
 40
22.0
 40
22.0
 40
23.0
 40
23.0
 40
23.0
 40
24.0
 40
24.0
 40
24.0
 40
25.0
 40
25.0
 40
25.0
 40
26.0
 40
26.0
 40
26.0
 40
27.0
 40
27.0
 40
27.0
 40
28.0
 40
28.0
 40
28.0
 40
29.0
 40
29.0
 40
29.0
 40
30.0
 40
30.0
 40
30.0
 40
31.0
 40
31.0
 40
31.0
 40
32.0
 40
32.0
 40
32.0
 40
33.0
 40
33.0
 40
33.0
 40
34.0
 40
34.0
 40
34.0
 40
34.0
 10
4.130669486814555
 20
-4.445895723714914
 30
0.0
 10
4.083127169118107
 20
-4.401109482406667
 30
0.0
 10
4.060734048463983
 20
-4.376649304461393
 30
0.0
 10
4.039374456455433
 20
-4.352878145613169
 30
0.0
 10
4.018014864446885
 20
-4.329796005861995
 30
0.0
 10
3.995966253341286
 20
-4.305680337465246
 30
0.0
 10
3.949801973838938
 20
-4.261583115254048
 30
0.0
 10
3.903293184788065
 20
-4.217830402591375
 30
0.0
 10
3.877282713874429
 20
-4.197504339228402
 30
0.0
 10
3.852305771606367
 20
-4.178211804511002
 30
0.0
 10
3.826639810241256
 20
-4.158230250696553
 30
0.0
 10
3.800112575004833
 20
-4.137559677785054
 30
0.0
 10
3.75222574775986
 20
-4.092084417379757
 30
0.0
 10
3.703649901417837
 20
-4.046264647425934
 30
0.0
 10
3.682634818957813
 20
-4.01904839309246
 30
0.0
 10
3.662308755594839
 20
-3.992865667404561
 30
0.0
 10
3.641982692231865
 20
-3.966682941716662
 30
0.0
 10
3.622517902740204
 20
-3.941878254222864
 30
0.0
 10
3.576181368463593
 20
-3.897781032011666
 30
0.0
 10
3.528122286444358
 20
-3.852305771606367
 30
0.0
 10
3.504006618047609
 20
-3.830257160500769
 30
0.0
 10
3.479718694876598
 20
-3.807864039846645
 30
0.0
 10
3.455947536028374
 20
-3.786159938289571
 30
0.0
 10
3.432004122405888
 20
-3.764111327183972
 30
0.0
 10
3.385323078580752
 20
-3.719841850198511
 30
0.0
 10
3.33812527043283
 20
-3.675227863664526
 30
0.0
 10
3.314698621133131
 20
-3.652317978687614
 30
0.0
 10
3.291616481381957
 20
-3.629580348484966
 30
0.0
 10
3.267845322533733
 20
-3.606498208733792
 30
0.0
 10
3.244418673234034
 20
-3.583588323756881
 30
0.0
 10
3.196359591214799
 20
-3.53794080857732
 30
0.0
 10
3.149850802163926
 20
-3.494015841140384
 30
0.0
 10
3.12315131215324
 20
-3.476962618488398
 30
0.0
 10
3.094901529174191
 20
-3.458875867190836
 30
0.0
 10
3.06647949142088
 20
-3.440616861119012
 30
0.0
 10
3.037196179796256
 20
-3.421841090724401
 30
0.0
 10
2.988275823905708
 20
-3.37550455644779
 30
0.0
 10
2.939183213240898
 20
-3.32916802217118
 30
0.0
 10
2.919029404652187
 20
-3.300401474869344
 30
0.0
 10
2.899564615160525
 20
-3.272840710987345
 30
0.0
 10
2.880272080443126
 20
-3.245279947105346
 30
0.0
 10
2.862013074371302
 20
-3.21926947619171
 30
0.0
 10
2.815332030546167
 20
-3.17499999920625
 30
0.0
 10
2.767445203301194
 20
-3.129869248349477
 30
0.0
 10
2.74298502535592
 20
-3.10937093021224
 30
0.0
 10
2.717146809216546
 20
-3.087839083429429
 30
0.0
 10
2.691997612174223
 20
-3.066824000969405
 30
0.0
 10
2.666159396034849
 20
-3.045292154186593
 30
0.0
 10
2.618272568789876
 20
-2.999989148555558
 30
0.0
 10
2.618272568789876
 20
-2.999989148555558
 30
0.0
 10
2.642388237186625
 20
-2.974495441964709
 30
0.0
 10
2.642388237186625
 20
-2.974495441964709
 30
0.0
 10
2.689586045334547
 20
-3.018937173724432
 30
0.0
 10
2.715079751925396
 20
-3.040124510958718
 30
0.0
 10
2.739712184644933
 20
-3.060622829095955
 30
0.0
 10
2.764861381687257
 20
-3.081637911555979
 30
0.0
 10
2.791044107375155
 20
-3.103514267887315
 30
0.0
 10
2.839447698942915
 20
-3.149506292615401
 30
0.0
 10
2.888712564381988
 20
-3.196015081666274
 30
0.0
 10
2.9088663729707
 20
-3.22478162896811
 30
0.0
 10
2.928503417236624
 20
-3.252514647624371
 30
0.0
 10
2.947795951954023
 20
-3.279903156732107
 30
0.0
 10
2.966054958025847
 20
-3.305913627645744
 30
0.0
 10
3.012391492302457
 20
-3.350010849856941
 30
0.0
 10
3.05890028135333
 20
-3.393935817293877
 30
0.0
 10
3.085599771364016
 20
-3.410989039945864
 30
0.0
 10
3.113849554343065
 20
-3.429075791243425
 30
0.0
 10
3.142271592096376
 20
-3.447334797315249
 30
0.0
 10
3.171554903721
 20
-3.466110567709861
 30
0.0
 10
3.220475259611547
 20
-3.512447101986471
 30
0.0
 10
3.268878851179308
 20
-3.558094617166032
 30
0.0
 10
3.292477755253269
 20
-3.581176756917205
 30
0.0
 10
3.316248914101493
 20
-3.604431151442642
 30
0.0
 10
3.339331053852667
 20
-3.626996526871028
 30
0.0
 10
3.362585448378103
 20
-3.64990641184794
 30
0.0
 10
3.409438746977501
 20
-3.694348143607663
 30
0.0
 10
3.455947536028374
 20
-3.738273111044598
 30
0.0
 10
3.47989094965086
 20
-3.760321722150197
 30
0.0
 10
3.503489853724822
 20
-3.781853568933009
 30
0.0
 10
3.528122286444358
 20
-3.804418944361395
 30
0.0
 10
3.552065700066844
 20
-3.826467555466994
 30
0.0
 10
3.600297036860342
 20
-3.872287325420817
 30
0.0
 10
3.648872883202365
 20
-3.91810709537464
 30
0.0
 10
3.669887965662389
 20
-3.945323349708113
 30
0.0
 10
3.690214029025363
 20
-3.971506075396012
 30
0.0
 10
3.710540092388337
 20
-3.997688801083911
 30
0.0
 10
3.730004881879998
 20
-4.022493488577709
 30
0.0
 10
3.776341416156609
 20
-4.066590710788908
 30
0.0
 10
3.823022459981744
 20
-4.110687933000106
 30
0.0
 10
3.847827147475543
 20
-4.129980467717505
 30
0.0
 10
3.874009873163442
 20
-4.150306531080478
 30
0.0
 10
3.89950357975429
 20
-4.170288084894927
 30
0.0
 10
3.926030814990714
 20
-4.190958657806427
 30
0.0
 10
3.973917642235687
 20
-4.236089408663199
 30
0.0
 10
4.021459959932134
 20
-4.280875649971448
 30
0.0
 10
4.043853080586258
 20
-4.305335827916722
 30
0.0
 10
4.065212672594808
 20
-4.329106986764945
 30
0.0
 10
4.086572264603357
 20
-4.352189126516119
 30
0.0
 10
4.108620875708956
 20
-4.376304794912868
 30
0.0
 10
4.154785155211303
 20
-4.420402017124066
 30
0.0
 10
4.154785155211303
 20
-4.420402017124066
 30
0.0
 10
4.130669486814555
 20
-4.445895723714914
 30
0.0
 10
4.130669486814555
 20
-4.445895723714914
 30
0.0
  0
HATCH
  5
81
330
70
100
AcDbEntity
  8
Outlines
 62
   250
420
  2301728
440
 33554687
100
AcDbHatch
 10
0.0
 20
0.0
 30
0.0
210
0.0
220
0.0
230
1.0
  2
SOLID
 70
     1
 71
     1
 91
        1
 92
        1
 93
        1
 72
     4
 94
        3
 73
     0
 74
     0
 95
      107
 96
      103
 40
0.0
 40
0.0
 40
0.0
 40
0.0
 40
1.0
 40
1.0
 40
1.0
 40
2.0
 40
2.0
 40
2.0
 40
3.0
 40
3.0
 40
3.0
 40
4.0
 40
4.0
 40
4.0
 40
5.0
 40
5.0
 40
5.0
 40
6.0
 40
6.0
 40
6.0
 40
7.0
 40
7.0
 40
7.0
 40
8.0
 40
8.0
 40
8.0
 40
9.0
 40
9.0
 40
9.0
 40
10.0
 40
10.0
 40
10.0
 40
11.0
 40
11.0
 40
11.0
 40
12.0
 40
12.0
 40
12.0
 40
13.0
 40
13.0
 40
13.0
 40
14.0
 40
14.0
 40
14.0
 40
15.0
 40
15.0
 40
15.0
 40
16.0
 40
16.0
 40
16.0
 40
17.0
 40
17.0
 40
17.0
 40
18.0
 40
18.0
 40
18.0
 40
19.0
 40
19.0
 40
19.0
 40
20.0
 40
20.0
 40
20.0
 40
21.0
 40
21.0
 40
21.0
 40
22.0
 40
22.0
 40
22.0
 40
23.0
 40
23.0
 40
23.0
 40
24.0
 40
24.0
 40
24.0
 40
25.0
 40
25.0
 40
25.0
 40
26.0
 40
26.0
 40
26.0
 40
27.0
 40
27.0
 40
27.0
 40
28.0
 40
28.0
 40
28.0
 40
29.0
 40
29.0
 40
29.0
 40
30.0
 40
30.0
 40
30.0
 40
31.0
 40
31.0
 40
31.0
 40
32.0
 40
32.0
 40
32.0
 40
33.0
 40
33.0
 40
33.0
 40
34.0
 40
34.0
 40
34.0
 40
34.0
 10
4.130669486814555
 20
-4.445895723714914
 10
4.083127169118107
 20
-4.401109482406667
 10
4.060734048463983
 20
-4.376649304461393
 10
4.039374456455433
 20
-4.352878145613169
 10
4.018014864446885
 20
-4.329796005861995
 10
3.995966253341286
 20
-4.305680337465246
 10
3.949801973838938
 20
-4.261583115254048
 10
3.903293184788065
 20
-4.217830402591375
 10
3.877282713874429
 20
-4.197504339228402
 10
3.852305771606367
 20
-4.178211804511002
 10
3.826639810241256
 20
-4.158230250696553
 10
3.800112575004833
 20
-4.137559677785054
 10
3.75222574775986
 20
-4.092084417379757
 10
3.703649901417837
 20
-4.046264647425934
 10
3.682634818957813
 20
-4.01904839309246
 10
3.662308755594839
 20
-3.992865667404561
 10
3.641982692231865
 20
-3.966682941716662
 10
3.622517902740204
 20
-3.941878254222864
 10
3.576181368463593
 20
-3.897781032011666
 10
3.528122286444358
 20
-3.852305771606367
 10
3.504006618047609
 20
-3.830257160500769
 10
3.479718694876598
 20
-3.807864039846645
 10
3.455947536028374
 20
-3.786159938289571
 10
3.432004122405888
 20
-3.764111327183972
 10
3.385323078580752
 20
-3.719841850198511
 10
3.33812527043283
 20
-3.675227863664526
 10
3.314698621133131
 20
-3.652317978687614
 10
3.291616481381957
 20
-3.629580348484966
 10
3.267845322533733
 20
-3.606498208733792
 10
3.244418673234034
 20
-3.583588323756881
 10
3.196359591214799
 20
-3.53794080857732
 10
3.149850802163926
 20
-3.494015841140384
 10
3.12315131215324
 20
-3.476962618488398
 10
3.094901529174191
 20
-3.458875867190836
 10
3.06647949142088
 20
-3.440616861119012
 10
3.037196179796256
 20
-3.421841090724401
 10
2.988275823905708
 20
-3.37550455644779
 10
2.939183213240898
 20
-3.32916802217118
 10
2.919029404652187
 20
-3.300401474869344
 10
2.899564615160525
 20
-3.272840710987345
 10
2.880272080443126
 20
-3.245279947105346
 10
2.862013074371302
 20
-3.21926947619171
 10
2.815332030546167
 20
-3.17499999920625
 10
2.767445203301194
 20
-3.129869248349477
 10
2.74298502535592
 20
-3.10937093021224
 10
2.717146809216546
 20
-3.087839083429429
 10
2.691997612174223
 20
-3.066824000969405
 10
2.666159396034849
 20
-3.045292154186593
 10
2.618272568789876
 20
-2.999989148555558
 10
2.618272568789876
 20
-2.999989148555558
 10
2.642388237186625
 20
-2.974495441964709
 10
2.642388237186625
 20
-2.974495441964709
 10
2.689586045334547
 20
-3.018937173724432
 10
2.715079751925396
 20
-3.040124510958718
 10
2.739712184644933
 20
-3.060622829095955
 10
2.764861381687257
 20
-3.081637911555979
 10
2.791044107375155
 20
-3.103514267887315
 10
2.839447698942915
 20
-3.149506292615401
 10
2.888712564381988
 20
-3.196015081666274
 10
2.9088663729707
 20
-3.22478162896811
 10
2.928503417236624
 20
-3.252514647624371
 10
2.947795951954023
 20
-3.279903156732107
 10
2.966054958025847
 20
-3.305913627645744
 10
3.012391492302457
 20
-3.350010849856941
 10
3.05890028135333
 20
-3.393935817293877
 10
3.085599771364016
 20
-3.410989039945864
 10
3.113849554343065
 20
-3.429075791243425
 10
3.142271592096376
 20
-3.447334797315249
 10
3.171554903721
 20
-3.466110567709861
 10
3.220475259611547
 20
-3.512447101986471
 10
3.268878851179308
 20
-3.558094617166032
 10
3.292477755253269
 20
-3.581176756917205
 10
3.316248914101493
 20
-3.604431151442642
 10
3.339331053852667
 20
-3.626996526871028
 10
3.362585448378103
 20
-3.64990641184794
 10
3.409438746977501
 20
-3.694348143607663
 10
3.455947536028374
 20
-3.738273111044598
 10
3.47989094965086
 20
-3.760321722150197
 10
3.503489853724822
 20
-3.781853568933009
 10
3.528122286444358
 20
-3.804418944361395
 10
3.552065700066844
 20
-3.826467555466994
 10
3.600297036860342
 20
-3.872287325420817
 10
3.648872883202365
 20
-3.91810709537464
 10
3.669887965662389
 20
-3.945323349708113
 10
3.690214029025363
 20
-3.971506075396012
 10
3.710540092388337
 20
-3.997688801083911
 10
3.730004881879998
 20
-4.022493488577709
 10
3.776341416156609
 20
-4.066590710788908
 10
3.823022459981744
 20
-4.110687933000106
 10
3.847827147475543
 20
-4.129980467717505
 10
3.874009873163442
 20
-4.150306531080478
 10
3.89950357975429
 20
-4.170288084894927
 10
3.926030814990714
 20
-4.190958657806427
 10
3.973917642235687
 20
-4.236089408663199
 10
4.021459959932134
 20
-4.280875649971448
 10
4.043853080586258
 20
-4.305335827916722
 10
4.065212672594808
 20
-4.329106986764945
 10
4.086572264603357
 20
-4.352189126516119
 10
4.108620875708956
 20
-4.376304794912868
 10
4.154785155211303
 20
-4.420402017124066
 10
4.154785155211303
 20
-4.420402017124066
 10
4.130669486814555
 20
-4.445895723714914
 10
4.130669486814555
 20
-4.445895723714914
 97
        0
 97
        1
330
80
 75
     2
 76
     1
 98
        1
 10
0.0
 20
0.0
450
        0
451
        0
460
0.0
461
0.0
452
        0
462
0.0
453
        0
470

  0
INSERT
  5
83
330
70
100
AcDbEntity
  8
Outlines
100
AcDbBlockReference
  2
Block_0
 10
0.0
 20
0.0
 30
0.0
  0
INSERT
  5
8B
330
70
100
AcDbEntity
  8
Outlines
100
AcDbBlockReference
  2
Block_1
 10
0.0
 20
0.0
 30
0.0
  0
ENDSEC
  0
SECTION
  2
OBJECTS
  0
DICTIONARY
  5
C
330
0
100
AcDbDictionary
281
     1
  3
ACAD_COLOR
350
63
  3
ACAD_DETAILVIEWSTYLE
350
6A
  3
ACAD_GROUP
350
D
  3
ACAD_LAYOUT
350
62
  3
ACAD_MATERIAL
350
10
  3
ACAD_MLEADERSTYLE
350
66
  3
ACAD_MLINESTYLE
350
5F
  3
ACAD_PLOTSETTINGS
350
61
  3
ACAD_PLOTSTYLENAME
350
E
  3
ACAD_SCALELIST
350
42
  3
ACAD_SECTIONVIEWSTYLE
350
68
  3
ACAD_TABLESTYLE
350
64
  3
ACAD_VISUALSTYLE
350
29
  3
ACDB_RECOMPOSE_DATA
350
9A
  3
AcDbVariableDictionary
350
92
  0
DICTIONARY
  5
63
102
{ACAD_REACTORS
330
C
102
}
330
C
100
AcDbDictionary
281
     1
  0
DICTIONARY
  5
6A
102
{ACAD_REACTORS
330
C
102
}
330
C
100
AcDbDictionary
281
     1
  3
Imperial24
350
6B
  0
DICTIONARY
  5
D
102
{ACAD_REACTORS
330
C
102
}
330
C
100
AcDbDictionary
281
     1
  0
DICTIONARY
  5
62
102
{ACAD_REACTORS
330
C
102
}
330
C
100
AcDbDictionary
281
     1
  3
Layout1
350
6F
  3
Layout2
350
77
  3
Model
350
73
  0
DICTIONARY
  5
10
102
{ACAD_REACTORS
330
C
102
}
330
C
100
AcDbDictionary
281
     1
  3
ByBlock
350
19
  3
ByLayer
350
11
  3
Global
350
21
  0
DICTIONARY
  5
66
102
{ACAD_REACTORS
330
C
102
}
330
C
100
AcDbDictionary
281
     1
  3
Standard
350
67
  0
DICTIONARY
  5
5F
102
{ACAD_REACTORS
330
C
102
}
330
C
100
AcDbDictionary
281
     1
  3
Standard
350
60
  0
DICTIONARY
  5
61
102
{ACAD_REACTORS
330
C
102
}
330
C
100
AcDbDictionary
281
     1
  0
ACDBDICTIONARYWDFLT
  5
E
102
{ACAD_REACTORS
330
C
102
}
330
C
100
AcDbDictionary
281
     1
  3
Normal
350
F
100
AcDbDictionaryWithDefault
340
F
  0
DICTIONARY
  5
42
102
{ACAD_REACTORS
330
C
102
}
330
C
100
AcDbDictionary
281
     1
  3
A0
350
43
  3
A1
350
44
  3
A2
350
45
  3
A3
350
46
  3
A4
350
47
  3
A5
350
48
  3
A6
350
49
  3
A7
350
4A
  3
A8
350
4B
  3
A9
350
4C
  3
B0
350
4D
  3
B1
350
4E
  3
B2
350
4F
  3
B3
350
50
  3
B4
350
51
  3
B5
350
52
  3
B6
350
53
  0
DICTIONARY
  5
68
102
{ACAD_REACTORS
330
C
102
}
330
C
100
AcDbDictionary
281
     1
  3
Imperial24
350
69
  0
DICTIONARY
  5
64
102
{ACAD_REACTORS
330
C
102
}
330
C
100
AcDbDictionary
281
     1
  3
Standard
350
65
  0
DICTIONARY
  5
29
102
{ACAD_REACTORS
330
C
102
}
330
C
100
AcDbDictionary
281
     1
  3
2dWireframe
350
2F
  3
Basic
350
2E
  3
Brighten
350
35
  3
ColorChange
350
39
  3
Conceptual
350
32
  3
Dim
350
34
  3
EdgeColorOff
350
41
  3
Facepattern
350
38
  3
Flat
350
2A
  3
FlatWithEdges
350
2B
  3
Gouraud
350
2C
  3
GouraudWithEdges
350
2D
  3
Hidden
350
31
  3
JitterOff
350
3F
  3
Linepattern
350
37
  3
OverhangOff
350
40
  3
Realistic
350
33
  3
Shaded
350
3E
  3
Shaded with edges
350
3D
  3
Shades of Gray
350
3A
  3
Sketchy
350
3B
  3
Thicken
350
36
  3
Wireframe
350
30
  3
X-Ray
350
3C
  0
XRECORD
  5
9A
102
{ACAD_REACTORS
330
C
102
}
330
C
100
AcDbXrecord
280
     1
 90
        1
330
65
  0
DICTIONARY
  5
92
102
{ACAD_REACTORS
330
C
102
}
330
C
100
AcDbDictionary
281
     1
  3
CANNOSCALE
350
97
  3
CMLEADERSTYLE
350
94
  3
CTABLESTYLE
350
93
  3
CVIEWDETAILSTYLE
350
95
  3
CVIEWSECTIONSTYLE
350
96
  0
ACDBDETAILVIEWSTYLE
  5
6B
102
{ACAD_REACTORS
330
6A
102
}
330
6A
100
AcDbModelDocViewStyle
 70
     0
  3
Imperial24
290
     1
300
Imperial24
 90
        0
100
AcDbDetailViewStyle
 70
     0
 71
     0
 90
        3
 71
     1
340
55
 62
   256
 40
0.24
340
0
 62
   256
 40
0.24
300

 40
0.36
280
     3
 71
     2
340
5D
 90
       25
 62
   256
 71
     3
340
55
 62
   256
 40
0.24
 90
        1
 40
0.75
 90
        1
300
%<\AcVar ViewType \f "%tc1">% %<\AcVar ViewDetailId>%\PSCALE %<\AcVar ViewScale \f "%sn">%
 71
     4
340
5D
 90
       25
 62
   256
340
5D
 90
       25
 62
   256
280
     0
  0
LAYOUT
  5
6F
102
{ACAD_REACTORS
330
62
102
}
330
62
100
AcDbPlotSettings
  1

  2

  4

  6

 40
0.0
 41
0.0
 42
0.0
 43
0.0
 44
0.0
 45
0.0
 46
0.0
 47
0.0
 48
0.0
 49
0.0
140
0.0
141
0.0
142
1.0
143
1.0
 70
   688
 72
     0
 73
     0
 74
     5
  7

 75
    16
147
1.0
 76
     0
 77
     2
 78
   300
148
0.0
149
0.0
100
AcDbLayout
  1
Layout1
 70
     1
 71
     1
 10
0.0
 20
0.0
 11
12.0
 21
9.0
 12
0.0
 22
0.0
 32
0.0
 14
0.0
 24
0.0
 34
0.0
 15
0.0
 25
0.0
 35
0.0
146
0.0
 13
0.0
 23
0.0
 33
0.0
 16
1.0
 26
0.0
 36
0.0
 17
0.0
 27
1.0
 37
0.0
 76
     0
330
6C
  0
LAYOUT
  5
77
102
{ACAD_REACTORS
330
62
102
}
330
62
100
AcDbPlotSettings
  1

  2

  4

  6

 40
0.0
 41
0.0
 42
0.0
 43
0.0
 44
0.0
 45
0.0
 46
0.0
 47
0.0
 48
0.0
 49
0.0
140
0.0
141
0.0
142
1.0
143
1.0
 70
   688
 72
     0
 73
     0
 74
     5
  7

 75
    16
147
1.0
 76
     0
 77
     2
 78
   300
148
0.0
149
0.0
100
AcDbLayout
  1
Layout2
 70
     1
 71
     2
 10
0.0
 20
0.0
 11
12.0
 21
9.0
 12
0.0
 22
0.0
 32
0.0
 14
0.0
 24
0.0
 34
0.0
 15
0.0
 25
0.0
 35
0.0
146
0.0
 13
0.0
 23
0.0
 33
0.0
 16
1.0
 26
0.0
 36
0.0
 17
0.0
 27
1.0
 37
0.0
 76
     0
330
74
  0
LAYOUT
  5
73
102
{ACAD_REACTORS
330
62
102
}
330
62
100
AcDbPlotSettings
  1

  2

  4

  6

 40
0.0
 41
0.0
 42
0.0
 43
0.0
 44
0.0
 45
0.0
 46
0.0
 47
0.0
 48
0.0
 49
0.0
140
0.0
141
0.0
142
1.0
143
1.0
 70
  1712
 72
     0
 73
     0
 74
     0
  7

 75
     0
147
1.0
 76
     0
 77
     2
 78
   300
148
0.0
149
0.0
100
AcDbLayout
  1
Model
 70
     1
 71
     0
 10
0.0
 20
0.0
 11
12.0
 21
9.0
 12
0.0
 22
0.0
 32
0.0
 14
0.0
 24
0.0
 34
0.0
 15
0.0
 25
0.0
 35
0.0
146
0.0
 13
0.0
 23
0.0
 33
0.0
 16
1.0
 26
0.0
 36
0.0
 17
0.0
 27
1.0
 37
0.0
 76
     0
330
70
  0
MATERIAL
  5
19
102
{ACAD_XDICTIONARY
360
1A
102
}
102
{ACAD_REACTORS
330
10
102
}
330
10
100
AcDbMaterial
  1
ByBlock
 72
     0
 43
0.0208333333333333
 43
0.0
 43
0.0
 43
0.0
 43
0.0
 43
0.0208333333333333
 43
0.0
 43
0.0
 43
0.0
 43
0.0
 43
1.0
 43
0.0
 43
0.0
 43
0.0
 43
0.0
 43
1.0
 77
     0
 47
0.0208333333333333
 47
0.0
 47
0.0
 47
0.0
 47
0.0
 47
0.0208333333333333
 47
0.0
 47
0.0
 47
0.0
 47
0.0
 47
1.0
 47
0.0
 47
0.0
 47
0.0
 47
0.0
 47
1.0
171
     0
 49
0.0208333333333333
 49
0.0
 49
0.0
 49
0.0
 49
0.0
 49
0.0208333333333333
 49
0.0
 49
0.0
 49
0.0
 49
0.0
 49
1.0
 49
0.0
 49
0.0
 49
0.0
 49
0.0
 49
1.0
175
     0
142
0.0208333333333333
142
0.0
142
0.0
142
0.0
142
0.0
142
0.0208333333333333
142
0.0
142
0.0
142
0.0
142
0.0
142
1.0
142
0.0
142
0.0
142
0.0
142
0.0
142
1.0
179
     0
144
0.0208333333333333
144
0.0
144
0.0
144
0.0
144
0.0
144
0.0208333333333333
144
0.0
144
0.0
144
0.0
144
0.0
144
1.0
144
0.0
144
0.0
144
0.0
144
0.0
144
1.0
147
0.0208333333333333
147
0.0
147
0.0
147
0.0
147
0.0
147
0.0208333333333333
147
0.0
147
0.0
147
0.0
147
0.0
147
1.0
147
0.0
147
0.0
147
0.0
147
0.0
147
1.0
  0
MATERIAL
  5
11
102
{ACAD_XDICTIONARY
360
12
102
}
102
{ACAD_REACTORS
330
10
102
}
330
10
100
AcDbMaterial
  1
ByLayer
 72
     0
 43
0.0208333333333333
 43
0.0
 43
0.0
 43
0.0
 43
0.0
 43
0.0208333333333333
 43
0.0
 43
0.0
 43
0.0
 43
0.0
 43
1.0
 43
0.0
 43
0.0
 43
0.0
 43
0.0
 43
1.0
 77
     0
 47
0.0208333333333333
 47
0.0
 47
0.0
 47
0.0
 47
0.0
 47
0.0208333333333333
 47
0.0
 47
0.0
 47
0.0
 47
0.0
 47
1.0
 47
0.0
 47
0.0
 47
0.0
 47
0.0
 47
1.0
171
     0
 49
0.0208333333333333
 49
0.0
 49
0.0
 49
0.0
 49
0.0
 49
0.0208333333333333
 49
0.0
 49
0.0
 49
0.0
 49
0.0
 49
1.0
 49
0.0
 49
0.0
 49
0.0
 49
0.0
 49
1.0
175
     0
142
0.0208333333333333
142
0.0
142
0.0
142
0.0
142
0.0
142
0.0208333333333333
142
0.0
142
0.0
142
0.0
142
0.0
142
1.0
142
0.0
142
0.0
142
0.0
142
0.0
142
1.0
179
     0
144
0.0208333333333333
144
0.0
144
0.0
144
0.0
144
0.0
144
0.0208333333333333
144
0.0
144
0.0
144
0.0
144
0.0
144
1.0
144
0.0
144
0.0
144
0.0
144
0.0
144
1.0
147
0.0208333333333333
147
0.0
147
0.0
147
0.0
147
0.0
147
0.0208333333333333
147
0.0
147
0.0
147
0.0
147
0.0
147
1.0
147
0.0
147
0.0
147
0.0
147
0.0
147
1.0
  0
MATERIAL
  5
21
102
{ACAD_XDICTIONARY
360
22
102
}
102
{ACAD_REACTORS
330
10
102
}
330
10
100
AcDbMaterial
  1
Global
 72
     0
 43
0.0208333333333333
 43
0.0
 43
0.0
 43
0.0
 43
0.0
 43
0.0208333333333333
 43
0.0
 43
0.0
 43
0.0
 43
0.0
 43
1.0
 43
0.0
 43
0.0
 43
0.0
 43
0.0
 43
1.0
 77
     0
 47
0.0208333333333333
 47
0.0
 47
0.0
 47
0.0
 47
0.0
 47
0.0208333333333333
 47
0.0
 47
0.0
 47
0.0
 47
0.0
 47
1.0
 47
0.0
 47
0.0
 47
0.0
 47
0.0
 47
1.0
171
     0
 49
0.0208333333333333
 49
0.0
 49
0.0
 49
0.0
 49
0.0
 49
0.0208333333333333
 49
0.0
 49
0.0
 49
0.0
 49
0.0
 49
1.0
 49
0.0
 49
0.0
 49
0.0
 49
0.0
 49
1.0
175
     0
142
0.0208333333333333
142
0.0
142
0.0
142
0.0
142
0.0
142
0.0208333333333333
142
0.0
142
0.0
142
0.0
142
0.0
142
1.0
142
0.0
142
0.0
142
0.0
142
0.0
142
1.0
179
     0
144
0.0208333333333333
144
0.0
144
0.0
144
0.0
144
0.0
144
0.0208333333333333
144
0.0
144
0.0
144
0.0
144
0.0
144
1.0
144
0.0
144
0.0
144
0.0
144
0.0
144
1.0
147
0.0208333333333333
147
0.0
147
0.0
147
0.0
147
0.0
147
0.0208333333333333
147
0.0
147
0.0
147
0.0
147
0.0
147
1.0
147
0.0
147
0.0
147
0.0
147
0.0
147
1.0
  0
MLEADERSTYLE
  5
67
102
{ACAD_REACTORS
330
66
102
}
330
66
100
AcDbMLeaderStyle
179
     2
170
     2
171
     1
172
     0
 90
        2
 40
0.0
 41
0.0
173
     1
 91
-1056964608
340
5B
 92
       -2
290
     1
 42
0.09
291
     1
 43
0.36
  3
Standard
 44
0.18
300

342
55
174
     1
178
     6
175
     1
176
     0
 93
-1056964608
 45
0.18
292
     0
297
     0
 46
0.18
 94
-1056964608
 47
1.0
 49
1.0
140
1.0
293
     1
141
0.0
294
     1
177
     0
142
1.0
295
     1
296
     0
143
0.125
271
     0
272
     9
273
     9
298
     1
  0
MLINESTYLE
  5
60
102
{ACAD_REACTORS
330
5F
102
}
330
5F
100
AcDbMlineStyle
  2
STANDARD
 70
     0
  3

 62
   256
 51
90.0
 52
90.0
 71
     2
 49
0.5
 62
   256
  6
BYLAYER
 49
-0.5
 62
   256
  6
BYLAYER
  0
ACDBPLACEHOLDER
  5
F
102
{ACAD_REACTORS
330
E
102
}
330
E
  0
SCALE
  5
43
102
{ACAD_REACTORS
330
42
102
}
330
42
100
AcDbScale
 70
     0
300
1:1
140
1.0
141
1.0
290
     1
  0
SCALE
  5
44
102
{ACAD_REACTORS
330
42
102
}
330
42
100
AcDbScale
 70
     0
300
1/128" = 1'-0"
140
0.0078125
141
12.0
290
     0
  0
SCALE
  5
45
102
{ACAD_REACTORS
330
42
102
}
330
42
100
AcDbScale
 70
     0
300
1/64" = 1'-0"
140
0.015625
141
12.0
290
     0
  0
SCALE
  5
46
102
{ACAD_REACTORS
330
42
102
}
330
42
100
AcDbScale
 70
     0
300
1/32" = 1'-0"
140
0.03125
141
12.0
290
     0
  0
SCALE
  5
47
102
{ACAD_REACTORS
330
42
102
}
330
42
100
AcDbScale
 70
     0
300
1/16" = 1'-0"
140
0.0625
141
12.0
290
     0
  0
SCALE
  5
48
102
{ACAD_REACTORS
330
42
102
}
330
42
100
AcDbScale
 70
     0
300
3/32" = 1'-0"
140
0.09375
141
12.0
290
     0
  0
SCALE
  5
49
102
{ACAD_REACTORS
330
42
102
}
330
42
100
AcDbScale
 70
     0
300
1/8" = 1'-0"
140
0.125
141
12.0
290
     0
  0
SCALE
  5
4A
102
{ACAD_REACTORS
330
42
102
}
330
42
100
AcDbScale
 70
     0
300
3/16" = 1'-0"
140
0.1875
141
12.0
290
     0
  0
SCALE
  5
4B
102
{ACAD_REACTORS
330
42
102
}
330
42
100
AcDbScale
 70
     0
300
1/4" = 1'-0"
140
0.25
141
12.0
290
     0
  0
SCALE
  5
4C
102
{ACAD_REACTORS
330
42
102
}
330
42
100
AcDbScale
 70
     0
300
3/8" = 1'-0"
140
0.375
141
12.0
290
     0
  0
SCALE
  5
4D
102
{ACAD_REACTORS
330
42
102
}
330
42
100
AcDbScale
 70
     0
300
1/2" = 1'-0"
140
0.5
141
12.0
290
     0
  0
SCALE
  5
4E
102
{ACAD_REACTORS
330
42
102
}
330
42
100
AcDbScale
 70
     0
300
3/4" = 1'-0"
140
0.75
141
12.0
290
     0
  0
SCALE
  5
4F
102
{ACAD_REACTORS
330
42
102
}
330
42
100
AcDbScale
 70
     0
300
1" = 1'-0"
140
1.0
141
12.0
290
     0
  0
SCALE
  5
50
102
{ACAD_REACTORS
330
42
102
}
330
42
100
AcDbScale
 70
     0
300
1-1/2" = 1'-0"
140
1.5
141
12.0
290
     0
  0
SCALE
  5
51
102
{ACAD_REACTORS
330
42
102
}
330
42
100
AcDbScale
 70
     0
300
3" = 1'-0"
140
3.0
141
12.0
290
     0
  0
SCALE
  5
52
102
{ACAD_REACTORS
330
42
102
}
330
42
100
AcDbScale
 70
     0
300
6" = 1'-0"
140
6.0
141
12.0
290
     0
  0
SCALE
  5
53
102
{ACAD_REACTORS
330
42
102
}
330
42
100
AcDbScale
 70
     0
300
1'-0" = 1'-0"
140
12.0
141
12.0
290
     0
  0
ACDBSECTIONVIEWSTYLE
  5
69
102
{ACAD_REACTORS
330
68
102
}
330
68
100
AcDbModelDocViewStyle
 70
     0
  3
Imperial24
290
     1
300
Imperial24
 90
        0
100
AcDbSectionViewStyle
 70
     0
 71
     0
 90
       78
 71
     1
340
55
 62
   256
 40
0.24
340
0
340
0
 62
   256
 40
0.24
300
I, O, Q, S, X, Z
 40
0.48
 90
        3
 40
0.18
 90
        1
 71
     2
340
5D
 90
       25
 62
   256
340
5D
 90
       50
 62
   256
 40
0.24
 40
0.0
 40
0.24
 71
     3
340
55
 62
   256
 40
0.24
 90
        1
 40
0.75
 90
        1
300
%<\AcVar ViewType \f "%tc1">% %<\AcVar ViewSectionStartId>%-%<\AcVar ViewSectionEndId>%\PSCALE %<\AcVar ViewScale \f "%sn">%
 71
     4
 62
   256
 62
   257
300
ANSI31
 40
1.0
 90
        0
290
     0
290
     0
 90
        6
 40
0.0
 40
1.570796326794896
 40
0.2617993877991494
 40
1.308996938995747
 40
-0.2617993877991494
 40
1.832595714594046
  0
TABLESTYLE
  5
65
102
{ACAD_XDICTIONARY
360
98
102
}
102
{ACAD_REACTORS
330
64
102
}
330
64
100
AcDbTableStyle
280
     0
  3
Standard
 70
     0
 71
     0
 40
0.06
 41
0.06
280
     0
281
     0
  7
Standard
140
0.18
170
     2
 62
     0
 63
     7
283
     0
 90
      512
 91
        0
  1

274
    -2
284
     1
 64
     0
275
    -2
285
     1
 65
     0
276
    -2
286
     1
 66
     0
277
    -2
287
     1
 67
     0
278
    -2
288
     1
 68
     0
279
    -2
289
     1
 69
     0
  7
Standard
140
0.25
170
     5
 62
     0
 63
     7
283
     0
 90
      512
 91
        0
  1

274
    -2
284
     1
 64
     0
275
    -2
285
     1
 65
     0
276
    -2
286
     1
 66
     0
277
    -2
287
     1
 67
     0
278
    -2
288
     1
 68
     0
279
    -2
289
     1
 69
     0
  7
Standard
140
0.18
170
     5
 62
     0
 63
     7
283
     0
 90
      512
 91
        0
  1

274
    -2
284
     1
 64
     0
275
    -2
285
     1
 65
     0
276
    -2
286
     1
 66
     0
277
    -2
287
     1
 67
     0
278
    -2
288
     1
 68
     0
279
    -2
289
     1
 69
     0
  0
VISUALSTYLE
  5
2F
102
{ACAD_REACTORS
330
29
102
}
330
29
100
AcDbVisualStyle
  2
2dWireframe
 70
     4
177
     3
291
     0
 70
    58
 90
        0
176
     1
 90
        2
176
     1
 90
        0
176
     1
 90
        0
176
     1
 40
0.6
176
     1
 40
30.0
176
     1
 62
     7
420
 16777215
176
     1
 90
        1
176
     1
 90
        4
176
     1
 62
     7
176
     1
 62
   257
176
     1
 90
        1
176
     1
 90
        1
176
     1
 40
1.0
176
     1
 90
        0
176
     1
 62
   257
176
     1
 40
1.0
176
     1
 90
        1
176
     1
 90
        6
176
     1
 90
        2
176
     1
 62
     7
176
     1
 90
        5
176
     1
 90
        0
176
     1
 90
        0
176
     1
290
     0
176
     1
 90
        1
176
     1
 40
0.0
176
     1
 90
        0
176
     1
290
     1
176
     1
290
     1
176
     1
290
     0
176
     1
290
     0
176
     1
290
     0
176
     1
290
     0
176
     1
290
     0
176
     1
290
     0
176
     1
290
     0
176
     1
 90
       50
176
     1
 40
0.0
176
     1
 40
1.0
176
     1
 90
        0
176
     1
 62
    18
420
        0
176
     1
 90
       50
176
     1
 90
        3
176
     1
 62
     5
420
      255
176
     1
290
     0
176
     1
 90
       50
176
     1
 90
       50
176
     1
 90
       50
176
     1
290
     0
176
     1
 90
       50
176
     1
 62
   256
176
     0
 40
1.0
176
     0
 90
        2
176
     1
  1
strokes_ogs.tif
176
     1
290
     0
176
     1
 40
1.0
176
     1
 40
1.0
176
     1
  0
VISUALSTYLE
  5
2E
102
{ACAD_REACTORS
330
29
102
}
330
29
100
AcDbVisualStyle
  2
Basic
 70
     7
177
     3
291
     1
 70
    58
 90
        1
176
     1
 90
        0
176
     1
 90
        1
176
     1
 90
        0
176
     1
 40
0.6
176
     1
 40
30.0
176
     1
 62
     7
420
 16777215
176
     1
 90
        0
176
     1
 90
        4
176
     1
 62
     7
176
     1
 62
   257
176
     1
 90
        1
176
     1
 90
        1
176
     1
 40
1.0
176
     1
 90
        8
176
     1
 62
     7
176
     1
 40
1.0
176
     1
 90
        1
176
     1
 90
        6
176
     1
 90
        2
176
     1
 62
     7
176
     1
 90
        5
176
     1
 90
        0
176
     1
 90
        0
176
     1
290
     0
176
     1
 90
        1
176
     1
 40
0.0
176
     1
 90
        0
176
     1
290
     0
176
     1
290
     1
176
     1
290
     1
176
     1
290
     0
176
     1
290
     0
176
     1
290
     0
176
     1
290
     0
176
     1
290
     0
176
     1
290
     0
176
     1
 90
       50
176
     1
 40
0.0
176
     1
 40
1.0
176
     1
 90
        0
176
     1
 62
    18
420
        0
176
     1
 90
       50
176
     1
 90
        3
176
     1
 62
     5
420
      255
176
     1
290
     0
176
     1
 90
       50
176
     1
 90
       50
176
     1
 90
       50
176
     1
290
     0
176
     1
 90
       50
176
     1
 62
   256
176
     0
 40
1.0
176
     0
 90
        2
176
     1
  1
strokes_ogs.tif
176
     1
290
     0
176
     1
 40
1.0
176
     1
 40
1.0
176
     1
  0
VISUALSTYLE
  5
35
102
{ACAD_REACTORS
330
29
102
}
330
29
100
AcDbVisualStyle
  2
Brighten
 70
    12
177
     3
291
     1
 70
    58
 90
        2
176
     1
 90
        2
176
     1
 90
        0
176
     1
 90
        0
176
     1
 40
0.6
176
     1
 40
30.0
176
     1
 62
     7
420
 16777215
176
     1
 90
        1
176
     1
 90
        4
176
     1
 62
     7
176
     1
 62
   257
176
     1
 90
        1
176
     1
 90
        1
176
     1
 40
1.0
176
     1
 90
        8
176
     1
 62
     7
176
     1
 40
1.0
176
     1
 90
        1
176
     1
 90
        6
176
     1
 90
        2
176
     1
 62
     7
176
     1
 90
        5
176
     1
 90
        0
176
     1
 90
        0
176
     1
290
     0
176
     1
 90
        1
176
     1
 40
50.0
176
     1
 90
        0
176
     1
290
     0
176
     1
290
     1
176
     1
290
     1
176
     1
290
     0
176
     1
290
     0
176
     1
290
     0
176
     1
290
     0
176
     1
290
     0
176
     1
290
     0
176
     1
 90
       50
176
     1
 40
0.0
176
     1
 40
1.0
176
     1
 90
        0
176
     1
 62
    18
420
        0
176
     1
 90
       50
176
     1
 90
        3
176
     1
 62
     5
420
      255
176
     1
290
     0
176
     1
 90
       50
176
     1
 90
       50
176
     1
 90
       50
176
     1
290
     0
176
     1
 90
       50
176
     1
 62
   256
176
     0
 40
1.0
176
     0
 90
        2
176
     1
  1
strokes_ogs.tif
176
     1
290
     0
176
     1
 40
1.0
176
     1
 40
1.0
176
     1
  0
VISUALSTYLE
  5
39
102
{ACAD_REACTORS
330
29
102
}
330
29
100
AcDbVisualStyle
  2
ColorChange
 70
    16
177
     3
291
     1
 70
    58
 90
        2
176
     1
 90
        2
176
     1
 90
        3
176
     1
 90
        0
176
     1
 40
0.6
176
     1
 40
30.0
176
     1
 62
     8
420
  8421504
176
     1
 90
        1
176
     1
 90
        4
176
     1
 62
     7
176
     1
 62
   257
176
     1
 90
        1
176
     1
 90
        1
176
     1
 40
1.0
176
     1
 90
        8
176
     1
 62
     8
420
  8421504
176
     1
 40
1.0
176
     1
 90
        1
176
     1
 90
        6
176
     1
 90
        2
176
     1
 62
     7
176
     1
 90
        5
176
     1
 90
        0
176
     1
 90
        0
176
     1
290
     0
176
     1
 90
        1
176
     1
 40
0.0
176
     1
 90
        0
176
     1
290
     0
176
     1
290
     1
176
     1
290
     1
176
     1
290
     0
176
     1
290
     0
176
     1
290
     0
176
     1
290
     0
176
     1
290
     0
176
     1
290
     0
176
     1
 90
       50
176
     1
 40
0.0
176
     1
 40
1.0
176
     1
 90
        0
176
     1
 62
    18
420
        0
176
     1
 90
       50
176
     1
 90
        3
176
     1
 62
     5
420
      255
176
     1
290
     0
176
     1
 90
       50
176
     1
 90
       50
176
     1
 90
       50
176
     1
290
     0
176
     1
 90
       50
176
     1
 62
   256
176
     0
 40
1.0
176
     0
 90
        2
176
     1
  1
strokes_ogs.tif
176
     1
290
     0
176
     1
 40
1.0
176
     1
 40
1.0
176
     1
  0
VISUALSTYLE
  5
32
102
{ACAD_REACTORS
330
29
102
}
330
29
100
AcDbVisualStyle
  2
Conceptual
 70
     9
177
     3
291
     0
 70
    58
 90
        3
176
     1
 90
        2
176
     1
 90
        0
176
     1
 90
        0
176
     1
 40
0.6
176
     1
 40
30.0
176
     1
 62
     7
420
 16777215
176
     1
 90
        2
176
     1
 90
        2
176
     1
 62
     7
176
     1
 62
   257
176
     1
 90
        1
176
     1
 90
        1
176
     1
 40
179.0
176
     1
 90
        8
176
     1
 62
     7
176
     1
 40
1.0
176
     1
 90
        1
176
     1
 90
        6
176
     1
 90
        2
176
     1
 62
     7
176
     1
 90
        3
176
     1
 90
        0
176
     1
 90
        0
176
     1
290
     0
176
     1
 90
        1
176
     1
 40
0.0
176
     1
 90
        0
176
     1
290
     0
176
     1
290
     1
176
     1
290
     1
176
     1
290
     0
176
     1
290
     0
176
     1
290
     0
176
     1
290
     0
176
     1
290
     0
176
     1
290
     0
176
     1
 90
       50
176
     1
 40
0.0
176
     1
 40
1.0
176
     1
 90
        0
176
     1
 62
    18
420
        0
176
     1
 90
       50
176
     1
 90
        3
176
     1
 62
     5
420
      255
176
     1
290
     0
176
     1
 90
       50
176
     1
 90
       50
176
     1
 90
       50
176
     1
290
     0
176
     1
 90
       50
176
     1
 62
   256
176
     0
 40
1.0
176
     0
 90
        2
176
     1
  1
strokes_ogs.tif
176
     1
290
     0
176
     1
 40
1.0
176
     1
 40
1.0
176
     1
  0
VISUALSTYLE
  5
34
102
{ACAD_REACTORS
330
29
102
}
330
29
100
AcDbVisualStyle
  2
Dim
 70
    11
177
     3
291
     1
 70
    58
 90
        2
176
     1
 90
        2
176
     1
 90
        0
176
     1
 90
        0
176
     1
 40
0.6
176
     1
 40
30.0
176
     1
 62
     7
420
 16777215
176
     1
 90
        1
176
     1
 90
        4
176
     1
 62
     7
176
     1
 62
   257
176
     1
 90
        1
176
     1
 90
        1
176
     1
 40
1.0
176
     1
 90
        8
176
     1
 62
     7
176
     1
 40
1.0
176
     1
 90
        1
176
     1
 90
        6
176
     1
 90
        2
176
     1
 62
     7
176
     1
 90
        5
176
     1
 90
        0
176
     1
 90
        0
176
     1
290
     0
176
     1
 90
        1
176
     1
 40
-50.0
176
     1
 90
        0
176
     1
290
     0
176
     1
290
     1
176
     1
290
     1
176
     1
290
     0
176
     1
290
     0
176
     1
290
     0
176
     1
290
     0
176
     1
290
     0
176
     1
290
     0
176
     1
 90
       50
176
     1
 40
0.0
176
     1
 40
1.0
176
     1
 90
        0
176
     1
 62
    18
420
        0
176
     1
 90
       50
176
     1
 90
        3
176
     1
 62
     5
420
      255
176
     1
290
     0
176
     1
 90
       50
176
     1
 90
       50
176
     1
 90
       50
176
     1
290
     0
176
     1
 90
       50
176
     1
 62
   256
176
     0
 40
1.0
176
     0
 90
        2
176
     1
  1
strokes_ogs.tif
176
     1
290
     0
176
     1
 40
1.0
176
     1
 40
1.0
176
     1
  0
VISUALSTYLE
  5
41
102
{ACAD_REACTORS
330
29
102
}
330
29
100
AcDbVisualStyle
  2
EdgeColorOff
 70
    22
177
     3
291
     1
 70
    58
 90
        2
176
     0
 90
        2
176
     0
 90
        0
176
     0
 90
        0
176
     0
 40
0.6
176
     0
 40
30.0
176
     0
 62
     7
420
 16777215
176
     0
 90
        1
176
     0
 90
        4
176
     0
 62
     7
176
     0
 62
   257
176
     0
 90
        1
176
     0
 90
        1
176
     0
 40
1.0
176
     0
 90
        8
176
     2
 62
     7
176
     0
 40
1.0
176
     0
 90
        1
176
     0
 90
        6
176
     0
 90
        2
176
     0
 62
     7
176
     0
 90
        5
176
     0
 90
        0
176
     0
 90
        0
176
     0
290
     0
176
     0
 90
        1
176
     0
 40
0.0
176
     0
 90
        0
176
     0
290
     0
176
     0
290
     1
176
     0
290
     1
176
     0
290
     0
176
     0
290
     0
176
     0
290
     0
176
     0
290
     0
176
     0
290
     0
176
     0
290
     0
176
     0
 90
       50
176
     0
 40
0.0
176
     0
 40
1.0
176
     0
 90
        0
176
     0
 62
    18
420
        0
176
     0
 90
       50
176
     0
 90
        3
176
     0
 62
     5
420
      255
176
     0
290
     0
176
     0
 90
       50
176
     0
 90
       50
176
     0
 90
       50
176
     0
290
     0
176
     0
 90
       50
176
     0
 62
   256
176
     0
 40
1.0
176
     0
 90
        2
176
     0
  1
strokes_ogs.tif
176
     0
290
     0
176
     0
 40
1.0
176
     0
 40
1.0
176
     0
  0
VISUALSTYLE
  5
38
102
{ACAD_REACTORS
330
29
102
}
330
29
100
AcDbVisualStyle
  2
Facepattern
 70
    15
177
     3
291
     1
 70
    58
 90
        2
176
     1
 90
        2
176
     1
 90
        0
176
     1
 90
        0
176
     1
 40
0.6
176
     1
 40
30.0
176
     1
 62
     7
420
 16777215
176
     1
 90
        1
176
     1
 90
        4
176
     1
 62
     7
176
     1
 62
   257
176
     1
 90
        1
176
     1
 90
        1
176
     1
 40
1.0
176
     1
 90
        8
176
     1
 62
     7
176
     1
 40
1.0
176
     1
 90
        1
176
     1
 90
        6
176
     1
 90
        2
176
     1
 62
     7
176
     1
 90
        5
176
     1
 90
        0
176
     1
 90
        0
176
     1
290
     0
176
     1
 90
        1
176
     1
 40
0.0
176
     1
 90
        0
176
     1
290
     0
176
     1
290
     1
176
     1
290
     1
176
     1
290
     0
176
     1
290
     0
176
     1
290
     0
176
     1
290
     0
176
     1
290
     0
176
     1
290
     0
176
     1
 90
       50
176
     1
 40
0.0
176
     1
 40
1.0
176
     1
 90
        0
176
     1
 62
    18
420
        0
176
     1
 90
       50
176
     1
 90
        3
176
     1
 62
     5
420
      255
176
     1
290
     0
176
     1
 90
       50
176
     1
 90
       50
176
     1
 90
       50
176
     1
290
     0
176
     1
 90
       50
176
     1
 62
   256
176
     0
 40
1.0
176
     0
 90
        2
176
     1
  1
strokes_ogs.tif
176
     1
290
     0
176
     1
 40
1.0
176
     1
 40
1.0
176
     1
  0
VISUALSTYLE
  5
2A
102
{ACAD_REACTORS
330
29
102
}
330
29
100
AcDbVisualStyle
  2
Flat
 70
     0
177
     3
291
     1
 70
    58
 90
        2
176
     1
 90
        1
176
     1
 90
        1
176
     1
 90
        2
176
     1
 40
0.6
176
     1
 40
30.0
176
     1
 62
     7
420
 16777215
176
     1
 90
        0
176
     1
 90
        0
176
     1
 62
     7
176
     1
 62
   257
176
     1
 90
        1
176
     1
 90
        1
176
     1
 40
1.0
176
     1
 90
        8
176
     1
 62
     7
176
     1
 40
1.0
176
     1
 90
        1
176
     1
 90
        6
176
     1
 90
        2
176
     1
 62
     7
176
     1
 90
        5
176
     1
 90
        0
176
     1
 90
        0
176
     1
290
     0
176
     1
 90
       13
176
     1
 40
0.0
176
     1
 90
        0
176
     1
290
     0
176
     1
290
     1
176
     1
290
     1
176
     1
290
     0
176
     1
290
     0
176
     1
290
     0
176
     1
290
     0
176
     1
290
     0
176
     1
290
     0
176
     1
 90
       50
176
     1
 40
0.0
176
     1
 40
1.0
176
     1
 90
        0
176
     1
 62
    18
420
        0
176
     1
 90
       50
176
     1
 90
        3
176
     1
 62
     5
420
      255
176
     1
290
     0
176
     1
 90
       50
176
     1
 90
       50
176
     1
 90
       50
176
     1
290
     0
176
     1
 90
       50
176
     1
 62
   256
176
     0
 40
1.0
176
     0
 90
        2
176
     1
  1
strokes_ogs.tif
176
     1
290
     0
176
     1
 40
1.0
176
     1
 40
1.0
176
     1
  0
VISUALSTYLE
  5
2B
102
{ACAD_REACTORS
330
29
102
}
330
29
100
AcDbVisualStyle
  2
FlatWithEdges
 70
     1
177
     3
291
     1
 70
    58
 90
        2
176
     1
 90
        1
176
     1
 90
        1
176
     1
 90
        2
176
     1
 40
0.6
176
     1
 40
30.0
176
     1
 62
     7
420
 16777215
176
     1
 90
        1
176
     1
 90
        0
176
     1
 62
     7
176
     1
 62
   257
176
     1
 90
        1
176
     1
 90
        1
176
     1
 40
1.0
176
     1
 90
        0
176
     1
 62
   257
176
     1
 40
1.0
176
     1
 90
        1
176
     1
 90
        6
176
     1
 90
        2
176
     1
 62
     7
176
     1
 90
        5
176
     1
 90
        0
176
     1
 90
        0
176
     1
290
     0
176
     1
 90
       13
176
     1
 40
0.0
176
     1
 90
        0
176
     1
290
     0
176
     1
290
     1
176
     1
290
     1
176
     1
290
     0
176
     1
290
     0
176
     1
290
     0
176
     1
290
     0
176
     1
290
     0
176
     1
290
     0
176
     1
 90
       50
176
     1
 40
0.0
176
     1
 40
1.0
176
     1
 90
        0
176
     1
 62
    18
420
        0
176
     1
 90
       50
176
     1
 90
        3
176
     1
 62
     5
420
      255
176
     1
290
     0
176
     1
 90
       50
176
     1
 90
       50
176
     1
 90
       50
176
     1
290
     0
176
     1
 90
       50
176
     1
 62
   256
176
     0
 40
1.0
176
     0
 90
        2
176
     1
  1
strokes_ogs.tif
176
     1
290
     0
176
     1
 40
1.0
176
     1
 40
1.0
176
     1
  0
VISUALSTYLE
  5
2C
102
{ACAD_REACTORS
330
29
102
}
330
29
100
AcDbVisualStyle
  2
Gouraud
 70
     2
177
     3
291
     1
 70
    58
 90
        2
176
     1
 90
        2
176
     1
 90
        1
176
     1
 90
        2
176
     1
 40
0.6
176
     1
 40
30.0
176
     1
 62
     7
420
 16777215
176
     1
 90
        0
176
     1
 90
        0
176
     1
 62
     7
176
     1
 62
   257
176
     1
 90
        1
176
     1
 90
        1
176
     1
 40
1.0
176
     1
 90
        0
176
     1
 62
     7
176
     1
 40
1.0
176
     1
 90
        1
176
     1
 90
        6
176
     1
 90
        2
176
     1
 62
     7
176
     1
 90
        5
176
     1
 90
        0
176
     1
 90
        0
176
     1
290
     0
176
     1
 90
       13
176
     1
 40
0.0
176
     1
 90
        0
176
     1
290
     0
176
     1
290
     1
176
     1
290
     1
176
     1
290
     0
176
     1
290
     0
176
     1
290
     0
176
     1
290
     0
176
     1
290
     0
176
     1
290
     0
176
     1
 90
       50
176
     1
 40
0.0
176
     1
 40
1.0
176
     1
 90
        0
176
     1
 62
    18
420
        0
176
     1
 90
       50
176
     1
 90
        3
176
     1
 62
     5
420
      255
176
     1
290
     0
176
     1
 90
       50
176
     1
 90
       50
176
     1
 90
       50
176
     1
290
     0
176
     1
 90
       50
176
     1
 62
   256
176
     0
 40
1.0
176
     0
 90
        2
176
     1
  1
strokes_ogs.tif
176
     1
290
     0
176
     1
 40
1.0
176
     1
 40
1.0
176
     1
  0
VISUALSTYLE
  5
2D
102
{ACAD_REACTORS
330
29
102
}
330
29
100
AcDbVisualStyle
  2
GouraudWithEdges
 70
     3
177
     3
291
     1
 70
    58
 90
        2
176
     1
 90
        2
176
     1
 90
        1
176
     1
 90
        2
176
     1
 40
0.6
176
     1
 40
30.0
176
     1
 62
     7
420
 16777215
176
     1
 90
        1
176
     1
 90
        0
176
     1
 62
     7
176
     1
 62
   257
176
     1
 90
        1
176
     1
 90
        1
176
     1
 40
1.0
176
     1
 90
        0
176
     1
 62
   257
176
     1
 40
1.0
176
     1
 90
        1
176
     1
 90
        6
176
     1
 90
        2
176
     1
 62
     7
176
     1
 90
        5
176
     1
 90
        0
176
     1
 90
        0
176
     1
290
     0
176
     1
 90
       13
176
     1
 40
0.0
176
     1
 90
        0
176
     1
290
     0
176
     1
290
     1
176
     1
290
     1
176
     1
290
     0
176
     1
290
     0
176
     1
290
     0
176
     1
290
     0
176
     1
290
     0
176
     1
290
     0
176
     1
 90
       50
176
     1
 40
0.0
176
     1
 40
1.0
176
     1
 90
        0
176
     1
 62
    18
420
        0
176
     1
 90
       50
176
     1
 90
        3
176
     1
 62
     5
420
      255
176
     1
290
     0
176
     1
 90
       50
176
     1
 90
       50
176
     1
 90
       50
176
     1
290
     0
176
     1
 90
       50
176
     1
 62
   256
176
     0
 40
1.0
176
     0
 90
        2
176
     1
  1
strokes_ogs.tif
176
     1
290
     0
176
     1
 40
1.0
176
     1
 40
1.0
176
     1
  0
VISUALSTYLE
  5
31
102
{ACAD_REACTORS
330
29
102
}
330
29
100
AcDbVisualStyle
  2
Hidden
 70
     6
177
     3
291
     0
 70
    58
 90
        1
176
     1
 90
        2
176
     1
 90
        2
176
     1
 90
        0
176
     1
 40
0.6
176
     1
 40
30.0
176
     1
 62
     7
420
 16777215
176
     1
 90
        2
176
     1
 90
        2
176
     1
 62
     7
176
     1
 62
   257
176
     1
 90
        2
176
     1
 90
        1
176
     1
 40
40.0
176
     1
 90
        0
176
     1
 62
   257
176
     1
 40
1.0
176
     1
 90
        1
176
     1
 90
        6
176
     1
 90
        2
176
     1
 62
     7
176
     1
 90
        3
176
     1
 90
        0
176
     1
 90
        0
176
     1
290
     0
176
     1
 90
        1
176
     1
 40
0.0
176
     1
 90
        0
176
     1
290
     0
176
     1
290
     1
176
     1
290
     1
176
     1
290
     0
176
     1
290
     0
176
     1
290
     0
176
     1
290
     0
176
     1
290
     0
176
     1
290
     0
176
     1
 90
       50
176
     1
 40
0.0
176
     1
 40
1.0
176
     1
 90
        0
176
     1
 62
    18
420
        0
176
     1
 90
       50
176
     1
 90
        3
176
     1
 62
     5
420
      255
176
     1
290
     0
176
     1
 90
       50
176
     1
 90
       50
176
     1
 90
       50
176
     1
290
     0
176
     1
 90
       50
176
     1
 62
   256
176
     0
 40
1.0
176
     0
 90
        2
176
     1
  1
strokes_ogs.tif
176
     1
290
     0
176
     1
 40
1.0
176
     1
 40
1.0
176
     1
  0
VISUALSTYLE
  5
3F
102
{ACAD_REACTORS
330
29
102
}
330
29
100
AcDbVisualStyle
  2
JitterOff
 70
    20
177
     3
291
     1
 70
    58
 90
        2
176
     0
 90
        2
176
     0
 90
        0
176
     0
 90
        0
176
     0
 40
0.6
176
     0
 40
30.0
176
     0
 62
     7
420
 16777215
176
     0
 90
        1
176
     0
 90
        4
176
     0
 62
     7
176
     0
 62
   257
176
     0
 90
        1
176
     0
 90
        1
176
     0
 40
1.0
176
     0
 90
       10
176
     2
 62
     7
176
     0
 40
1.0
176
     0
 90
        1
176
     0
 90
        6
176
     0
 90
        2
176
     0
 62
     7
176
     0
 90
        5
176
     0
 90
        0
176
     0
 90
        0
176
     0
290
     0
176
     0
 90
        1
176
     0
 40
0.0
176
     0
 90
        0
176
     0
290
     0
176
     0
290
     1
176
     0
290
     1
176
     0
290
     0
176
     0
290
     0
176
     0
290
     0
176
     0
290
     0
176
     0
290
     0
176
     0
290
     0
176
     0
 90
       50
176
     0
 40
0.0
176
     0
 40
1.0
176
     0
 90
        0
176
     0
 62
    18
420
        0
176
     0
 90
       50
176
     0
 90
        3
176
     0
 62
     5
420
      255
176
     0
290
     0
176
     0
 90
       50
176
     0
 90
       50
176
     0
 90
       50
176
     0
290
     0
176
     0
 90
       50
176
     0
 62
   256
176
     0
 40
1.0
176
     0
 90
        2
176
     0
  1
strokes_ogs.tif
176
     0
290
     0
176
     0
 40
1.0
176
     0
 40
1.0
176
     0
  0
VISUALSTYLE
  5
37
102
{ACAD_REACTORS
330
29
102
}
330
29
100
AcDbVisualStyle
  2
Linepattern
 70
    14
177
     3
291
     1
 70
    58
 90
        2
176
     1
 90
        2
176
     1
 90
        0
176
     1
 90
        0
176
     1
 40
0.6
176
     1
 40
30.0
176
     1
 62
     7
420
 16777215
176
     1
 90
        1
176
     1
 90
        4
176
     1
 62
     7
176
     1
 62
   257
176
     1
 90
        7
176
     1
 90
        7
176
     1
 40
1.0
176
     1
 90
        8
176
     1
 62
     7
176
     1
 40
1.0
176
     1
 90
        1
176
     1
 90
        6
176
     1
 90
        2
176
     1
 62
     7
176
     1
 90
        5
176
     1
 90
        0
176
     1
 90
        0
176
     1
290
     0
176
     1
 90
        1
176
     1
 40
0.0
176
     1
 90
        0
176
     1
290
     0
176
     1
290
     1
176
     1
290
     1
176
     1
290
     0
176
     1
290
     0
176
     1
290
     0
176
     1
290
     0
176
     1
290
     0
176
     1
290
     0
176
     1
 90
       50
176
     1
 40
0.0
176
     1
 40
1.0
176
     1
 90
        0
176
     1
 62
    18
420
        0
176
     1
 90
       50
176
     1
 90
        3
176
     1
 62
     5
420
      255
176
     1
290
     0
176
     1
 90
       50
176
     1
 90
       50
176
     1
 90
       50
176
     1
290
     0
176
     1
 90
       50
176
     1
 62
   256
176
     0
 40
1.0
176
     0
 90
        2
176
     1
  1
strokes_ogs.tif
176
     1
290
     0
176
     1
 40
1.0
176
     1
 40
1.0
176
     1
  0
VISUALSTYLE
  5
40
102
{ACAD_REACTORS
330
29
102
}
330
29
100
AcDbVisualStyle
  2
OverhangOff
 70
    21
177
     3
291
     1
 70
    58
 90
        2
176
     0
 90
        2
176
     0
 90
        0
176
     0
 90
        0
176
     0
 40
0.6
176
     0
 40
30.0
176
     0
 62
     7
420
 16777215
176
     0
 90
        1
176
     0
 90
        4
176
     0
 62
     7
176
     0
 62
   257
176
     0
 90
        1
176
     0
 90
        1
176
     0
 40
1.0
176
     0
 90
        9
176
     2
 62
     7
176
     0
 40
1.0
176
     0
 90
        1
176
     0
 90
        6
176
     0
 90
        2
176
     0
 62
     7
176
     0
 90
        5
176
     0
 90
        0
176
     0
 90
        0
176
     0
290
     0
176
     0
 90
        1
176
     0
 40
0.0
176
     0
 90
        0
176
     0
290
     0
176
     0
290
     1
176
     0
290
     1
176
     0
290
     0
176
     0
290
     0
176
     0
290
     0
176
     0
290
     0
176
     0
290
     0
176
     0
290
     0
176
     0
 90
       50
176
     0
 40
0.0
176
     0
 40
1.0
176
     0
 90
        0
176
     0
 62
    18
420
        0
176
     0
 90
       50
176
     0
 90
        3
176
     0
 62
     5
420
      255
176
     0
290
     0
176
     0
 90
       50
176
     0
 90
       50
176
     0
 90
       50
176
     0
290
     0
176
     0
 90
       50
176
     0
 62
   256
176
     0
 40
1.0
176
     0
 90
        2
176
     0
  1
strokes_ogs.tif
176
     0
290
     0
176
     0
 40
1.0
176
     0
 40
1.0
176
     0
  0
VISUALSTYLE
  5
33
102
{ACAD_REACTORS
330
29
102
}
330
29
100
AcDbVisualStyle
  2
Realistic
 70
     8
177
     3
291
     0
 70
    58
 90
        2
176
     1
 90
        3
176
     1
 90
        0
176
     1
 90
        2
176
     1
 40
0.6
176
     1
 40
30.0
176
     1
 62
     7
420
 16777215
176
     1
 90
        0
176
     1
 90
        0
176
     1
 62
     7
176
     1
 62
   257
176
     1
 90
        1
176
     1
 90
        1
176
     1
 40
1.0
176
     1
 90
        8
176
     1
 62
   257
176
     1
 40
1.0
176
     1
 90
        1
176
     1
 90
        6
176
     1
 90
        2
176
     1
 62
     7
176
     1
 90
        3
176
     1
 90
        0
176
     1
 90
        0
176
     1
290
     0
176
     1
 90
       13
176
     1
 40
0.0
176
     1
 90
        0
176
     1
290
     0
176
     1
290
     1
176
     1
290
     1
176
     1
290
     0
176
     1
290
     0
176
     1
290
     0
176
     1
290
     0
176
     1
290
     0
176
     1
290
     0
176
     1
 90
       50
176
     1
 40
0.0
176
     1
 40
1.0
176
     1
 90
        0
176
     1
 62
    18
420
        0
176
     1
 90
       50
176
     1
 90
        3
176
     1
 62
     5
420
      255
176
     1
290
     0
176
     1
 90
       50
176
     1
 90
       50
176
     1
 90
       50
176
     1
290
     0
176
     1
 90
       50
176
     1
 62
   256
176
     0
 40
1.0
176
     0
 90
        2
176
     1
  1
strokes_ogs.tif
176
     1
290
     0
176
     1
 40
1.0
176
     1
 40
1.0
176
     1
  0
VISUALSTYLE
  5
3E
102
{ACAD_REACTORS
330
29
102
}
330
29
100
AcDbVisualStyle
  2
Shaded
 70
    27
177
     3
291
     0
 70
    58
 90
        2
176
     1
 90
        2
176
     1
 90
        1
176
     1
 90
        2
176
     1
 40
0.6
176
     1
 40
30.0
176
     1
 62
     7
420
 16777215
176
     1
 90
        0
176
     1
 90
        4
176
     1
 62
     7
176
     1
 62
   257
176
     1
 90
        1
176
     1
 90
        1
176
     1
 40
1.0
176
     1
 90
        8
176
     1
 62
   257
176
     1
 40
1.0
176
     1
 90
        1
176
     1
 90
        6
176
     1
 90
        2
176
     1
 62
     8
420
  7895160
176
     1
 90
        3
176
     1
 90
        0
176
     1
 90
        0
176
     1
290
     0
176
     1
 90
        5
176
     1
 40
0.0
176
     1
 90
        0
176
     1
290
     0
176
     1
290
     1
176
     1
290
     1
176
     1
290
     0
176
     1
290
     0
176
     1
290
     0
176
     1
290
     0
176
     1
290
     0
176
     1
290
     0
176
     1
 90
       50
176
     1
 40
0.0
176
     1
 40
1.0
176
     1
 90
        0
176
     1
 62
    18
420
        0
176
     1
 90
       50
176
     1
 90
        3
176
     1
 62
     5
420
      255
176
     1
290
     0
176
     1
 90
       50
176
     1
 90
       50
176
     1
 90
       50
176
     1
290
     0
176
     1
 90
       50
176
     1
 62
   256
176
     0
 40
1.0
176
     0
 90
        2
176
     1
  1
strokes_ogs.tif
176
     1
290
     0
176
     1
 40
1.0
176
     1
 40
1.0
176
     1
  0
VISUALSTYLE
  5
3D
102
{ACAD_REACTORS
330
29
102
}
330
29
100
AcDbVisualStyle
  2
Shaded with edges
 70
    26
177
     3
291
     0
 70
    58
 90
        2
176
     1
 90
        2
176
     1
 90
        1
176
     1
 90
        2
176
     1
 40
0.6
176
     1
 40
30.0
176
     1
 62
     7
420
 16777215
176
     1
 90
        1
176
     1
 90
        2
176
     1
 62
     7
176
     1
 62
   257
176
     1
 90
        2
176
     1
 90
        1
176
     1
 40
1.0
176
     1
 90
        8
176
     1
 62
   257
176
     1
 40
1.0
176
     1
 90
        1
176
     1
 90
        6
176
     1
 90
        2
176
     1
 62
     7
176
     1
 90
        3
176
     1
 90
        0
176
     1
 90
        0
176
     1
290
     0
176
     1
 90
        5
176
     1
 40
0.0
176
     1
 90
        0
176
     1
290
     0
176
     1
290
     1
176
     1
290
     1
176
     1
290
     0
176
     1
290
     0
176
     1
290
     0
176
     1
290
     0
176
     1
290
     0
176
     1
290
     0
176
     1
 90
       50
176
     1
 40
0.0
176
     1
 40
1.0
176
     1
 90
        0
176
     1
 62
    18
420
        0
176
     1
 90
       50
176
     1
 90
        3
176
     1
 62
     5
420
      255
176
     1
290
     0
176
     1
 90
       50
176
     1
 90
       50
176
     1
 90
       50
176
     1
290
     0
176
     1
 90
       50
176
     1
 62
   256
176
     0
 40
1.0
176
     0
 90
        2
176
     1
  1
strokes_ogs.tif
176
     1
290
     0
176
     1
 40
1.0
176
     1
 40
1.0
176
     1
  0
VISUALSTYLE
  5
3A
102
{ACAD_REACTORS
330
29
102
}
330
29
100
AcDbVisualStyle
  2
Shades of Gray
 70
    23
177
     3
291
     0
 70
    58
 90
        2
176
     1
 90
        2
176
     1
 90
        3
176
     1
 90
        0
176
     1
 40
0.6
176
     1
 40
30.0
176
     1
 62
     7
420
 16777215
176
     1
 90
        2
176
     1
 90
        2
176
     1
 62
     7
176
     1
 62
     7
176
     1
 90
        1
176
     1
 90
        1
176
     1
 40
40.0
176
     1
 90
        8
176
     1
 62
     7
176
     1
 40
1.0
176
     1
 90
        1
176
     1
 90
        6
176
     1
 90
        2
176
     1
 62
     7
176
     1
 90
        3
176
     1
 90
        0
176
     1
 90
        0
176
     1
290
     0
176
     1
 90
        1
176
     1
 40
0.0
176
     1
 90
        0
176
     1
290
     0
176
     1
290
     1
176
     1
290
     1
176
     1
290
     0
176
     1
290
     0
176
     1
290
     0
176
     1
290
     0
176
     1
290
     0
176
     1
290
     0
176
     1
 90
       50
176
     1
 40
0.0
176
     1
 40
1.0
176
     1
 90
        0
176
     1
 62
    18
420
        0
176
     1
 90
       50
176
     1
 90
        3
176
     1
 62
     5
420
      255
176
     1
290
     0
176
     1
 90
       50
176
     1
 90
       50
176
     1
 90
       50
176
     1
290
     0
176
     1
 90
       50
176
     1
 62
   256
176
     0
 40
1.0
176
     0
 90
        2
176
     1
  1
strokes_ogs.tif
176
     1
290
     0
176
     1
 40
1.0
176
     1
 40
1.0
176
     1
  0
VISUALSTYLE
  5
3B
102
{ACAD_REACTORS
330
29
102
}
330
29
100
AcDbVisualStyle
  2
Sketchy
 70
    24
177
     3
291
     0
 70
    58
 90
        1
176
     1
 90
        2
176
     1
 90
        2
176
     1
 90
        0
176
     1
 40
0.6
176
     1
 40
30.0
176
     1
 62
     7
420
 16777215
176
     1
 90
        2
176
     1
 90
        2
176
     1
 62
     7
176
     1
 62
     7
176
     1
 90
        1
176
     1
 90
        1
176
     1
 40
40.0
176
     1
 90
       11
176
     1
 62
     7
176
     1
 40
1.0
176
     1
 90
        1
176
     1
 90
        6
176
     1
 90
        2
176
     1
 62
     7
176
     1
 90
        6
176
     1
 90
        0
176
     1
 90
        0
176
     1
290
     0
176
     1
 90
        1
176
     1
 40
0.0
176
     1
 90
        0
176
     1
290
     0
176
     1
290
     1
176
     1
290
     1
176
     1
290
     0
176
     1
290
     0
176
     1
290
     0
176
     1
290
     0
176
     1
290
     0
176
     1
290
     0
176
     1
 90
       50
176
     1
 40
0.0
176
     1
 40
1.0
176
     1
 90
        0
176
     1
 62
    18
420
        0
176
     1
 90
       50
176
     1
 90
        3
176
     1
 62
     5
420
      255
176
     1
290
     0
176
     1
 90
       50
176
     1
 90
       50
176
     1
 90
       50
176
     1
290
     0
176
     1
 90
       50
176
     1
 62
   256
176
     0
 40
1.0
176
     0
 90
        2
176
     1
  1
strokes_ogs.tif
176
     1
290
     0
176
     1
 40
1.0
176
     1
 40
1.0
176
     1
  0
VISUALSTYLE
  5
36
102
{ACAD_REACTORS
330
29
102
}
330
29
100
AcDbVisualStyle
  2
Thicken
 70
    13
177
     3
291
     1
 70
    58
 90
        2
176
     1
 90
        2
176
     1
 90
        0
176
     1
 90
        0
176
     1
 40
0.6
176
     1
 40
30.0
176
     1
 62
     7
420
 16777215
176
     1
 90
        1
176
     1
 90
        4
176
     1
 62
     7
176
     1
 62
   257
176
     1
 90
        1
176
     1
 90
        1
176
     1
 40
1.0
176
     1
 90
       12
176
     1
 62
     7
176
     1
 40
1.0
176
     1
 90
        1
176
     1
 90
        6
176
     1
 90
        2
176
     1
 62
     7
176
     1
 90
        5
176
     1
 90
        0
176
     1
 90
        0
176
     1
290
     0
176
     1
 90
        1
176
     1
 40
0.0
176
     1
 90
        0
176
     1
290
     0
176
     1
290
     1
176
     1
290
     1
176
     1
290
     0
176
     1
290
     0
176
     1
290
     0
176
     1
290
     0
176
     1
290
     0
176
     1
290
     0
176
     1
 90
       50
176
     1
 40
0.0
176
     1
 40
1.0
176
     1
 90
        0
176
     1
 62
    18
420
        0
176
     1
 90
       50
176
     1
 90
        3
176
     1
 62
     5
420
      255
176
     1
290
     0
176
     1
 90
       50
176
     1
 90
       50
176
     1
 90
       50
176
     1
290
     0
176
     1
 90
       50
176
     1
 62
   256
176
     0
 40
1.0
176
     0
 90
        2
176
     1
  1
strokes_ogs.tif
176
     1
290
     0
176
     1
 40
1.0
176
     1
 40
1.0
176
     1
  0
VISUALSTYLE
  5
30
102
{ACAD_REACTORS
330
29
102
}
330
29
100
AcDbVisualStyle
  2
Wireframe
 70
     5
177
     3
291
     0
 70
    58
 90
        0
176
     1
 90
        2
176
     1
 90
        0
176
     1
 90
        0
176
     1
 40
0.6
176
     1
 40
30.0
176
     1
 62
     7
420
 16777215
176
     1
 90
        1
176
     1
 90
        4
176
     1
 62
     7
176
     1
 62
   257
176
     1
 90
        1
176
     1
 90
        1
176
     1
 40
1.0
176
     1
 90
        0
176
     1
 62
   257
176
     1
 40
1.0
176
     1
 90
        1
176
     1
 90
        6
176
     1
 90
        2
176
     1
 62
     7
176
     1
 90
        3
176
     1
 90
        0
176
     1
 90
        0
176
     1
290
     0
176
     1
 90
        1
176
     1
 40
0.0
176
     1
 90
        0
176
     1
290
     0
176
     1
290
     1
176
     1
290
     1
176
     1
290
     0
176
     1
290
     0
176
     1
290
     0
176
     1
290
     0
176
     1
290
     0
176
     1
290
     0
176
     1
 90
       50
176
     1
 40
0.0
176
     1
 40
1.0
176
     1
 90
        0
176
     1
 62
    18
420
        0
176
     1
 90
       50
176
     1
 90
        3
176
     1
 62
     5
420
      255
176
     1
290
     0
176
     1
 90
       50
176
     1
 90
       50
176
     1
 90
       50
176
     1
290
     0
176
     1
 90
       50
176
     1
 62
   256
176
     0
 40
1.0
176
     0
 90
        2
176
     1
  1
strokes_ogs.tif
176
     1
290
     0
176
     1
 40
1.0
176
     1
 40
1.0
176
     1
  0
VISUALSTYLE
  5
3C
102
{ACAD_REACTORS
330
29
102
}
330
29
100
AcDbVisualStyle
  2
X-Ray
 70
    25
177
     3
291
     0
 70
    58
 90
        2
176
     1
 90
        2
176
     1
 90
        1
176
     1
 90
        1
176
     1
 40
0.5
176
     1
 40
30.0
176
     1
 62
     7
420
 16777215
176
     1
 90
        1
176
     1
 90
        0
176
     1
 62
     7
176
     1
 62
   257
176
     1
 90
        1
176
     1
 90
        1
176
     1
 40
1.0
176
     1
 90
        8
176
     1
 62
     7
176
     1
 40
1.0
176
     1
 90
        1
176
     1
 90
        6
176
     1
 90
        2
176
     1
 62
     7
176
     1
 90
        3
176
     1
 90
        0
176
     1
 90
        0
176
     1
290
     0
176
     1
 90
       13
176
     1
 40
0.0
176
     1
 90
        0
176
     1
290
     0
176
     1
290
     1
176
     1
290
     1
176
     1
290
     0
176
     1
290
     0
176
     1
290
     0
176
     1
290
     0
176
     1
290
     0
176
     1
290
     0
176
     1
 90
       50
176
     1
 40
0.0
176
     1
 40
1.0
176
     1
 90
        0
176
     1
 62
    18
420
        0
176
     1
 90
       50
176
     1
 90
        3
176
     1
 62
     5
420
      255
176
     1
290
     0
176
     1
 90
       50
176
     1
 90
       50
176
     1
 90
       50
176
     1
290
     0
176
     1
 90
       50
176
     1
 62
   256
176
     0
 40
1.0
176
     0
 90
        2
176
     1
  1
strokes_ogs.tif
176
     1
290
     0
176
     1
 40
1.0
176
     1
 40
1.0
176
     1
  0
DICTIONARYVAR
  5
97
102
{ACAD_REACTORS
330
92
102
}
330
92
100
DictionaryVariables
280
     0
  1
1:1
  0
DICTIONARYVAR
  5
94
102
{ACAD_REACTORS
330
92
102
}
330
92
100
DictionaryVariables
280
     0
  1
STANDARD
  0
DICTIONARYVAR
  5
93
102
{ACAD_REACTORS
330
92
102
}
330
92
100
DictionaryVariables
280
     0
  1
STANDARD
  0
DICTIONARYVAR
  5
95
102
{ACAD_REACTORS
330
92
102
}
330
92
100
DictionaryVariables
280
     0
  1
Imperial24
  0
DICTIONARYVAR
  5
96
102
{ACAD_REACTORS
330
92
102
}
330
92
100
DictionaryVariables
280
     0
  1
Imperial24
  0
DICTIONARY
  5
1A
330
19
100
AcDbDictionary
280
     1
281
     1
  3
BUMPTILE
360
1C
  3
DIFFUSETILE
360
1B
  3
OPACITYTILE
360
1F
  3
REFLECTIONTILE
360
1E
  3
REFRACTIONTILE
360
20
  3
SPECULARTILE
360
1D
  0
DICTIONARY
  5
12
330
11
100
AcDbDictionary
280
     1
281
     1
  3
BUMPTILE
360
14
  3
DIFFUSETILE
360
13
  3
OPACITYTILE
360
17
  3
REFLECTIONTILE
360
16
  3
REFRACTIONTILE
360
18
  3
SPECULARTILE
360
15
  0
DICTIONARY
  5
22
330
21
100
AcDbDictionary
280
     1
281
     1
  3
BUMPTILE
360
24
  3
DIFFUSETILE
360
23
  3
OPACITYTILE
360
27
  3
REFLECTIONTILE
360
26
  3
REFRACTIONTILE
360
28
  3
SPECULARTILE
360
25
  0
DICTIONARY
  5
98
330
65
100
AcDbDictionary
280
     1
281
     1
  3
ACAD_ROUNDTRIP_2008_TABLESTYLE_CELLSTYLEMAP
360
99
  0
XRECORD
  5
1C
102
{ACAD_REACTORS
330
1A
102
}
330
1A
100
AcDbXrecord
280
     1
270
     1
271
     1
  0
XRECORD
  5
1B
102
{ACAD_REACTORS
330
1A
102
}
330
1A
100
AcDbXrecord
280
     1
270
     1
271
     1
  0
XRECORD
  5
1F
102
{ACAD_REACTORS
330
1A
102
}
330
1A
100
AcDbXrecord
280
     1
270
     1
271
     1
  0
XRECORD
  5
1E
102
{ACAD_REACTORS
330
1A
102
}
330
1A
100
AcDbXrecord
280
     1
270
     1
271
     1
  0
XRECORD
  5
20
102
{ACAD_REACTORS
330
1A
102
}
330
1A
100
AcDbXrecord
280
     1
270
     1
271
     1
  0
XRECORD
  5
1D
102
{ACAD_REACTORS
330
1A
102
}
330
1A
100
AcDbXrecord
280
     1
270
     1
271
     1
  0
XRECORD
  5
14
102
{ACAD_REACTORS
330
12
102
}
330
12
100
AcDbXrecord
280
     1
270
     1
271
     1
  0
XRECORD
  5
13
102
{ACAD_REACTORS
330
12
102
}
330
12
100
AcDbXrecord
280
     1
270
     1
271
     1
  0
XRECORD
  5
17
102
{ACAD_REACTORS
330
12
102
}
330
12
100
AcDbXrecord
280
     1
270
     1
271
     1
  0
XRECORD
  5
16
102
{ACAD_REACTORS
330
12
102
}
330
12
100
AcDbXrecord
280
     1
270
     1
271
     1
  0
XRECORD
  5
18
102
{ACAD_REACTORS
330
12
102
}
330
12
100
AcDbXrecord
280
     1
270
     1
271
     1
  0
XRECORD
  5
15
102
{ACAD_REACTORS
330
12
102
}
330
12
100
AcDbXrecord
280
     1
270
     1
271
     1
  0
XRECORD
  5
24
102
{ACAD_REACTORS
330
22
102
}
330
22
100
AcDbXrecord
280
     1
270
     1
271
     1
  0
XRECORD
  5
23
102
{ACAD_REACTORS
330
22
102
}
330
22
100
AcDbXrecord
280
     1
270
     1
271
     1
  0
XRECORD
  5
27
102
{ACAD_REACTORS
330
22
102
}
330
22
100
AcDbXrecord
280
     1
270
     1
271
     1
  0
XRECORD
  5
26
102
{ACAD_REACTORS
330
22
102
}
330
22
100
AcDbXrecord
280
     1
270
     1
271
     1
  0
XRECORD
  5
28
102
{ACAD_REACTORS
330
22
102
}
330
22
100
AcDbXrecord
280
     1
270
     1
271
     1
  0
XRECORD
  5
25
102
{ACAD_REACTORS
330
22
102
}
330
22
100
AcDbXrecord
280
     1
270
     1
271
     1
  0
CELLSTYLEMAP
  5
99
102
{ACAD_REACTORS
330
98
102
}
330
98
100
AcDbCellStyleMap
 90
        3
300
CELLSTYLE
  1
TABLEFORMAT_BEGIN
 90
        5
170
     1
 91
        0
 92
    32768
 62
   257
 93
        1
300
CONTENTFORMAT
  1
CONTENTFORMAT_BEGIN
 90
        0
 91
        0
 92
      512
 93
        0
300

 40
0.0
140
1.0
 94
        5
 62
     0
340
55
144
0.25
309
CONTENTFORMAT_END
171
     0
 94
        0
309
TABLEFORMAT_END
  1
CELLSTYLE_BEGIN
 90
        1
 91
        1
300
_TITLE
309
CELLSTYLE_END
300
CELLSTYLE
  1
TABLEFORMAT_BEGIN
 90
        5
170
     1
 91
        0
 92
        0
 62
   257
 93
        1
300
CONTENTFORMAT
  1
CONTENTFORMAT_BEGIN
 90
        0
 91
        0
 92
      512
 93
        0
300

 40
0.0
140
1.0
 94
        5
 62
     0
340
55
144
0.18
309
CONTENTFORMAT_END
171
     0
 94
        0
309
TABLEFORMAT_END
  1
CELLSTYLE_BEGIN
 90
        2
 91
        1
300
_HEADER
309
CELLSTYLE_END
300
CELLSTYLE
  1
TABLEFORMAT_BEGIN
 90
        5
170
     1
 91
        0
 92
        0
 62
   257
 93
        1
300
CONTENTFORMAT
  1
CONTENTFORMAT_BEGIN
 90
        0
 91
        0
 92
      512
 93
        0
300

 40
0.0
140
1.0
 94
        2
 62
     0
340
55
144
0.18
309
CONTENTFORMAT_END
171
     0
 94
        0
309
TABLEFORMAT_END
  1
CELLSTYLE_BEGIN
 90
        3
 91
        2
300
_DATA
309
CELLSTYLE_END
  0
ENDSEC
  0
EOF
