ISO-10303-21;
HEADER;

/* File generated by Shapr3D Version 5.920.0.9294 */

FILE_DESCRIPTION(('HOOPS Exchange Step'),'2;1');

FILE_NAME('/Users/abstractmachine/Library/Containers/com.shapr3d.shapr/Data/tmp/export/temp_export',
'2025-08-11T08:19:16+02:00',
('abstractmachine'),
('Shapr3D Limited'),
'HOOPS Exchange 2025.5',
'Shapr3D',
'Authorized');

FILE_SCHEMA( ('AP242_MANAGED_MODEL_BASED_3D_ENGINEERING_MIM_LF {1 0 10303 442 1 1 4}') );

ENDSEC;

DATA;
#3=(NAMED_UNIT(*)PLANE_ANGLE_UNIT()SI_UNIT($,.RADIAN.));
#4=PLANE_ANGLE_MEASURE_WITH_UNIT(PLANE_ANGLE_MEASURE(0.0174532925),#3);
#5=(CONVERSION_BASED_UNIT('DEGREE',#4)NAMED_UNIT(#6)PLANE_ANGLE_UNIT());
#6=DIMENSIONAL_EXPONENTS(0.,0.,0.,0.,0.,0.,0.);
#7=(NAMED_UNIT(*)SI_UNIT($,.STERADIAN.)SOLID_ANGLE_UNIT());
#8=(LENGTH_UNIT()NAMED_UNIT(*)SI_UNIT(.MILLI.,.METRE.));
#9=UNCERTAINTY_MEASURE_WITH_UNIT(LENGTH_MEASURE(1.000000E-03),#8,'DISTANCE_ACCURACY_VALUE','Maximum Tolerance applied to model');
#10=(GEOMETRIC_REPRESENTATION_CONTEXT(3)GLOBAL_UNCERTAINTY_ASSIGNED_CONTEXT((#9))GLOBAL_UNIT_ASSIGNED_CONTEXT((#8,#5,#7))REPRESENTATION_CONTEXT('','root'));
#12=CARTESIAN_POINT('',(0.,0.,0.));
#13=DIRECTION('',(0.,0.,1.));
#14=DIRECTION('',(1.,0.,0.));
#15=AXIS2_PLACEMENT_3D('',#12,#13,#14);
#26=(NAMED_UNIT(*)PLANE_ANGLE_UNIT()SI_UNIT($,.RADIAN.));
#27=PLANE_ANGLE_MEASURE_WITH_UNIT(PLANE_ANGLE_MEASURE(0.0174532925),#26);
#28=(CONVERSION_BASED_UNIT('DEGREE',#27)NAMED_UNIT(#29)PLANE_ANGLE_UNIT());
#29=DIMENSIONAL_EXPONENTS(0.,0.,0.,0.,0.,0.,0.);
#30=(NAMED_UNIT(*)SI_UNIT($,.STERADIAN.)SOLID_ANGLE_UNIT());
#31=(LENGTH_UNIT()NAMED_UNIT(*)SI_UNIT(.MILLI.,.METRE.));
#32=UNCERTAINTY_MEASURE_WITH_UNIT(LENGTH_MEASURE(1.000000E-05),#31,'DISTANCE_ACCURACY_VALUE','Maximum Tolerance applied to model');
#33=(GEOMETRIC_REPRESENTATION_CONTEXT(3)GLOBAL_UNCERTAINTY_ASSIGNED_CONTEXT((#32))GLOBAL_UNIT_ASSIGNED_CONTEXT((#31,#28,#30))REPRESENTATION_CONTEXT('','Trigger'));
#45=CARTESIAN_POINT('',(0.,0.,0.));
#46=DIRECTION('',(0.,0.,1.));
#47=DIRECTION('',(1.,0.,-0.));
#48=AXIS2_PLACEMENT_3D('',#45,#46,#47);
#49=ITEM_DEFINED_TRANSFORMATION('','',#48,#15);
#50=(REPRESENTATION_RELATIONSHIP('','',#35,#16)REPRESENTATION_RELATIONSHIP_WITH_TRANSFORMATION(#49)SHAPE_REPRESENTATION_RELATIONSHIP());
#51=NEXT_ASSEMBLY_USAGE_OCCURRENCE('Trigger_1','Trigger','Trigger',#25,#44,$);
#52=PRODUCT_DEFINITION_SHAPE('','',#51);
#53=CONTEXT_DEPENDENT_SHAPE_REPRESENTATION(#50,#52);
#55=CARTESIAN_POINT('',(33.3421875,74.8911609,4.999999989));
#56=CARTESIAN_POINT('',(28.3421875,74.8911609,4.999999989));
#57=CARTESIAN_POINT('',(33.3421875,74.587357995,3.012988488));
#58=CARTESIAN_POINT('',(28.3421875,74.587357995,3.012988488));
#59=CARTESIAN_POINT('',(33.3421875,71.729172952,2.73687105));
#60=CARTESIAN_POINT('',(28.3421875,71.729172952,2.73687105));
#61=CARTESIAN_POINT('',(33.3421875,69.460130433,2.372451134));
#62=CARTESIAN_POINT('',(28.3421875,69.460130433,2.372451134));
#63=CARTESIAN_POINT('',(33.3421875,69.271824015,-0.764781628));
#64=CARTESIAN_POINT('',(28.3421875,69.271824015,-0.764781628));
#65=CARTESIAN_POINT('',(33.3421875,66.539773207,-1.496832436));
#66=CARTESIAN_POINT('',(28.3421875,66.539773207,-1.496832436));
#67=CARTESIAN_POINT('',(33.3421875,58.209646189,-5.925035666));
#68=CARTESIAN_POINT('',(28.3421875,58.209646189,-5.925035666));
#69=CARTESIAN_POINT('',(33.3421875,54.325671592,-14.652277002));
#70=CARTESIAN_POINT('',(28.3421875,54.325671592,-14.652277002));
#71=CARTESIAN_POINT('',(33.3421875,54.356760506,-21.598429425));
#72=CARTESIAN_POINT('',(28.3421875,54.356760506,-21.598429425));
#73=CARTESIAN_POINT('',(33.3421875,56.320862121,-26.196505636));
#74=CARTESIAN_POINT('',(28.3421875,56.320862121,-26.196505636));
#75=B_SPLINE_SURFACE_WITH_KNOTS('',4,1,((#55,#56),(#57,#58),(#59,#60),(#61,#62),(#63,#64),(#65,#66),(#67,#68),(#69,#70),(#71,#72),(#73,#74)),.UNSPECIFIED.,.F.,.F.,.U.,(5,1,1,1,1,1,5),(2,2),(0.041983005,0.166666667,0.333333333,0.5,0.666666667,0.833333333,1.),(0.,1.),.UNSPECIFIED.);
#76=CARTESIAN_POINT('',(28.3421875,74.891160903,5.));
#77=VERTEX_POINT('',#76);
#78=CARTESIAN_POINT('',(33.3421875,74.891160902,5.));
#79=VERTEX_POINT('',#78);
#80=CARTESIAN_POINT('',(28.3421875,74.891160902,5.));
#81=DIRECTION('',(1.,-0.,-0.));
#82=VECTOR('',#81,5.);
#83=LINE('',#80,#82);
#84=EDGE_CURVE('',#77,#79,#83,.T.);
#85=ORIENTED_EDGE('',*,*,#84,.F.);
#86=CARTESIAN_POINT('',(28.3421875,56.320862121,-26.196505636));
#87=VERTEX_POINT('',#86);
#88=CARTESIAN_POINT('',(28.3421875,74.891160905,5.000000024));
#89=CARTESIAN_POINT('',(28.3421875,74.587358011,3.01298849));
#90=CARTESIAN_POINT('',(28.3421875,71.729172958,2.73687105));
#91=CARTESIAN_POINT('',(28.3421875,69.460130433,2.372451136));
#92=CARTESIAN_POINT('',(28.3421875,69.271824015,-0.764781628));
#93=CARTESIAN_POINT('',(28.3421875,66.539773207,-1.496832436));
#94=CARTESIAN_POINT('',(28.3421875,58.209646189,-5.925035666));
#95=CARTESIAN_POINT('',(28.3421875,54.325671592,-14.652277002));
#96=CARTESIAN_POINT('',(28.3421875,54.356760506,-21.598429425));
#97=CARTESIAN_POINT('',(28.3421875,56.320862121,-26.196505636));
#98=B_SPLINE_CURVE_WITH_KNOTS('',4,(#88,#89,#90,#91,#92,#93,#94,#95,#96,#97),.UNSPECIFIED.,.F.,.F.,(5,1,1,1,1,1,5),(0.041983004,0.166666667,0.333333333,0.5,0.666666667,0.833333333,1.),.UNSPECIFIED.);
#99=EDGE_CURVE('',#77,#87,#98,.T.);
#100=ORIENTED_EDGE('',*,*,#99,.T.);
#101=CARTESIAN_POINT('',(33.3421875,56.320862121,-26.196505636));
#102=VERTEX_POINT('',#101);
#103=CARTESIAN_POINT('',(33.3421875,56.320862121,-26.196505636));
#104=DIRECTION('',(-1.,0.,0.));
#105=VECTOR('',#104,5.);
#106=LINE('',#103,#105);
#107=EDGE_CURVE('',#102,#87,#106,.T.);
#108=ORIENTED_EDGE('',*,*,#107,.F.);
#109=CARTESIAN_POINT('',(33.3421875,74.891160905,5.000000024));
#110=CARTESIAN_POINT('',(33.3421875,74.587358011,3.01298849));
#111=CARTESIAN_POINT('',(33.3421875,71.729172958,2.73687105));
#112=CARTESIAN_POINT('',(33.3421875,69.460130433,2.372451136));
#113=CARTESIAN_POINT('',(33.3421875,69.271824015,-0.764781628));
#114=CARTESIAN_POINT('',(33.3421875,66.539773207,-1.496832436));
#115=CARTESIAN_POINT('',(33.3421875,58.209646189,-5.925035666));
#116=CARTESIAN_POINT('',(33.3421875,54.325671592,-14.652277002));
#117=CARTESIAN_POINT('',(33.3421875,54.356760506,-21.598429425));
#118=CARTESIAN_POINT('',(33.3421875,56.320862121,-26.196505636));
#119=B_SPLINE_CURVE_WITH_KNOTS('',4,(#109,#110,#111,#112,#113,#114,#115,#116,#117,#118),.UNSPECIFIED.,.F.,.F.,(5,1,1,1,1,1,5),(0.041983004,0.166666667,0.333333333,0.5,0.666666667,0.833333333,1.),.UNSPECIFIED.);
#120=EDGE_CURVE('',#79,#102,#119,.T.);
#121=ORIENTED_EDGE('',*,*,#120,.F.);
#122=EDGE_LOOP('',(#85,#100,#108,#121));
#123=FACE_BOUND('',#122,.T.);
#124=ADVANCED_FACE('',(#123),#75,.F.);
#125=CARTESIAN_POINT('',(33.3421875,75.877912928,3.677300009));
#126=DIRECTION('',(0.,0.995623407,0.093456037));
#127=DIRECTION('',(0.,-0.093456037,0.995623407));
#128=AXIS2_PLACEMENT_3D('',#125,#126,#127);
#129=PLANE('',#128);
#130=CARTESIAN_POINT('',(28.3421875,75.753755241,5.));
#131=VERTEX_POINT('',#130);
#132=CARTESIAN_POINT('',(28.3421875,76.410796761,-1.999718119));
#133=VERTEX_POINT('',#132);
#134=CARTESIAN_POINT('',(28.3421875,75.753755241,5.));
#135=DIRECTION('',(-0.,0.093456037,-0.995623407));
#136=VECTOR('',#135,7.0304877);
#137=LINE('',#134,#136);
#138=EDGE_CURVE('',#131,#133,#137,.T.);
#139=ORIENTED_EDGE('',*,*,#138,.F.);
#140=CARTESIAN_POINT('',(33.3421875,75.753755241,5.));
#141=VERTEX_POINT('',#140);
#142=CARTESIAN_POINT('',(28.3421875,75.753755241,5.));
#143=DIRECTION('',(1.,-0.,0.));
#144=VECTOR('',#143,5.);
#145=LINE('',#142,#144);
#146=EDGE_CURVE('',#131,#141,#145,.T.);
#147=ORIENTED_EDGE('',*,*,#146,.T.);
#148=CARTESIAN_POINT('',(33.3421875,76.410796761,-1.999718119));
#149=VERTEX_POINT('',#148);
#150=CARTESIAN_POINT('',(33.3421875,75.753755241,5.));
#151=DIRECTION('',(-0.,0.093456037,-0.995623407));
#152=VECTOR('',#151,7.0304877);
#153=LINE('',#150,#152);
#154=EDGE_CURVE('',#141,#149,#153,.T.);
#155=ORIENTED_EDGE('',*,*,#154,.T.);
#156=CARTESIAN_POINT('',(33.3421875,76.410796761,-1.999718119));
#157=DIRECTION('',(-1.,0.,0.));
#158=VECTOR('',#157,5.);
#159=LINE('',#156,#158);
#160=EDGE_CURVE('',#149,#133,#159,.T.);
#161=ORIENTED_EDGE('',*,*,#160,.T.);
#162=EDGE_LOOP('',(#139,#147,#155,#161));
#163=FACE_BOUND('',#162,.T.);
#164=ADVANCED_FACE('',(#163),#129,.T.);
#165=CARTESIAN_POINT('',(33.3421875,-3.,-70.0921875));
#166=DIRECTION('',(-1.,0.,0.));
#167=DIRECTION('',(0.,0.,1.));
#168=AXIS2_PLACEMENT_3D('',#165,#166,#167);
#169=PLANE('',#168);
#170=CARTESIAN_POINT('',(33.3421875,72.003874823,1.467269179));
#171=VERTEX_POINT('',#170);
#172=CARTESIAN_POINT('',(33.3421875,72.003874823,-0.032730821));
#173=DIRECTION('',(-1.,0.,0.));
#174=DIRECTION('',(0.,0.,1.));
#175=AXIS2_PLACEMENT_3D('',#172,#173,#174);
#176=CIRCLE('',#175,1.5);
#177=EDGE_CURVE('',#171,#171,#176,.T.);
#178=ORIENTED_EDGE('',*,*,#177,.T.);
#179=EDGE_LOOP('',(#178));
#180=FACE_BOUND('',#179,.T.);
#181=CARTESIAN_POINT('',(33.3421875,74.891160902,5.));
#182=DIRECTION('',(0.,1.,0.));
#183=VECTOR('',#182,0.86259434);
#184=LINE('',#181,#183);
#185=EDGE_CURVE('',#79,#141,#184,.T.);
#186=ORIENTED_EDGE('',*,*,#185,.F.);
#187=ORIENTED_EDGE('',*,*,#120,.T.);
#188=CARTESIAN_POINT('',(33.3421875,57.053874823,-25.926890394));
#189=VERTEX_POINT('',#188);
#190=CARTESIAN_POINT('',(33.3421875,57.053874823,-25.926890394));
#191=DIRECTION('',(-0.,-0.938526593,-0.345206944));
#192=VECTOR('',#191,0.781024968);
#193=LINE('',#190,#192);
#194=EDGE_CURVE('',#189,#102,#193,.T.);
#195=ORIENTED_EDGE('',*,*,#194,.F.);
#196=CARTESIAN_POINT('',(33.3421875,76.410796761,-1.999718119));
#197=CARTESIAN_POINT('',(33.3421875,74.405540872,-1.0729232));
#198=CARTESIAN_POINT('',(33.3421875,74.615348494,-1.30952574));
#199=CARTESIAN_POINT('',(33.3421875,73.505540872,-2.631768927));
#200=CARTESIAN_POINT('',(33.3421875,72.476118009,-2.614781628));
#201=CARTESIAN_POINT('',(33.3421875,68.887849419,-3.429845138));
#202=CARTESIAN_POINT('',(33.3421875,63.789773207,-6.259972157));
#203=CARTESIAN_POINT('',(33.3421875,58.990735102,-11.572149983));
#204=CARTESIAN_POINT('',(33.3421875,56.440093839,-17.989990242));
#205=CARTESIAN_POINT('',(33.3421875,56.338811313,-22.165416723));
#206=CARTESIAN_POINT('',(33.3421875,57.053874823,-25.926890394));
#207=B_SPLINE_CURVE_WITH_KNOTS('',4,(#196,#197,#198,#199,#200,#201,#202,#203,#204,#205,#206),.UNSPECIFIED.,.F.,.F.,(5,1,1,1,1,1,1,5),(0.,0.142857143,0.285714286,0.428571429,0.571428571,0.714285714,0.857142857,1.),.UNSPECIFIED.);
#208=EDGE_CURVE('',#149,#189,#207,.T.);
#209=ORIENTED_EDGE('',*,*,#208,.F.);
#210=ORIENTED_EDGE('',*,*,#154,.F.);
#211=EDGE_LOOP('',(#186,#187,#195,#209,#210));
#212=FACE_BOUND('',#211,.T.);
#213=ADVANCED_FACE('',(#180,#212),#169,.F.);
#214=CARTESIAN_POINT('',(28.3421875,-3.,-70.0921875));
#215=DIRECTION('',(-1.,0.,0.));
#216=DIRECTION('',(0.,0.,1.));
#217=AXIS2_PLACEMENT_3D('',#214,#215,#216);
#218=PLANE('',#217);
#219=CARTESIAN_POINT('',(28.3421875,72.003874823,1.467269179));
#220=VERTEX_POINT('',#219);
#221=CARTESIAN_POINT('',(28.3421875,72.003874823,-0.032730821));
#222=DIRECTION('',(-1.,0.,0.));
#223=DIRECTION('',(0.,0.,1.));
#224=AXIS2_PLACEMENT_3D('',#221,#222,#223);
#225=CIRCLE('',#224,1.5);
#226=EDGE_CURVE('',#220,#220,#225,.T.);
#227=ORIENTED_EDGE('',*,*,#226,.F.);
#228=EDGE_LOOP('',(#227));
#229=FACE_BOUND('',#228,.T.);
#230=ORIENTED_EDGE('',*,*,#99,.F.);
#231=CARTESIAN_POINT('',(28.3421875,74.891160903,5.));
#232=DIRECTION('',(0.,1.,0.));
#233=VECTOR('',#232,0.862594338);
#234=LINE('',#231,#233);
#235=EDGE_CURVE('',#77,#131,#234,.T.);
#236=ORIENTED_EDGE('',*,*,#235,.T.);
#237=ORIENTED_EDGE('',*,*,#138,.T.);
#238=CARTESIAN_POINT('',(28.3421875,57.053874823,-25.926890394));
#239=VERTEX_POINT('',#238);
#240=CARTESIAN_POINT('',(28.3421875,76.410796761,-1.999718119));
#241=CARTESIAN_POINT('',(28.3421875,74.405540872,-1.0729232));
#242=CARTESIAN_POINT('',(28.3421875,74.615348494,-1.30952574));
#243=CARTESIAN_POINT('',(28.3421875,73.505540872,-2.631768927));
#244=CARTESIAN_POINT('',(28.3421875,72.476118009,-2.614781628));
#245=CARTESIAN_POINT('',(28.3421875,68.887849419,-3.429845138));
#246=CARTESIAN_POINT('',(28.3421875,63.789773207,-6.259972157));
#247=CARTESIAN_POINT('',(28.3421875,58.990735102,-11.572149983));
#248=CARTESIAN_POINT('',(28.3421875,56.440093839,-17.989990242));
#249=CARTESIAN_POINT('',(28.3421875,56.338811313,-22.165416723));
#250=CARTESIAN_POINT('',(28.3421875,57.053874823,-25.926890394));
#251=B_SPLINE_CURVE_WITH_KNOTS('',4,(#240,#241,#242,#243,#244,#245,#246,#247,#248,#249,#250),.UNSPECIFIED.,.F.,.F.,(5,1,1,1,1,1,1,5),(0.,0.142857143,0.285714286,0.428571429,0.571428571,0.714285714,0.857142857,1.),.UNSPECIFIED.);
#252=EDGE_CURVE('',#133,#239,#251,.T.);
#253=ORIENTED_EDGE('',*,*,#252,.T.);
#254=CARTESIAN_POINT('',(28.3421875,57.053874823,-25.926890394));
#255=DIRECTION('',(-0.,-0.938526593,-0.345206944));
#256=VECTOR('',#255,0.781024968);
#257=LINE('',#254,#256);
#258=EDGE_CURVE('',#239,#87,#257,.T.);
#259=ORIENTED_EDGE('',*,*,#258,.T.);
#260=EDGE_LOOP('',(#230,#236,#237,#253,#259));
#261=FACE_BOUND('',#260,.T.);
#262=ADVANCED_FACE('',(#229,#261),#218,.T.);
#263=CARTESIAN_POINT('',(33.3421875,76.410796761,-1.999718119));
#264=CARTESIAN_POINT('',(28.3421875,76.410796761,-1.999718119));
#265=CARTESIAN_POINT('',(33.3421875,74.405540872,-1.0729232));
#266=CARTESIAN_POINT('',(28.3421875,74.405540872,-1.0729232));
#267=CARTESIAN_POINT('',(33.3421875,74.615348494,-1.30952574));
#268=CARTESIAN_POINT('',(28.3421875,74.615348494,-1.30952574));
#269=CARTESIAN_POINT('',(33.3421875,73.505540872,-2.631768927));
#270=CARTESIAN_POINT('',(28.3421875,73.505540872,-2.631768927));
#271=CARTESIAN_POINT('',(33.3421875,72.476118009,-2.614781628));
#272=CARTESIAN_POINT('',(28.3421875,72.476118009,-2.614781628));
#273=CARTESIAN_POINT('',(33.3421875,68.887849419,-3.429845138));
#274=CARTESIAN_POINT('',(28.3421875,68.887849419,-3.429845138));
#275=CARTESIAN_POINT('',(33.3421875,63.789773207,-6.259972157));
#276=CARTESIAN_POINT('',(28.3421875,63.789773207,-6.259972157));
#277=CARTESIAN_POINT('',(33.3421875,58.990735102,-11.572149983));
#278=CARTESIAN_POINT('',(28.3421875,58.990735102,-11.572149983));
#279=CARTESIAN_POINT('',(33.3421875,56.440093839,-17.989990242));
#280=CARTESIAN_POINT('',(28.3421875,56.440093839,-17.989990242));
#281=CARTESIAN_POINT('',(33.3421875,56.338811313,-22.165416723));
#282=CARTESIAN_POINT('',(28.3421875,56.338811313,-22.165416723));
#283=CARTESIAN_POINT('',(33.3421875,57.053874823,-25.926890394));
#284=CARTESIAN_POINT('',(28.3421875,57.053874823,-25.926890394));
#285=B_SPLINE_SURFACE_WITH_KNOTS('',4,1,((#263,#264),(#265,#266),(#267,#268),(#269,#270),(#271,#272),(#273,#274),(#275,#276),(#277,#278),(#279,#280),(#281,#282),(#283,#284)),.UNSPECIFIED.,.F.,.F.,.U.,(5,1,1,1,1,1,1,5),(2,2),(0.,0.142857143,0.285714286,0.428571429,0.571428571,0.714285714,0.857142857,1.),(0.,1.),.UNSPECIFIED.);
#286=ORIENTED_EDGE('',*,*,#252,.F.);
#287=ORIENTED_EDGE('',*,*,#160,.F.);
#288=ORIENTED_EDGE('',*,*,#208,.T.);
#289=CARTESIAN_POINT('',(33.3421875,57.053874823,-25.926890394));
#290=DIRECTION('',(-1.,0.,0.));
#291=VECTOR('',#290,5.);
#292=LINE('',#289,#291);
#293=EDGE_CURVE('',#189,#239,#292,.T.);
#294=ORIENTED_EDGE('',*,*,#293,.T.);
#295=EDGE_LOOP('',(#286,#287,#288,#294));
#296=FACE_BOUND('',#295,.T.);
#297=ADVANCED_FACE('',(#296),#285,.T.);
#298=CARTESIAN_POINT('',(33.3421875,72.003874823,-0.032730821));
#299=DIRECTION('',(-1.,0.,0.));
#300=DIRECTION('',(0.,0.,1.));
#301=AXIS2_PLACEMENT_3D('',#298,#299,#300);
#302=CYLINDRICAL_SURFACE('',#301,1.5);
#303=CARTESIAN_POINT('',(28.3421875,72.003874823,1.467269179));
#304=DIRECTION('',(1.,-0.,-0.));
#305=VECTOR('',#304,5.);
#306=LINE('',#303,#305);
#307=EDGE_CURVE('',#220,#171,#306,.T.);
#308=ORIENTED_EDGE('',*,*,#307,.F.);
#309=ORIENTED_EDGE('',*,*,#226,.T.);
#310=ORIENTED_EDGE('',*,*,#307,.T.);
#311=ORIENTED_EDGE('',*,*,#177,.F.);
#312=EDGE_LOOP('',(#308,#309,#310,#311));
#313=FACE_BOUND('',#312,.T.);
#314=ADVANCED_FACE('',(#313),#302,.F.);
#315=CARTESIAN_POINT('',(33.3421875,56.687368472,-26.061698015));
#316=DIRECTION('',(-0.,0.345206944,-0.938526593));
#317=DIRECTION('',(0.,0.938526593,0.345206944));
#318=AXIS2_PLACEMENT_3D('',#315,#316,#317);
#319=PLANE('',#318);
#320=ORIENTED_EDGE('',*,*,#258,.F.);
#321=ORIENTED_EDGE('',*,*,#293,.F.);
#322=ORIENTED_EDGE('',*,*,#194,.T.);
#323=ORIENTED_EDGE('',*,*,#107,.T.);
#324=EDGE_LOOP('',(#320,#321,#322,#323));
#325=FACE_BOUND('',#324,.T.);
#326=ADVANCED_FACE('',(#325),#319,.T.);
#327=CARTESIAN_POINT('',(1.25,-3.,5.));
#328=DIRECTION('',(0.,0.,1.));
#329=DIRECTION('',(1.,0.,0.));
#330=AXIS2_PLACEMENT_3D('',#327,#328,#329);
#331=PLANE('',#330);
#332=ORIENTED_EDGE('',*,*,#185,.T.);
#333=ORIENTED_EDGE('',*,*,#146,.F.);
#334=ORIENTED_EDGE('',*,*,#235,.F.);
#335=ORIENTED_EDGE('',*,*,#84,.T.);
#336=EDGE_LOOP('',(#332,#333,#334,#335));
#337=FACE_BOUND('',#336,.T.);
#338=ADVANCED_FACE('',(#337),#331,.T.);
#339=CLOSED_SHELL('',(#124,#164,#213,#262,#297,#314,#326,#338));
#340=MANIFOLD_SOLID_BREP('Body 06',#339);
#341=COLOUR_RGB('',0.760784328,0.619607866,0.43921569);
#342=FILL_AREA_STYLE_COLOUR('',#341);
#343=FILL_AREA_STYLE('',(#342));
#344=SURFACE_STYLE_FILL_AREA(#343);
#345=SURFACE_SIDE_STYLE('',(#344));
#346=SURFACE_STYLE_USAGE(.BOTH.,#345);
#347=PRESENTATION_STYLE_ASSIGNMENT((#346));
#54=STYLED_ITEM('',(#347),#340);
#349=CARTESIAN_POINT('',(-33.5078125,74.8911609,4.999999989));
#350=CARTESIAN_POINT('',(-28.5078125,74.8911609,4.999999989));
#351=CARTESIAN_POINT('',(-33.5078125,74.587357995,3.012988488));
#352=CARTESIAN_POINT('',(-28.5078125,74.587357995,3.012988488));
#353=CARTESIAN_POINT('',(-33.5078125,71.729172952,2.73687105));
#354=CARTESIAN_POINT('',(-28.5078125,71.729172952,2.73687105));
#355=CARTESIAN_POINT('',(-33.5078125,69.460130433,2.372451134));
#356=CARTESIAN_POINT('',(-28.5078125,69.460130433,2.372451134));
#357=CARTESIAN_POINT('',(-33.5078125,69.271824015,-0.764781628));
#358=CARTESIAN_POINT('',(-28.5078125,69.271824015,-0.764781628));
#359=CARTESIAN_POINT('',(-33.5078125,66.539773207,-1.496832436));
#360=CARTESIAN_POINT('',(-28.5078125,66.539773207,-1.496832436));
#361=CARTESIAN_POINT('',(-33.5078125,58.209646189,-5.925035666));
#362=CARTESIAN_POINT('',(-28.5078125,58.209646189,-5.925035666));
#363=CARTESIAN_POINT('',(-33.5078125,54.325671592,-14.652277002));
#364=CARTESIAN_POINT('',(-28.5078125,54.325671592,-14.652277002));
#365=CARTESIAN_POINT('',(-33.5078125,54.356760506,-21.598429425));
#366=CARTESIAN_POINT('',(-28.5078125,54.356760506,-21.598429425));
#367=CARTESIAN_POINT('',(-33.5078125,56.320862121,-26.196505636));
#368=CARTESIAN_POINT('',(-28.5078125,56.320862121,-26.196505636));
#369=B_SPLINE_SURFACE_WITH_KNOTS('',4,1,((#349,#350),(#351,#352),(#353,#354),(#355,#356),(#357,#358),(#359,#360),(#361,#362),(#363,#364),(#365,#366),(#367,#368)),.UNSPECIFIED.,.F.,.F.,.U.,(5,1,1,1,1,1,5),(2,2),(0.041983005,0.166666667,0.333333333,0.5,0.666666667,0.833333333,1.),(0.,1.),.UNSPECIFIED.);
#370=CARTESIAN_POINT('',(-28.5078125,74.891160903,5.00000001));
#371=VERTEX_POINT('',#370);
#372=CARTESIAN_POINT('',(-28.5078125,56.320862121,-26.196505636));
#373=VERTEX_POINT('',#372);
#374=CARTESIAN_POINT('',(-28.5078125,74.891160907,5.000000033));
#375=CARTESIAN_POINT('',(-28.5078125,74.587358016,3.01298849));
#376=CARTESIAN_POINT('',(-28.5078125,71.729172959,2.736871051));
#377=CARTESIAN_POINT('',(-28.5078125,69.460130433,2.372451137));
#378=CARTESIAN_POINT('',(-28.5078125,69.271824015,-0.764781628));
#379=CARTESIAN_POINT('',(-28.5078125,66.539773207,-1.496832436));
#380=CARTESIAN_POINT('',(-28.5078125,58.209646189,-5.925035666));
#381=CARTESIAN_POINT('',(-28.5078125,54.325671592,-14.652277002));
#382=CARTESIAN_POINT('',(-28.5078125,54.356760506,-21.598429425));
#383=CARTESIAN_POINT('',(-28.5078125,56.320862121,-26.196505636));
#384=B_SPLINE_CURVE_WITH_KNOTS('',4,(#374,#375,#376,#377,#378,#379,#380,#381,#382,#383),.UNSPECIFIED.,.F.,.F.,(5,1,1,1,1,1,5),(0.041983004,0.166666667,0.333333333,0.5,0.666666667,0.833333333,1.),.UNSPECIFIED.);
#385=EDGE_CURVE('',#371,#373,#384,.T.);
#386=ORIENTED_EDGE('',*,*,#385,.F.);
#387=CARTESIAN_POINT('',(-33.5078125,74.891160902,5.));
#388=VERTEX_POINT('',#387);
#389=CARTESIAN_POINT('',(-28.5078125,74.891160902,5.));
#390=DIRECTION('',(-1.,-0.,0.));
#391=VECTOR('',#390,5.);
#392=LINE('',#389,#391);
#393=EDGE_CURVE('',#371,#388,#392,.T.);
#394=ORIENTED_EDGE('',*,*,#393,.T.);
#395=CARTESIAN_POINT('',(-33.5078125,56.320862121,-26.196505636));
#396=VERTEX_POINT('',#395);
#397=CARTESIAN_POINT('',(-33.5078125,74.891160905,5.000000024));
#398=CARTESIAN_POINT('',(-33.5078125,74.587358011,3.01298849));
#399=CARTESIAN_POINT('',(-33.5078125,71.729172958,2.73687105));
#400=CARTESIAN_POINT('',(-33.5078125,69.460130433,2.372451136));
#401=CARTESIAN_POINT('',(-33.5078125,69.271824015,-0.764781628));
#402=CARTESIAN_POINT('',(-33.5078125,66.539773207,-1.496832436));
#403=CARTESIAN_POINT('',(-33.5078125,58.209646189,-5.925035666));
#404=CARTESIAN_POINT('',(-33.5078125,54.325671592,-14.652277002));
#405=CARTESIAN_POINT('',(-33.5078125,54.356760506,-21.598429425));
#406=CARTESIAN_POINT('',(-33.5078125,56.320862121,-26.196505636));
#407=B_SPLINE_CURVE_WITH_KNOTS('',4,(#397,#398,#399,#400,#401,#402,#403,#404,#405,#406),.UNSPECIFIED.,.F.,.F.,(5,1,1,1,1,1,5),(0.041983004,0.166666667,0.333333333,0.5,0.666666667,0.833333333,1.),.UNSPECIFIED.);
#408=EDGE_CURVE('',#388,#396,#407,.T.);
#409=ORIENTED_EDGE('',*,*,#408,.T.);
#410=CARTESIAN_POINT('',(-33.5078125,56.320862121,-26.196505636));
#411=DIRECTION('',(1.,0.,-0.));
#412=VECTOR('',#411,5.);
#413=LINE('',#410,#412);
#414=EDGE_CURVE('',#396,#373,#413,.T.);
#415=ORIENTED_EDGE('',*,*,#414,.T.);
#416=EDGE_LOOP('',(#386,#394,#409,#415));
#417=FACE_BOUND('',#416,.T.);
#418=ADVANCED_FACE('',(#417),#369,.T.);
#419=CARTESIAN_POINT('',(-33.5078125,75.877912928,3.677300009));
#420=DIRECTION('',(-0.,-0.995623407,-0.093456037));
#421=DIRECTION('',(0.,0.093456037,-0.995623407));
#422=AXIS2_PLACEMENT_3D('',#419,#420,#421);
#423=PLANE('',#422);
#424=CARTESIAN_POINT('',(-28.5078125,75.753755241,5.));
#425=VERTEX_POINT('',#424);
#426=CARTESIAN_POINT('',(-33.5078125,75.753755241,5.));
#427=VERTEX_POINT('',#426);
#428=CARTESIAN_POINT('',(-28.5078125,75.753755241,5.));
#429=DIRECTION('',(-1.,0.,0.));
#430=VECTOR('',#429,5.);
#431=LINE('',#428,#430);
#432=EDGE_CURVE('',#425,#427,#431,.T.);
#433=ORIENTED_EDGE('',*,*,#432,.F.);
#434=CARTESIAN_POINT('',(-28.5078125,76.410796761,-1.999718119));
#435=VERTEX_POINT('',#434);
#436=CARTESIAN_POINT('',(-28.5078125,75.753755241,5.));
#437=DIRECTION('',(-0.,0.093456037,-0.995623407));
#438=VECTOR('',#437,7.0304877);
#439=LINE('',#436,#438);
#440=EDGE_CURVE('',#425,#435,#439,.T.);
#441=ORIENTED_EDGE('',*,*,#440,.T.);
#442=CARTESIAN_POINT('',(-33.5078125,76.410796761,-1.999718119));
#443=VERTEX_POINT('',#442);
#444=CARTESIAN_POINT('',(-33.5078125,76.410796761,-1.999718119));
#445=DIRECTION('',(1.,0.,-0.));
#446=VECTOR('',#445,5.);
#447=LINE('',#444,#446);
#448=EDGE_CURVE('',#443,#435,#447,.T.);
#449=ORIENTED_EDGE('',*,*,#448,.F.);
#450=CARTESIAN_POINT('',(-33.5078125,75.753755241,5.));
#451=DIRECTION('',(-0.,0.093456037,-0.995623407));
#452=VECTOR('',#451,7.0304877);
#453=LINE('',#450,#452);
#454=EDGE_CURVE('',#427,#443,#453,.T.);
#455=ORIENTED_EDGE('',*,*,#454,.F.);
#456=EDGE_LOOP('',(#433,#441,#449,#455));
#457=FACE_BOUND('',#456,.T.);
#458=ADVANCED_FACE('',(#457),#423,.F.);
#459=CARTESIAN_POINT('',(-33.5078125,-3.,-70.0921875));
#460=DIRECTION('',(-1.,0.,0.));
#461=DIRECTION('',(0.,0.,1.));
#462=AXIS2_PLACEMENT_3D('',#459,#460,#461);
#463=PLANE('',#462);
#464=CARTESIAN_POINT('',(-33.5078125,72.003874823,-1.532730821));
#465=VERTEX_POINT('',#464);
#466=CARTESIAN_POINT('',(-33.5078125,72.003874823,1.467269179));
#467=VERTEX_POINT('',#466);
#468=CARTESIAN_POINT('',(-33.5078125,72.003874823,-0.032730821));
#469=DIRECTION('',(-1.,0.,0.));
#470=DIRECTION('',(0.,0.,1.));
#471=AXIS2_PLACEMENT_3D('',#468,#469,#470);
#472=CIRCLE('',#471,1.5);
#473=EDGE_CURVE('',#465,#467,#472,.T.);
#474=ORIENTED_EDGE('',*,*,#473,.F.);
#475=CARTESIAN_POINT('',(-33.5078125,72.003874823,-0.032730821));
#476=DIRECTION('',(-1.,0.,0.));
#477=DIRECTION('',(0.,0.,1.));
#478=AXIS2_PLACEMENT_3D('',#475,#476,#477);
#479=CIRCLE('',#478,1.5);
#480=EDGE_CURVE('',#467,#465,#479,.T.);
#481=ORIENTED_EDGE('',*,*,#480,.F.);
#482=EDGE_LOOP('',(#474,#481));
#483=FACE_BOUND('',#482,.T.);
#484=ORIENTED_EDGE('',*,*,#408,.F.);
#485=CARTESIAN_POINT('',(-33.5078125,74.891160902,5.));
#486=DIRECTION('',(0.,1.,0.));
#487=VECTOR('',#486,0.86259434);
#488=LINE('',#485,#487);
#489=EDGE_CURVE('',#388,#427,#488,.T.);
#490=ORIENTED_EDGE('',*,*,#489,.T.);
#491=ORIENTED_EDGE('',*,*,#454,.T.);
#492=CARTESIAN_POINT('',(-33.5078125,57.053874823,-25.926890394));
#493=VERTEX_POINT('',#492);
#494=CARTESIAN_POINT('',(-33.5078125,76.410796761,-1.999718119));
#495=CARTESIAN_POINT('',(-33.5078125,74.405540872,-1.0729232));
#496=CARTESIAN_POINT('',(-33.5078125,74.615348494,-1.30952574));
#497=CARTESIAN_POINT('',(-33.5078125,73.505540872,-2.631768927));
#498=CARTESIAN_POINT('',(-33.5078125,72.476118009,-2.614781628));
#499=CARTESIAN_POINT('',(-33.5078125,68.887849419,-3.429845138));
#500=CARTESIAN_POINT('',(-33.5078125,63.789773207,-6.259972157));
#501=CARTESIAN_POINT('',(-33.5078125,58.990735102,-11.572149983));
#502=CARTESIAN_POINT('',(-33.5078125,56.440093839,-17.989990242));
#503=CARTESIAN_POINT('',(-33.5078125,56.338811313,-22.165416723));
#504=CARTESIAN_POINT('',(-33.5078125,57.053874823,-25.926890394));
#505=B_SPLINE_CURVE_WITH_KNOTS('',4,(#494,#495,#496,#497,#498,#499,#500,#501,#502,#503,#504),.UNSPECIFIED.,.F.,.F.,(5,1,1,1,1,1,1,5),(0.,0.142857143,0.285714286,0.428571429,0.571428571,0.714285714,0.857142857,1.),.UNSPECIFIED.);
#506=EDGE_CURVE('',#443,#493,#505,.T.);
#507=ORIENTED_EDGE('',*,*,#506,.T.);
#508=CARTESIAN_POINT('',(-33.5078125,57.053874823,-25.926890394));
#509=DIRECTION('',(-0.,-0.938526593,-0.345206944));
#510=VECTOR('',#509,0.781024968);
#511=LINE('',#508,#510);
#512=EDGE_CURVE('',#493,#396,#511,.T.);
#513=ORIENTED_EDGE('',*,*,#512,.T.);
#514=EDGE_LOOP('',(#484,#490,#491,#507,#513));
#515=FACE_BOUND('',#514,.T.);
#516=ADVANCED_FACE('',(#483,#515),#463,.T.);
#517=CARTESIAN_POINT('',(-28.5078125,-3.,-70.0921875));
#518=DIRECTION('',(-1.,0.,0.));
#519=DIRECTION('',(0.,0.,1.));
#520=AXIS2_PLACEMENT_3D('',#517,#518,#519);
#521=PLANE('',#520);
#522=CARTESIAN_POINT('',(-28.5078125,72.003874823,1.467269179));
#523=VERTEX_POINT('',#522);
#524=CARTESIAN_POINT('',(-28.5078125,72.003874823,-1.532730821));
#525=VERTEX_POINT('',#524);
#526=CARTESIAN_POINT('',(-28.5078125,72.003874823,-0.032730821));
#527=DIRECTION('',(-1.,0.,0.));
#528=DIRECTION('',(0.,0.,1.));
#529=AXIS2_PLACEMENT_3D('',#526,#527,#528);
#530=CIRCLE('',#529,1.5);
#531=EDGE_CURVE('',#523,#525,#530,.T.);
#532=ORIENTED_EDGE('',*,*,#531,.T.);
#533=CARTESIAN_POINT('',(-28.5078125,72.003874823,-0.032730821));
#534=DIRECTION('',(-1.,0.,0.));
#535=DIRECTION('',(0.,0.,1.));
#536=AXIS2_PLACEMENT_3D('',#533,#534,#535);
#537=CIRCLE('',#536,1.5);
#538=EDGE_CURVE('',#525,#523,#537,.T.);
#539=ORIENTED_EDGE('',*,*,#538,.T.);
#540=EDGE_LOOP('',(#532,#539));
#541=FACE_BOUND('',#540,.T.);
#542=CARTESIAN_POINT('',(-28.5078125,74.891160903,5.));
#543=DIRECTION('',(0.,1.,0.));
#544=VECTOR('',#543,0.862594338);
#545=LINE('',#542,#544);
#546=EDGE_CURVE('',#371,#425,#545,.T.);
#547=ORIENTED_EDGE('',*,*,#546,.F.);
#548=ORIENTED_EDGE('',*,*,#385,.T.);
#549=CARTESIAN_POINT('',(-28.5078125,57.053874823,-25.926890394));
#550=VERTEX_POINT('',#549);
#551=CARTESIAN_POINT('',(-28.5078125,57.053874823,-25.926890394));
#552=DIRECTION('',(-0.,-0.938526593,-0.345206944));
#553=VECTOR('',#552,0.781024968);
#554=LINE('',#551,#553);
#555=EDGE_CURVE('',#550,#373,#554,.T.);
#556=ORIENTED_EDGE('',*,*,#555,.F.);
#557=CARTESIAN_POINT('',(-28.5078125,76.410796761,-1.999718119));
#558=CARTESIAN_POINT('',(-28.5078125,74.405540872,-1.0729232));
#559=CARTESIAN_POINT('',(-28.5078125,74.615348494,-1.30952574));
#560=CARTESIAN_POINT('',(-28.5078125,73.505540872,-2.631768927));
#561=CARTESIAN_POINT('',(-28.5078125,72.476118009,-2.614781628));
#562=CARTESIAN_POINT('',(-28.5078125,68.887849419,-3.429845138));
#563=CARTESIAN_POINT('',(-28.5078125,63.789773207,-6.259972157));
#564=CARTESIAN_POINT('',(-28.5078125,58.990735102,-11.572149983));
#565=CARTESIAN_POINT('',(-28.5078125,56.440093839,-17.989990242));
#566=CARTESIAN_POINT('',(-28.5078125,56.338811313,-22.165416723));
#567=CARTESIAN_POINT('',(-28.5078125,57.053874823,-25.926890394));
#568=B_SPLINE_CURVE_WITH_KNOTS('',4,(#557,#558,#559,#560,#561,#562,#563,#564,#565,#566,#567),.UNSPECIFIED.,.F.,.F.,(5,1,1,1,1,1,1,5),(0.,0.142857143,0.285714286,0.428571429,0.571428571,0.714285714,0.857142857,1.),.UNSPECIFIED.);
#569=EDGE_CURVE('',#435,#550,#568,.T.);
#570=ORIENTED_EDGE('',*,*,#569,.F.);
#571=ORIENTED_EDGE('',*,*,#440,.F.);
#572=EDGE_LOOP('',(#547,#548,#556,#570,#571));
#573=FACE_BOUND('',#572,.T.);
#574=ADVANCED_FACE('',(#541,#573),#521,.F.);
#575=CARTESIAN_POINT('',(-33.5078125,76.410796761,-1.999718119));
#576=CARTESIAN_POINT('',(-28.5078125,76.410796761,-1.999718119));
#577=CARTESIAN_POINT('',(-33.5078125,74.405540872,-1.0729232));
#578=CARTESIAN_POINT('',(-28.5078125,74.405540872,-1.0729232));
#579=CARTESIAN_POINT('',(-33.5078125,74.615348494,-1.30952574));
#580=CARTESIAN_POINT('',(-28.5078125,74.615348494,-1.30952574));
#581=CARTESIAN_POINT('',(-33.5078125,73.505540872,-2.631768927));
#582=CARTESIAN_POINT('',(-28.5078125,73.505540872,-2.631768927));
#583=CARTESIAN_POINT('',(-33.5078125,72.476118009,-2.614781628));
#584=CARTESIAN_POINT('',(-28.5078125,72.476118009,-2.614781628));
#585=CARTESIAN_POINT('',(-33.5078125,68.887849419,-3.429845138));
#586=CARTESIAN_POINT('',(-28.5078125,68.887849419,-3.429845138));
#587=CARTESIAN_POINT('',(-33.5078125,63.789773207,-6.259972157));
#588=CARTESIAN_POINT('',(-28.5078125,63.789773207,-6.259972157));
#589=CARTESIAN_POINT('',(-33.5078125,58.990735102,-11.572149983));
#590=CARTESIAN_POINT('',(-28.5078125,58.990735102,-11.572149983));
#591=CARTESIAN_POINT('',(-33.5078125,56.440093839,-17.989990242));
#592=CARTESIAN_POINT('',(-28.5078125,56.440093839,-17.989990242));
#593=CARTESIAN_POINT('',(-33.5078125,56.338811313,-22.165416723));
#594=CARTESIAN_POINT('',(-28.5078125,56.338811313,-22.165416723));
#595=CARTESIAN_POINT('',(-33.5078125,57.053874823,-25.926890394));
#596=CARTESIAN_POINT('',(-28.5078125,57.053874823,-25.926890394));
#597=B_SPLINE_SURFACE_WITH_KNOTS('',4,1,((#575,#576),(#577,#578),(#579,#580),(#581,#582),(#583,#584),(#585,#586),(#587,#588),(#589,#590),(#591,#592),(#593,#594),(#595,#596)),.UNSPECIFIED.,.F.,.F.,.U.,(5,1,1,1,1,1,1,5),(2,2),(0.,0.142857143,0.285714286,0.428571429,0.571428571,0.714285714,0.857142857,1.),(0.,1.),.UNSPECIFIED.);
#598=ORIENTED_EDGE('',*,*,#569,.T.);
#599=CARTESIAN_POINT('',(-33.5078125,57.053874823,-25.926890394));
#600=DIRECTION('',(1.,0.,-0.));
#601=VECTOR('',#600,5.);
#602=LINE('',#599,#601);
#603=EDGE_CURVE('',#493,#550,#602,.T.);
#604=ORIENTED_EDGE('',*,*,#603,.F.);
#605=ORIENTED_EDGE('',*,*,#506,.F.);
#606=ORIENTED_EDGE('',*,*,#448,.T.);
#607=EDGE_LOOP('',(#598,#604,#605,#606));
#608=FACE_BOUND('',#607,.T.);
#609=ADVANCED_FACE('',(#608),#597,.F.);
#610=CARTESIAN_POINT('',(-33.5078125,72.003874823,-0.032730821));
#611=DIRECTION('',(1.,0.,-0.));
#612=DIRECTION('',(-0.,0.,-1.));
#613=AXIS2_PLACEMENT_3D('',#610,#611,#612);
#614=CYLINDRICAL_SURFACE('',#613,1.5);
#615=CARTESIAN_POINT('',(-28.5078125,72.003874823,-1.532730821));
#616=DIRECTION('',(-1.,-0.,0.));
#617=VECTOR('',#616,5.);
#618=LINE('',#615,#617);
#619=EDGE_CURVE('',#525,#465,#618,.T.);
#620=ORIENTED_EDGE('',*,*,#619,.F.);
#621=ORIENTED_EDGE('',*,*,#531,.F.);
#622=ORIENTED_EDGE('',*,*,#538,.F.);
#623=ORIENTED_EDGE('',*,*,#619,.T.);
#624=ORIENTED_EDGE('',*,*,#473,.T.);
#625=ORIENTED_EDGE('',*,*,#480,.T.);
#626=EDGE_LOOP('',(#620,#621,#622,#623,#624,#625));
#627=FACE_BOUND('',#626,.T.);
#628=ADVANCED_FACE('',(#627),#614,.F.);
#629=CARTESIAN_POINT('',(-33.5078125,56.687368472,-26.061698015));
#630=DIRECTION('',(0.,-0.345206944,0.938526593));
#631=DIRECTION('',(-0.,-0.938526593,-0.345206944));
#632=AXIS2_PLACEMENT_3D('',#629,#630,#631);
#633=PLANE('',#632);
#634=ORIENTED_EDGE('',*,*,#555,.T.);
#635=ORIENTED_EDGE('',*,*,#414,.F.);
#636=ORIENTED_EDGE('',*,*,#512,.F.);
#637=ORIENTED_EDGE('',*,*,#603,.T.);
#638=EDGE_LOOP('',(#634,#635,#636,#637));
#639=FACE_BOUND('',#638,.T.);
#640=ADVANCED_FACE('',(#639),#633,.F.);
#641=CARTESIAN_POINT('',(-1.5,-3.,5.));
#642=DIRECTION('',(0.,0.,1.));
#643=DIRECTION('',(1.,0.,0.));
#644=AXIS2_PLACEMENT_3D('',#641,#642,#643);
#645=PLANE('',#644);
#646=ORIENTED_EDGE('',*,*,#393,.F.);
#647=ORIENTED_EDGE('',*,*,#546,.T.);
#648=ORIENTED_EDGE('',*,*,#432,.T.);
#649=ORIENTED_EDGE('',*,*,#489,.F.);
#650=EDGE_LOOP('',(#646,#647,#648,#649));
#651=FACE_BOUND('',#650,.T.);
#652=ADVANCED_FACE('',(#651),#645,.T.);
#653=CLOSED_SHELL('',(#418,#458,#516,#574,#609,#628,#640,#652));
#654=MANIFOLD_SOLID_BREP('Body 05',#653);
#348=STYLED_ITEM('',(#347),#654);
#35=SHAPE_REPRESENTATION('Trigger',(#15),#33);
#36=ADVANCED_BREP_SHAPE_REPRESENTATION('Trigger',(#340,#654),#33);
#662=SHAPE_REPRESENTATION_RELATIONSHIP('','',#35,#36);
#663=CARTESIAN_POINT('',(0.,0.,0.));
#664=DIRECTION('',(0.,0.,1.));
#665=DIRECTION('',(1.,0.,0.));
#666=AXIS2_PLACEMENT_3D('',#663,#664,#665);
#668=MAPPED_ITEM('',#667,#666);
#667=REPRESENTATION_MAP(#666,#35);
#669=APPLICATION_CONTEXT('Managed model based 3d engineering');
#670=APPLICATION_PROTOCOL_DEFINITION('international standard','ap242_managed_model_based_3d_engineering',2014,#669);
#671=PRODUCT_CONTEXT('',#669,'mechanical');
#672=PRODUCT_DEFINITION_CONTEXT('part definition',#669,'design');
#43=PRODUCT('Trigger','Trigger','',(#671));
#673=PRODUCT_RELATED_PRODUCT_CATEGORY('part','',(#43));
#674=PRODUCT_DEFINITION_FORMATION_WITH_SPECIFIED_SOURCE('','',#43,.NOT_KNOWN.);
#44=PRODUCT_DEFINITION('design','',#674,#672);
#42=PRODUCT_DEFINITION_SHAPE('','',#44);
#675=SHAPE_DEFINITION_REPRESENTATION(#42,#35);
#34=DRAUGHTING_MODEL('',(#668),#33);
#676=(NAMED_UNIT(*)PLANE_ANGLE_UNIT()SI_UNIT($,.RADIAN.));
#677=PLANE_ANGLE_MEASURE_WITH_UNIT(PLANE_ANGLE_MEASURE(0.0174532925),#676);
#678=(CONVERSION_BASED_UNIT('DEGREE',#677)NAMED_UNIT(#679)PLANE_ANGLE_UNIT());
#679=DIMENSIONAL_EXPONENTS(0.,0.,0.,0.,0.,0.,0.);
#680=(NAMED_UNIT(*)SI_UNIT($,.STERADIAN.)SOLID_ANGLE_UNIT());
#681=(LENGTH_UNIT()NAMED_UNIT(*)SI_UNIT(.MILLI.,.METRE.));
#682=UNCERTAINTY_MEASURE_WITH_UNIT(LENGTH_MEASURE(1.000000E-05),#681,'DISTANCE_ACCURACY_VALUE','Maximum Tolerance applied to model');
#683=(GEOMETRIC_REPRESENTATION_CONTEXT(3)GLOBAL_UNCERTAINTY_ASSIGNED_CONTEXT((#682))GLOBAL_UNIT_ASSIGNED_CONTEXT((#681,#678,#680))REPRESENTATION_CONTEXT('','Frame'));
#695=CARTESIAN_POINT('',(0.,0.,0.));
#696=DIRECTION('',(0.,0.,1.));
#697=DIRECTION('',(1.,0.,-0.));
#698=AXIS2_PLACEMENT_3D('',#695,#696,#697);
#699=ITEM_DEFINED_TRANSFORMATION('','',#698,#15);
#700=(REPRESENTATION_RELATIONSHIP('','',#685,#16)REPRESENTATION_RELATIONSHIP_WITH_TRANSFORMATION(#699)SHAPE_REPRESENTATION_RELATIONSHIP());
#701=NEXT_ASSEMBLY_USAGE_OCCURRENCE('Frame_2','Frame','Frame',#25,#694,$);
#702=PRODUCT_DEFINITION_SHAPE('','',#701);
#703=CONTEXT_DEPENDENT_SHAPE_REPRESENTATION(#700,#702);
#705=CARTESIAN_POINT('',(31.000940547,58.50030215,4.));
#706=DIRECTION('',(0.,0.,-1.));
#707=DIRECTION('',(-1.,0.,0.));
#708=AXIS2_PLACEMENT_3D('',#705,#706,#707);
#709=CYLINDRICAL_SURFACE('',#708,11.5);
#710=CARTESIAN_POINT('',(19.500940547,58.50030215,-3.));
#711=VERTEX_POINT('',#710);
#712=CARTESIAN_POINT('',(19.500940547,58.50030215,4.));
#713=VERTEX_POINT('',#712);
#714=CARTESIAN_POINT('',(19.500940547,58.50030215,-3.));
#715=DIRECTION('',(-0.,-0.,1.));
#716=VECTOR('',#715,7.);
#717=LINE('',#714,#716);
#718=EDGE_CURVE('',#711,#713,#717,.T.);
#719=ORIENTED_EDGE('',*,*,#718,.T.);
#720=CARTESIAN_POINT('',(42.500940547,58.50030215,4.));
#721=VERTEX_POINT('',#720);
#722=CARTESIAN_POINT('',(31.000940547,58.50030215,4.));
#723=DIRECTION('',(0.,0.,1.));
#724=DIRECTION('',(1.,0.,-0.));
#725=AXIS2_PLACEMENT_3D('',#722,#723,#724);
#726=CIRCLE('',#725,11.5);
#727=EDGE_CURVE('',#721,#713,#726,.T.);
#728=ORIENTED_EDGE('',*,*,#727,.F.);
#729=CARTESIAN_POINT('',(31.000940547,58.50030215,4.));
#730=DIRECTION('',(0.,0.,1.));
#731=DIRECTION('',(1.,0.,-0.));
#732=AXIS2_PLACEMENT_3D('',#729,#730,#731);
#733=CIRCLE('',#732,11.5);
#734=EDGE_CURVE('',#713,#721,#733,.T.);
#735=ORIENTED_EDGE('',*,*,#734,.F.);
#736=ORIENTED_EDGE('',*,*,#718,.F.);
#737=CARTESIAN_POINT('',(33.2921875,69.769738134,-3.));
#738=VERTEX_POINT('',#737);
#739=CARTESIAN_POINT('',(31.000940547,58.50030215,-3.));
#740=DIRECTION('',(0.,0.,1.));
#741=DIRECTION('',(1.,0.,-0.));
#742=AXIS2_PLACEMENT_3D('',#739,#740,#741);
#743=CIRCLE('',#742,11.5);
#744=EDGE_CURVE('',#711,#738,#743,.T.);
#745=ORIENTED_EDGE('',*,*,#744,.T.);
#746=CARTESIAN_POINT('',(33.2921875,69.769738134,3.));
#747=VERTEX_POINT('',#746);
#748=CARTESIAN_POINT('',(33.2921875,69.769738134,3.));
#749=DIRECTION('',(0.,0.,-1.));
#750=VECTOR('',#749,6.);
#751=LINE('',#748,#750);
#752=EDGE_CURVE('',#747,#738,#751,.T.);
#753=ORIENTED_EDGE('',*,*,#752,.F.);
#754=CARTESIAN_POINT('',(28.2921875,69.676735254,3.));
#755=VERTEX_POINT('',#754);
#756=CARTESIAN_POINT('',(31.000940547,58.50030215,3.));
#757=DIRECTION('',(0.,0.,-1.));
#758=DIRECTION('',(-1.,0.,0.));
#759=AXIS2_PLACEMENT_3D('',#756,#757,#758);
#760=CIRCLE('',#759,11.5);
#761=EDGE_CURVE('',#755,#747,#760,.T.);
#762=ORIENTED_EDGE('',*,*,#761,.F.);
#763=CARTESIAN_POINT('',(28.2921875,69.676735254,-3.));
#764=VERTEX_POINT('',#763);
#765=CARTESIAN_POINT('',(28.2921875,69.676735254,-3.));
#766=DIRECTION('',(-0.,-0.,1.));
#767=VECTOR('',#766,6.);
#768=LINE('',#765,#767);
#769=EDGE_CURVE('',#764,#755,#768,.T.);
#770=ORIENTED_EDGE('',*,*,#769,.F.);
#771=CARTESIAN_POINT('',(31.000940547,58.50030215,-3.));
#772=DIRECTION('',(0.,0.,1.));
#773=DIRECTION('',(1.,0.,-0.));
#774=AXIS2_PLACEMENT_3D('',#771,#772,#773);
#775=CIRCLE('',#774,11.5);
#776=EDGE_CURVE('',#764,#711,#775,.T.);
#777=ORIENTED_EDGE('',*,*,#776,.T.);
#778=EDGE_LOOP('',(#719,#728,#735,#736,#745,#753,#762,#770,#777));
#779=FACE_BOUND('',#778,.T.);
#780=ADVANCED_FACE('',(#779),#709,.T.);
#781=CARTESIAN_POINT('',(0.,0.,-3.));
#782=DIRECTION('',(0.,0.,1.));
#783=DIRECTION('',(1.,0.,0.));
#784=AXIS2_PLACEMENT_3D('',#781,#782,#783);
#785=PLANE('',#784);
#786=CARTESIAN_POINT('',(28.2921875,51.33595717,-3.));
#787=VERTEX_POINT('',#786);
#788=CARTESIAN_POINT('',(28.2921875,51.33595717,-3.));
#789=DIRECTION('',(0.,1.,0.));
#790=VECTOR('',#789,18.340778084);
#791=LINE('',#788,#790);
#792=EDGE_CURVE('',#787,#764,#791,.T.);
#793=ORIENTED_EDGE('',*,*,#792,.F.);
#794=CARTESIAN_POINT('',(33.2921875,51.33595717,-3.));
#795=VERTEX_POINT('',#794);
#796=CARTESIAN_POINT('',(28.2921875,51.33595717,-3.));
#797=DIRECTION('',(1.,0.,-0.));
#798=VECTOR('',#797,5.);
#799=LINE('',#796,#798);
#800=EDGE_CURVE('',#787,#795,#799,.T.);
#801=ORIENTED_EDGE('',*,*,#800,.T.);
#802=CARTESIAN_POINT('',(33.2921875,69.769738134,-3.));
#803=DIRECTION('',(0.,-1.,0.));
#804=VECTOR('',#803,18.433780964);
#805=LINE('',#802,#804);
#806=EDGE_CURVE('',#738,#795,#805,.T.);
#807=ORIENTED_EDGE('',*,*,#806,.F.);
#808=ORIENTED_EDGE('',*,*,#744,.F.);
#809=ORIENTED_EDGE('',*,*,#776,.F.);
#810=EDGE_LOOP('',(#793,#801,#807,#808,#809));
#811=FACE_BOUND('',#810,.T.);
#812=ADVANCED_FACE('',(#811),#785,.F.);
#813=CARTESIAN_POINT('',(0.,0.,4.));
#814=DIRECTION('',(0.,0.,1.));
#815=DIRECTION('',(1.,0.,0.));
#816=AXIS2_PLACEMENT_3D('',#813,#814,#815);
#817=PLANE('',#816);
#818=ORIENTED_EDGE('',*,*,#727,.T.);
#819=ORIENTED_EDGE('',*,*,#734,.T.);
#820=EDGE_LOOP('',(#818,#819));
#821=FACE_BOUND('',#820,.T.);
#822=ADVANCED_FACE('',(#821),#817,.T.);
#823=CARTESIAN_POINT('',(0.,0.,3.));
#824=DIRECTION('',(0.,0.,-1.));
#825=DIRECTION('',(-1.,0.,0.));
#826=AXIS2_PLACEMENT_3D('',#823,#824,#825);
#827=PLANE('',#826);
#828=ORIENTED_EDGE('',*,*,#761,.T.);
#829=CARTESIAN_POINT('',(33.2921875,57.33595717,3.));
#830=VERTEX_POINT('',#829);
#831=CARTESIAN_POINT('',(33.2921875,57.33595717,3.));
#832=DIRECTION('',(0.,1.,0.));
#833=VECTOR('',#832,12.433780964);
#834=LINE('',#831,#833);
#835=EDGE_CURVE('',#830,#747,#834,.T.);
#836=ORIENTED_EDGE('',*,*,#835,.F.);
#837=CARTESIAN_POINT('',(28.2921875,57.33595717,3.));
#838=VERTEX_POINT('',#837);
#839=CARTESIAN_POINT('',(28.2921875,57.33595717,3.));
#840=DIRECTION('',(1.,0.,-0.));
#841=VECTOR('',#840,5.);
#842=LINE('',#839,#841);
#843=EDGE_CURVE('',#838,#830,#842,.T.);
#844=ORIENTED_EDGE('',*,*,#843,.F.);
#845=CARTESIAN_POINT('',(28.2921875,69.676735254,3.));
#846=DIRECTION('',(0.,-1.,0.));
#847=VECTOR('',#846,12.340778084);
#848=LINE('',#845,#847);
#849=EDGE_CURVE('',#755,#838,#848,.T.);
#850=ORIENTED_EDGE('',*,*,#849,.F.);
#851=EDGE_LOOP('',(#828,#836,#844,#850));
#852=FACE_BOUND('',#851,.T.);
#853=ADVANCED_FACE('',(#852),#827,.T.);
#854=CARTESIAN_POINT('',(28.2921875,70.628750467,3.));
#855=DIRECTION('',(1.,0.,0.));
#856=DIRECTION('',(0.,0.,-1.));
#857=AXIS2_PLACEMENT_3D('',#854,#855,#856);
#858=PLANE('',#857);
#859=ORIENTED_EDGE('',*,*,#769,.T.);
#860=ORIENTED_EDGE('',*,*,#849,.T.);
#861=CARTESIAN_POINT('',(28.2921875,57.33595717,3.));
#862=DIRECTION('',(0.,-0.707106781,-0.707106781));
#863=VECTOR('',#862,8.485281374);
#864=LINE('',#861,#863);
#865=EDGE_CURVE('',#838,#787,#864,.T.);
#866=ORIENTED_EDGE('',*,*,#865,.T.);
#867=ORIENTED_EDGE('',*,*,#792,.T.);
#868=EDGE_LOOP('',(#859,#860,#866,#867));
#869=FACE_BOUND('',#868,.T.);
#870=ADVANCED_FACE('',(#869),#858,.T.);
#871=CARTESIAN_POINT('',(33.2921875,70.628750467,3.));
#872=DIRECTION('',(-1.,0.,0.));
#873=DIRECTION('',(0.,0.,1.));
#874=AXIS2_PLACEMENT_3D('',#871,#872,#873);
#875=PLANE('',#874);
#876=ORIENTED_EDGE('',*,*,#752,.T.);
#877=ORIENTED_EDGE('',*,*,#806,.T.);
#878=CARTESIAN_POINT('',(33.2921875,51.33595717,-3.));
#879=DIRECTION('',(0.,0.707106781,0.707106781));
#880=VECTOR('',#879,8.485281374);
#881=LINE('',#878,#880);
#882=EDGE_CURVE('',#795,#830,#881,.T.);
#883=ORIENTED_EDGE('',*,*,#882,.T.);
#884=ORIENTED_EDGE('',*,*,#835,.T.);
#885=EDGE_LOOP('',(#876,#877,#883,#884));
#886=FACE_BOUND('',#885,.T.);
#887=ADVANCED_FACE('',(#886),#875,.T.);
#888=CARTESIAN_POINT('',(29.5921875,57.33595717,3.));
#889=DIRECTION('',(0.,0.707106781,-0.707106781));
#890=DIRECTION('',(1.,0.,0.));
#891=AXIS2_PLACEMENT_3D('',#888,#889,#890);
#892=PLANE('',#891);
#893=ORIENTED_EDGE('',*,*,#882,.F.);
#894=ORIENTED_EDGE('',*,*,#800,.F.);
#895=ORIENTED_EDGE('',*,*,#865,.F.);
#896=ORIENTED_EDGE('',*,*,#843,.T.);
#897=EDGE_LOOP('',(#893,#894,#895,#896));
#898=FACE_BOUND('',#897,.T.);
#899=ADVANCED_FACE('',(#898),#892,.T.);
#900=CLOSED_SHELL('',(#780,#812,#822,#853,#870,#887,#899));
#901=MANIFOLD_SOLID_BREP('Body 09',#900);
#704=STYLED_ITEM('',(#347),#901);
#903=CARTESIAN_POINT('',(-31.,58.5,4.));
#904=DIRECTION('',(0.,0.,-1.));
#905=DIRECTION('',(-1.,0.,0.));
#906=AXIS2_PLACEMENT_3D('',#903,#904,#905);
#907=CYLINDRICAL_SURFACE('',#906,11.5);
#908=CARTESIAN_POINT('',(-42.5,58.5,-3.));
#909=VERTEX_POINT('',#908);
#910=CARTESIAN_POINT('',(-42.5,58.5,4.));
#911=VERTEX_POINT('',#910);
#912=CARTESIAN_POINT('',(-42.5,58.5,-3.));
#913=DIRECTION('',(-0.,-0.,1.));
#914=VECTOR('',#913,7.);
#915=LINE('',#912,#914);
#916=EDGE_CURVE('',#909,#911,#915,.T.);
#917=ORIENTED_EDGE('',*,*,#916,.T.);
#918=CARTESIAN_POINT('',(-19.5,58.5,4.));
#919=VERTEX_POINT('',#918);
#920=CARTESIAN_POINT('',(-31.,58.5,4.));
#921=DIRECTION('',(0.,0.,1.));
#922=DIRECTION('',(1.,0.,-0.));
#923=AXIS2_PLACEMENT_3D('',#920,#921,#922);
#924=CIRCLE('',#923,11.5);
#925=EDGE_CURVE('',#919,#911,#924,.T.);
#926=ORIENTED_EDGE('',*,*,#925,.F.);
#927=CARTESIAN_POINT('',(-31.,58.5,4.));
#928=DIRECTION('',(0.,0.,1.));
#929=DIRECTION('',(1.,0.,-0.));
#930=AXIS2_PLACEMENT_3D('',#927,#928,#929);
#931=CIRCLE('',#930,11.5);
#932=EDGE_CURVE('',#911,#919,#931,.T.);
#933=ORIENTED_EDGE('',*,*,#932,.F.);
#934=ORIENTED_EDGE('',*,*,#916,.F.);
#935=CARTESIAN_POINT('',(-28.5078125,69.726709289,-3.));
#936=VERTEX_POINT('',#935);
#937=CARTESIAN_POINT('',(-31.,58.5,-3.));
#938=DIRECTION('',(0.,0.,1.));
#939=DIRECTION('',(1.,0.,-0.));
#940=AXIS2_PLACEMENT_3D('',#937,#938,#939);
#941=CIRCLE('',#940,11.5);
#942=EDGE_CURVE('',#909,#936,#941,.T.);
#943=ORIENTED_EDGE('',*,*,#942,.T.);
#944=CARTESIAN_POINT('',(-28.5078125,69.726709289,3.));
#945=VERTEX_POINT('',#944);
#946=CARTESIAN_POINT('',(-28.5078125,69.726709289,3.));
#947=DIRECTION('',(0.,0.,-1.));
#948=VECTOR('',#947,6.);
#949=LINE('',#946,#948);
#950=EDGE_CURVE('',#945,#936,#949,.T.);
#951=ORIENTED_EDGE('',*,*,#950,.F.);
#952=CARTESIAN_POINT('',(-33.5078125,69.723229324,3.));
#953=VERTEX_POINT('',#952);
#954=CARTESIAN_POINT('',(-31.,58.5,3.));
#955=DIRECTION('',(0.,0.,-1.));
#956=DIRECTION('',(-1.,0.,0.));
#957=AXIS2_PLACEMENT_3D('',#954,#955,#956);
#958=CIRCLE('',#957,11.5);
#959=EDGE_CURVE('',#953,#945,#958,.T.);
#960=ORIENTED_EDGE('',*,*,#959,.F.);
#961=CARTESIAN_POINT('',(-33.5078125,69.723229324,-3.));
#962=VERTEX_POINT('',#961);
#963=CARTESIAN_POINT('',(-33.5078125,69.723229324,-3.));
#964=DIRECTION('',(-0.,-0.,1.));
#965=VECTOR('',#964,6.);
#966=LINE('',#963,#965);
#967=EDGE_CURVE('',#962,#953,#966,.T.);
#968=ORIENTED_EDGE('',*,*,#967,.F.);
#969=CARTESIAN_POINT('',(-31.,58.5,-3.));
#970=DIRECTION('',(0.,0.,1.));
#971=DIRECTION('',(1.,0.,-0.));
#972=AXIS2_PLACEMENT_3D('',#969,#970,#971);
#973=CIRCLE('',#972,11.5);
#974=EDGE_CURVE('',#962,#909,#973,.T.);
#975=ORIENTED_EDGE('',*,*,#974,.T.);
#976=EDGE_LOOP('',(#917,#926,#933,#934,#943,#951,#960,#968,#975));
#977=FACE_BOUND('',#976,.T.);
#978=ADVANCED_FACE('',(#977),#907,.T.);
#979=CARTESIAN_POINT('',(0.,0.,-3.));
#980=DIRECTION('',(0.,0.,1.));
#981=DIRECTION('',(1.,0.,0.));
#982=AXIS2_PLACEMENT_3D('',#979,#980,#981);
#983=PLANE('',#982);
#984=CARTESIAN_POINT('',(-33.5078125,54.339301109,-3.));
#985=VERTEX_POINT('',#984);
#986=CARTESIAN_POINT('',(-33.5078125,54.339301109,-3.));
#987=DIRECTION('',(0.,1.,0.));
#988=VECTOR('',#987,15.383928215);
#989=LINE('',#986,#988);
#990=EDGE_CURVE('',#985,#962,#989,.T.);
#991=ORIENTED_EDGE('',*,*,#990,.F.);
#992=CARTESIAN_POINT('',(-28.5078125,54.339301109,-3.));
#993=VERTEX_POINT('',#992);
#994=CARTESIAN_POINT('',(-33.5078125,54.339301109,-3.));
#995=DIRECTION('',(1.,0.,-0.));
#996=VECTOR('',#995,5.);
#997=LINE('',#994,#996);
#998=EDGE_CURVE('',#985,#993,#997,.T.);
#999=ORIENTED_EDGE('',*,*,#998,.T.);
#1000=CARTESIAN_POINT('',(-28.5078125,69.726709289,-3.));
#1001=DIRECTION('',(0.,-1.,0.));
#1002=VECTOR('',#1001,15.38740818);
#1003=LINE('',#1000,#1002);
#1004=EDGE_CURVE('',#936,#993,#1003,.T.);
#1005=ORIENTED_EDGE('',*,*,#1004,.F.);
#1006=ORIENTED_EDGE('',*,*,#942,.F.);
#1007=ORIENTED_EDGE('',*,*,#974,.F.);
#1008=EDGE_LOOP('',(#991,#999,#1005,#1006,#1007));
#1009=FACE_BOUND('',#1008,.T.);
#1010=ADVANCED_FACE('',(#1009),#983,.F.);
#1011=CARTESIAN_POINT('',(0.,0.,4.));
#1012=DIRECTION('',(0.,0.,1.));
#1013=DIRECTION('',(1.,0.,0.));
#1014=AXIS2_PLACEMENT_3D('',#1011,#1012,#1013);
#1015=PLANE('',#1014);
#1016=ORIENTED_EDGE('',*,*,#925,.T.);
#1017=ORIENTED_EDGE('',*,*,#932,.T.);
#1018=EDGE_LOOP('',(#1016,#1017));
#1019=FACE_BOUND('',#1018,.T.);
#1020=ADVANCED_FACE('',(#1019),#1015,.T.);
#1021=CARTESIAN_POINT('',(0.,0.,3.));
#1022=DIRECTION('',(0.,0.,-1.));
#1023=DIRECTION('',(-1.,0.,0.));
#1024=AXIS2_PLACEMENT_3D('',#1021,#1022,#1023);
#1025=PLANE('',#1024);
#1026=ORIENTED_EDGE('',*,*,#959,.T.);
#1027=CARTESIAN_POINT('',(-28.5078125,60.339301109,3.));
#1028=VERTEX_POINT('',#1027);
#1029=CARTESIAN_POINT('',(-28.5078125,60.339301109,3.));
#1030=DIRECTION('',(0.,1.,0.));
#1031=VECTOR('',#1030,9.38740818);
#1032=LINE('',#1029,#1031);
#1033=EDGE_CURVE('',#1028,#945,#1032,.T.);
#1034=ORIENTED_EDGE('',*,*,#1033,.F.);
#1035=CARTESIAN_POINT('',(-33.5078125,60.339301109,3.));
#1036=VERTEX_POINT('',#1035);
#1037=CARTESIAN_POINT('',(-33.5078125,60.339301109,3.));
#1038=DIRECTION('',(1.,0.,-0.));
#1039=VECTOR('',#1038,5.);
#1040=LINE('',#1037,#1039);
#1041=EDGE_CURVE('',#1036,#1028,#1040,.T.);
#1042=ORIENTED_EDGE('',*,*,#1041,.F.);
#1043=CARTESIAN_POINT('',(-33.5078125,69.723229324,3.));
#1044=DIRECTION('',(0.,-1.,0.));
#1045=VECTOR('',#1044,9.383928215);
#1046=LINE('',#1043,#1045);
#1047=EDGE_CURVE('',#953,#1036,#1046,.T.);
#1048=ORIENTED_EDGE('',*,*,#1047,.F.);
#1049=EDGE_LOOP('',(#1026,#1034,#1042,#1048));
#1050=FACE_BOUND('',#1049,.T.);
#1051=ADVANCED_FACE('',(#1050),#1025,.T.);
#1052=CARTESIAN_POINT('',(-33.5078125,72.130422437,3.));
#1053=DIRECTION('',(1.,0.,0.));
#1054=DIRECTION('',(0.,0.,-1.));
#1055=AXIS2_PLACEMENT_3D('',#1052,#1053,#1054);
#1056=PLANE('',#1055);
#1057=ORIENTED_EDGE('',*,*,#967,.T.);
#1058=ORIENTED_EDGE('',*,*,#1047,.T.);
#1059=CARTESIAN_POINT('',(-33.5078125,60.339301109,3.));
#1060=DIRECTION('',(0.,-0.707106781,-0.707106781));
#1061=VECTOR('',#1060,8.485281374);
#1062=LINE('',#1059,#1061);
#1063=EDGE_CURVE('',#1036,#985,#1062,.T.);
#1064=ORIENTED_EDGE('',*,*,#1063,.T.);
#1065=ORIENTED_EDGE('',*,*,#990,.T.);
#1066=EDGE_LOOP('',(#1057,#1058,#1064,#1065));
#1067=FACE_BOUND('',#1066,.T.);
#1068=ADVANCED_FACE('',(#1067),#1056,.T.);
#1069=CARTESIAN_POINT('',(-28.5078125,72.130422437,3.));
#1070=DIRECTION('',(-1.,0.,0.));
#1071=DIRECTION('',(0.,0.,1.));
#1072=AXIS2_PLACEMENT_3D('',#1069,#1070,#1071);
#1073=PLANE('',#1072);
#1074=ORIENTED_EDGE('',*,*,#950,.T.);
#1075=ORIENTED_EDGE('',*,*,#1004,.T.);
#1076=CARTESIAN_POINT('',(-28.5078125,54.339301109,-3.));
#1077=DIRECTION('',(0.,0.707106781,0.707106781));
#1078=VECTOR('',#1077,8.485281374);
#1079=LINE('',#1076,#1078);
#1080=EDGE_CURVE('',#993,#1028,#1079,.T.);
#1081=ORIENTED_EDGE('',*,*,#1080,.T.);
#1082=ORIENTED_EDGE('',*,*,#1033,.T.);
#1083=EDGE_LOOP('',(#1074,#1075,#1081,#1082));
#1084=FACE_BOUND('',#1083,.T.);
#1085=ADVANCED_FACE('',(#1084),#1073,.T.);
#1086=CARTESIAN_POINT('',(-29.5078125,60.339301109,3.));
#1087=DIRECTION('',(0.,0.707106781,-0.707106781));
#1088=DIRECTION('',(1.,0.,0.));
#1089=AXIS2_PLACEMENT_3D('',#1086,#1087,#1088);
#1090=PLANE('',#1089);
#1091=ORIENTED_EDGE('',*,*,#1080,.F.);
#1092=ORIENTED_EDGE('',*,*,#998,.F.);
#1093=ORIENTED_EDGE('',*,*,#1063,.F.);
#1094=ORIENTED_EDGE('',*,*,#1041,.T.);
#1095=EDGE_LOOP('',(#1091,#1092,#1093,#1094));
#1096=FACE_BOUND('',#1095,.T.);
#1097=ADVANCED_FACE('',(#1096),#1090,.T.);
#1098=CLOSED_SHELL('',(#978,#1010,#1020,#1051,#1068,#1085,#1097));
#1099=MANIFOLD_SOLID_BREP('Body 08',#1098);
#902=STYLED_ITEM('',(#347),#1099);
#1101=CARTESIAN_POINT('',(0.,0.,-3.));
#1102=DIRECTION('',(0.,0.,-1.));
#1103=DIRECTION('',(-1.,0.,0.));
#1104=AXIS2_PLACEMENT_3D('',#1101,#1102,#1103);
#1105=PLANE('',#1104);
#1106=CARTESIAN_POINT('',(22.998413214,77.134597394,-3.));
#1107=VERTEX_POINT('',#1106);
#1108=CARTESIAN_POINT('',(22.998414358,77.016547905,-3.));
#1109=VERTEX_POINT('',#1108);
#1110=CARTESIAN_POINT('',(22.998413207,77.134597394,-3.));
#1111=DIRECTION('',(0.000009747,-1.,0.));
#1112=VECTOR('',#1111,0.118049489);
#1113=LINE('',#1110,#1112);
#1114=EDGE_CURVE('',#1107,#1109,#1113,.T.);
#1115=ORIENTED_EDGE('',*,*,#1114,.F.);
#1116=CARTESIAN_POINT('',(41.998248585,94.016559808,-3.));
#1117=VERTEX_POINT('',#1116);
#1118=CARTESIAN_POINT('',(24.998248679,94.016559808,-3.));
#1119=DIRECTION('',(0.,0.,1.));
#1120=DIRECTION('',(1.,0.,-0.));
#1121=AXIS2_PLACEMENT_3D('',#1118,#1119,#1120);
#1122=CIRCLE('',#1121,16.999999906);
#1123=EDGE_CURVE('',#1107,#1117,#1122,.T.);
#1124=ORIENTED_EDGE('',*,*,#1123,.T.);
#1125=CARTESIAN_POINT('',(22.99808413,110.898483236,-3.));
#1126=VERTEX_POINT('',#1125);
#1127=CARTESIAN_POINT('',(24.998248679,94.016559808,-3.));
#1128=DIRECTION('',(0.,0.,1.));
#1129=DIRECTION('',(1.,0.,-0.));
#1130=AXIS2_PLACEMENT_3D('',#1127,#1128,#1129);
#1131=CIRCLE('',#1130,16.999999906);
#1132=EDGE_CURVE('',#1117,#1126,#1131,.T.);
#1133=ORIENTED_EDGE('',*,*,#1132,.T.);
#1134=CARTESIAN_POINT('',(22.998082973,111.016547716,-3.));
#1135=VERTEX_POINT('',#1134);
#1136=CARTESIAN_POINT('',(22.998082973,111.016547716,-3.));
#1137=DIRECTION('',(0.000009747,-1.,0.));
#1138=VECTOR('',#1137,0.11806448);
#1139=LINE('',#1136,#1138);
#1140=EDGE_CURVE('',#1135,#1126,#1139,.T.);
#1141=ORIENTED_EDGE('',*,*,#1140,.F.);
#1142=CARTESIAN_POINT('',(-22.974403561,111.016271925,-3.));
#1143=VERTEX_POINT('',#1142);
#1144=CARTESIAN_POINT('',(-22.974403561,111.016271925,-3.));
#1145=DIRECTION('',(1.,0.000005999,0.));
#1146=VECTOR('',#1145,45.972486535);
#1147=LINE('',#1144,#1146);
#1148=EDGE_CURVE('',#1143,#1135,#1147,.T.);
#1149=ORIENTED_EDGE('',*,*,#1148,.F.);
#1150=CARTESIAN_POINT('',(-22.997690512,111.016272433,-3.));
#1151=VERTEX_POINT('',#1150);
#1152=CARTESIAN_POINT('',(-22.997690512,111.016272433,-3.));
#1153=DIRECTION('',(1.,-0.000021818,0.));
#1154=VECTOR('',#1153,0.023286951);
#1155=LINE('',#1152,#1154);
#1156=EDGE_CURVE('',#1151,#1143,#1155,.T.);
#1157=ORIENTED_EDGE('',*,*,#1156,.F.);
#1158=CARTESIAN_POINT('',(-22.997688725,110.898259085,-3.));
#1159=VERTEX_POINT('',#1158);
#1160=CARTESIAN_POINT('',(-22.997690512,111.016272433,-3.));
#1161=DIRECTION('',(0.,-1.,0.));
#1162=VECTOR('',#1161,0.118013348);
#1163=LINE('',#1160,#1162);
#1164=EDGE_CURVE('',#1151,#1159,#1163,.T.);
#1165=ORIENTED_EDGE('',*,*,#1164,.T.);
#1166=CARTESIAN_POINT('',(-22.997688725,77.134373241,-3.));
#1167=VERTEX_POINT('',#1166);
#1168=CARTESIAN_POINT('',(-24.997686937,94.016316163,-3.));
#1169=DIRECTION('',(0.,0.,1.));
#1170=DIRECTION('',(1.,0.,-0.));
#1171=AXIS2_PLACEMENT_3D('',#1168,#1169,#1170);
#1172=CIRCLE('',#1171,16.999999906);
#1173=EDGE_CURVE('',#1159,#1167,#1172,.T.);
#1174=ORIENTED_EDGE('',*,*,#1173,.T.);
#1175=CARTESIAN_POINT('',(-22.997690512,77.016323752,-3.));
#1176=VERTEX_POINT('',#1175);
#1177=CARTESIAN_POINT('',(-22.997690512,77.134373241,-3.));
#1178=DIRECTION('',(0.,-1.,0.));
#1179=VECTOR('',#1178,0.118049489);
#1180=LINE('',#1177,#1179);
#1181=EDGE_CURVE('',#1167,#1176,#1180,.T.);
#1182=ORIENTED_EDGE('',*,*,#1181,.T.);
#1183=CARTESIAN_POINT('',(0.000361923,77.016323709,-3.));
#1184=VERTEX_POINT('',#1183);
#1185=CARTESIAN_POINT('',(-22.997690512,77.016323752,-3.));
#1186=DIRECTION('',(1.,-0.000000002,0.));
#1187=VECTOR('',#1186,22.998052436);
#1188=LINE('',#1185,#1187);
#1189=EDGE_CURVE('',#1176,#1184,#1188,.T.);
#1190=ORIENTED_EDGE('',*,*,#1189,.T.);
#1191=CARTESIAN_POINT('',(22.998414358,77.016547905,-3.));
#1192=DIRECTION('',(-1.,-0.000009748,0.));
#1193=VECTOR('',#1192,22.998052436);
#1194=LINE('',#1191,#1193);
#1195=EDGE_CURVE('',#1109,#1184,#1194,.T.);
#1196=ORIENTED_EDGE('',*,*,#1195,.F.);
#1197=EDGE_LOOP('',(#1115,#1124,#1133,#1141,#1149,#1157,#1165,#1174,#1182,#1190,#1196));
#1198=FACE_BOUND('',#1197,.T.);
#1199=CARTESIAN_POINT('',(-33.5078125,69.723229324,-3.));
#1200=VERTEX_POINT('',#1199);
#1201=CARTESIAN_POINT('',(-19.5,58.5,-3.));
#1202=VERTEX_POINT('',#1201);
#1203=CARTESIAN_POINT('',(-31.,58.5,-3.));
#1204=DIRECTION('',(-0.,-0.,1.));
#1205=DIRECTION('',(-1.,0.,0.));
#1206=AXIS2_PLACEMENT_3D('',#1203,#1204,#1205);
#1207=CIRCLE('',#1206,11.5);
#1208=EDGE_CURVE('',#1200,#1202,#1207,.T.);
#1209=ORIENTED_EDGE('',*,*,#1208,.T.);
#1210=CARTESIAN_POINT('',(-28.5078125,69.726709289,-3.));
#1211=VERTEX_POINT('',#1210);
#1212=CARTESIAN_POINT('',(-31.,58.5,-3.));
#1213=DIRECTION('',(-0.,-0.,1.));
#1214=DIRECTION('',(-1.,0.,0.));
#1215=AXIS2_PLACEMENT_3D('',#1212,#1213,#1214);
#1216=CIRCLE('',#1215,11.5);
#1217=EDGE_CURVE('',#1202,#1211,#1216,.T.);
#1218=ORIENTED_EDGE('',*,*,#1217,.T.);
#1219=CARTESIAN_POINT('',(-28.5078125,74.421543765,-3.));
#1220=VERTEX_POINT('',#1219);
#1221=CARTESIAN_POINT('',(-28.5078125,69.726709289,-3.));
#1222=DIRECTION('',(0.,1.,0.));
#1223=VECTOR('',#1222,4.694834476);
#1224=LINE('',#1221,#1223);
#1225=EDGE_CURVE('',#1211,#1220,#1224,.T.);
#1226=ORIENTED_EDGE('',*,*,#1225,.T.);
#1227=CARTESIAN_POINT('',(-33.5078125,74.421543765,-3.));
#1228=VERTEX_POINT('',#1227);
#1229=CARTESIAN_POINT('',(-28.5078125,74.421543765,-3.));
#1230=DIRECTION('',(-1.,0.,0.));
#1231=VECTOR('',#1230,5.);
#1232=LINE('',#1229,#1231);
#1233=EDGE_CURVE('',#1220,#1228,#1232,.T.);
#1234=ORIENTED_EDGE('',*,*,#1233,.T.);
#1235=CARTESIAN_POINT('',(-33.5078125,74.421543765,-3.));
#1236=DIRECTION('',(0.,-1.,0.));
#1237=VECTOR('',#1236,4.698314441);
#1238=LINE('',#1235,#1237);
#1239=EDGE_CURVE('',#1228,#1200,#1238,.T.);
#1240=ORIENTED_EDGE('',*,*,#1239,.T.);
#1241=EDGE_LOOP('',(#1209,#1218,#1226,#1234,#1240));
#1242=FACE_BOUND('',#1241,.T.);
#1243=CARTESIAN_POINT('',(28.3421875,69.688735116,-3.));
#1244=VERTEX_POINT('',#1243);
#1245=CARTESIAN_POINT('',(42.500940547,58.50030215,-3.));
#1246=VERTEX_POINT('',#1245);
#1247=CARTESIAN_POINT('',(31.000940547,58.50030215,-3.));
#1248=DIRECTION('',(-0.,-0.,1.));
#1249=DIRECTION('',(-1.,0.,0.));
#1250=AXIS2_PLACEMENT_3D('',#1247,#1248,#1249);
#1251=CIRCLE('',#1250,11.5);
#1252=EDGE_CURVE('',#1244,#1246,#1251,.T.);
#1253=ORIENTED_EDGE('',*,*,#1252,.T.);
#1254=CARTESIAN_POINT('',(33.3421875,69.759456767,-3.));
#1255=VERTEX_POINT('',#1254);
#1256=CARTESIAN_POINT('',(31.000940547,58.50030215,-3.));
#1257=DIRECTION('',(-0.,-0.,1.));
#1258=DIRECTION('',(-1.,0.,0.));
#1259=AXIS2_PLACEMENT_3D('',#1256,#1257,#1258);
#1260=CIRCLE('',#1259,11.5);
#1261=EDGE_CURVE('',#1246,#1255,#1260,.T.);
#1262=ORIENTED_EDGE('',*,*,#1261,.T.);
#1263=CARTESIAN_POINT('',(33.3421875,74.421543765,-3.));
#1264=VERTEX_POINT('',#1263);
#1265=CARTESIAN_POINT('',(33.3421875,69.759456767,-3.));
#1266=DIRECTION('',(0.,1.,0.));
#1267=VECTOR('',#1266,4.662086998);
#1268=LINE('',#1265,#1267);
#1269=EDGE_CURVE('',#1255,#1264,#1268,.T.);
#1270=ORIENTED_EDGE('',*,*,#1269,.T.);
#1271=CARTESIAN_POINT('',(28.3421875,74.421543765,-3.));
#1272=VERTEX_POINT('',#1271);
#1273=CARTESIAN_POINT('',(33.3421875,74.421543765,-3.));
#1274=DIRECTION('',(-1.,0.,0.));
#1275=VECTOR('',#1274,5.);
#1276=LINE('',#1273,#1275);
#1277=EDGE_CURVE('',#1264,#1272,#1276,.T.);
#1278=ORIENTED_EDGE('',*,*,#1277,.T.);
#1279=CARTESIAN_POINT('',(28.3421875,74.421543765,-3.));
#1280=DIRECTION('',(0.,-1.,0.));
#1281=VECTOR('',#1280,4.73280865);
#1282=LINE('',#1279,#1281);
#1283=EDGE_CURVE('',#1272,#1244,#1282,.T.);
#1284=ORIENTED_EDGE('',*,*,#1283,.T.);
#1285=EDGE_LOOP('',(#1253,#1262,#1270,#1278,#1284));
#1286=FACE_BOUND('',#1285,.T.);
#1287=CARTESIAN_POINT('',(-45.498551924,89.464994718,-3.));
#1288=VERTEX_POINT('',#1287);
#1289=CARTESIAN_POINT('',(-53.48801836,81.601076199,-3.));
#1290=VERTEX_POINT('',#1289);
#1291=CARTESIAN_POINT('',(-45.997678905,81.981621665,-3.));
#1292=DIRECTION('',(-0.,-0.,1.));
#1293=DIRECTION('',(-1.,0.,0.));
#1294=AXIS2_PLACEMENT_3D('',#1291,#1292,#1293);
#1295=CIRCLE('',#1294,7.5);
#1296=EDGE_CURVE('',#1288,#1290,#1295,.T.);
#1297=ORIENTED_EDGE('',*,*,#1296,.F.);
#1298=CARTESIAN_POINT('',(-27.958441942,114.806552379,-3.));
#1299=VERTEX_POINT('',#1298);
#1300=CARTESIAN_POINT('',(-24.997686937,94.016316163,-3.));
#1301=DIRECTION('',(-0.,-0.,1.));
#1302=DIRECTION('',(-1.,0.,0.));
#1303=AXIS2_PLACEMENT_3D('',#1300,#1301,#1302);
#1304=CIRCLE('',#1303,20.999999812);
#1305=EDGE_CURVE('',#1299,#1288,#1304,.T.);
#1306=ORIENTED_EDGE('',*,*,#1305,.F.);
#1307=CARTESIAN_POINT('',(-23.,119.016315608,-3.));
#1308=VERTEX_POINT('',#1307);
#1309=CARTESIAN_POINT('',(-23.000000077,113.991299964,-3.));
#1310=DIRECTION('',(-0.,-0.,1.));
#1311=DIRECTION('',(-1.,0.,0.));
#1312=AXIS2_PLACEMENT_3D('',#1309,#1310,#1311);
#1313=CIRCLE('',#1312,5.025015645);
#1314=EDGE_CURVE('',#1308,#1299,#1313,.T.);
#1315=ORIENTED_EDGE('',*,*,#1314,.F.);
#1316=CARTESIAN_POINT('',(-13.,119.016315608,-3.));
#1317=VERTEX_POINT('',#1316);
#1318=CARTESIAN_POINT('',(-23.,119.016315608,-3.));
#1319=DIRECTION('',(1.,0.,0.));
#1320=VECTOR('',#1319,10.);
#1321=LINE('',#1318,#1320);
#1322=EDGE_CURVE('',#1308,#1317,#1321,.T.);
#1323=ORIENTED_EDGE('',*,*,#1322,.T.);
#1324=CARTESIAN_POINT('',(0.000160821,119.016031931,-3.));
#1325=VERTEX_POINT('',#1324);
#1326=CARTESIAN_POINT('',(-13.,119.016315608,-3.));
#1327=DIRECTION('',(1.,-0.000021821,0.));
#1328=VECTOR('',#1327,13.000160824);
#1329=LINE('',#1326,#1328);
#1330=EDGE_CURVE('',#1317,#1325,#1329,.T.);
#1331=ORIENTED_EDGE('',*,*,#1330,.T.);
#1332=CARTESIAN_POINT('',(13.000321638,119.016442316,-3.));
#1333=VERTEX_POINT('',#1332);
#1334=CARTESIAN_POINT('',(13.000321638,119.016442316,-3.));
#1335=DIRECTION('',(-1.,-0.000031568,0.));
#1336=VECTOR('',#1335,13.000160824);
#1337=LINE('',#1334,#1336);
#1338=EDGE_CURVE('',#1333,#1325,#1337,.T.);
#1339=ORIENTED_EDGE('',*,*,#1338,.F.);
#1340=CARTESIAN_POINT('',(23.000321637,119.016539782,-3.));
#1341=VERTEX_POINT('',#1340);
#1342=CARTESIAN_POINT('',(23.000321637,119.016539782,-3.));
#1343=DIRECTION('',(-1.,-0.000009747,0.));
#1344=VECTOR('',#1343,10.);
#1345=LINE('',#1342,#1344);
#1346=EDGE_CURVE('',#1341,#1333,#1345,.T.);
#1347=ORIENTED_EDGE('',*,*,#1346,.F.);
#1348=CARTESIAN_POINT('',(27.958804616,114.806824373,-3.));
#1349=VERTEX_POINT('',#1348);
#1350=CARTESIAN_POINT('',(23.000370614,113.991524138,-3.));
#1351=DIRECTION('',(-0.,-0.,1.));
#1352=DIRECTION('',(-1.,0.,0.));
#1353=AXIS2_PLACEMENT_3D('',#1350,#1351,#1352);
#1354=CIRCLE('',#1353,5.025015645);
#1355=EDGE_CURVE('',#1349,#1341,#1354,.T.);
#1356=ORIENTED_EDGE('',*,*,#1355,.F.);
#1357=CARTESIAN_POINT('',(45.998248491,94.016559808,-3.));
#1358=VERTEX_POINT('',#1357);
#1359=CARTESIAN_POINT('',(24.998248679,94.016559808,-3.));
#1360=DIRECTION('',(-0.,-0.,1.));
#1361=DIRECTION('',(-1.,0.,0.));
#1362=AXIS2_PLACEMENT_3D('',#1359,#1360,#1361);
#1363=CIRCLE('',#1362,20.999999812);
#1364=EDGE_CURVE('',#1358,#1349,#1363,.T.);
#1365=ORIENTED_EDGE('',*,*,#1364,.F.);
#1366=CARTESIAN_POINT('',(45.499158999,89.465442567,-3.));
#1367=VERTEX_POINT('',#1366);
#1368=CARTESIAN_POINT('',(24.998248679,94.016559808,-3.));
#1369=DIRECTION('',(-0.,-0.,1.));
#1370=DIRECTION('',(-1.,0.,0.));
#1371=AXIS2_PLACEMENT_3D('',#1368,#1369,#1370);
#1372=CIRCLE('',#1371,20.999999812);
#1373=EDGE_CURVE('',#1367,#1358,#1372,.T.);
#1374=ORIENTED_EDGE('',*,*,#1373,.F.);
#1375=CARTESIAN_POINT('',(53.498293119,81.98206999,-3.));
#1376=VERTEX_POINT('',#1375);
#1377=CARTESIAN_POINT('',(45.998293119,81.98206999,-3.));
#1378=DIRECTION('',(-0.,-0.,1.));
#1379=DIRECTION('',(-1.,0.,0.));
#1380=AXIS2_PLACEMENT_3D('',#1377,#1378,#1379);
#1381=CIRCLE('',#1380,7.5);
#1382=EDGE_CURVE('',#1376,#1367,#1381,.T.);
#1383=ORIENTED_EDGE('',*,*,#1382,.F.);
#1384=CARTESIAN_POINT('',(53.488636283,81.601597529,-3.));
#1385=VERTEX_POINT('',#1384);
#1386=CARTESIAN_POINT('',(45.998293119,81.98206999,-3.));
#1387=DIRECTION('',(-0.,-0.,1.));
#1388=DIRECTION('',(-1.,0.,0.));
#1389=AXIS2_PLACEMENT_3D('',#1386,#1387,#1388);
#1390=CIRCLE('',#1389,7.5);
#1391=EDGE_CURVE('',#1385,#1376,#1390,.T.);
#1392=ORIENTED_EDGE('',*,*,#1391,.F.);
#1393=CARTESIAN_POINT('',(106.391275476,5.354035783,-3.));
#1394=VERTEX_POINT('',#1393);
#1395=CARTESIAN_POINT('',(53.488636283,81.601597529,-3.));
#1396=CARTESIAN_POINT('',(54.511850338,81.500378143,-3.));
#1397=CARTESIAN_POINT('',(55.532904624,81.376283172,-3.));
#1398=CARTESIAN_POINT('',(56.546136016,81.225989047,-3.));
#1399=CARTESIAN_POINT('',(57.559367408,81.075694921,-3.));
#1400=CARTESIAN_POINT('',(58.565950806,80.89912114,-3.));
#1401=CARTESIAN_POINT('',(59.564700124,80.691579085,-3.));
#1402=CARTESIAN_POINT('',(61.562198762,80.276494974,-3.));
#1403=CARTESIAN_POINT('',(63.528781827,79.739200977,-3.));
#1404=CARTESIAN_POINT('',(65.450858533,79.025972432,-3.));
#1405=CARTESIAN_POINT('',(65.931377709,78.847665296,-3.));
#1406=CARTESIAN_POINT('',(66.409082565,78.658233095,-3.));
#1407=CARTESIAN_POINT('',(66.883689392,78.456554318,-3.));
#1408=CARTESIAN_POINT('',(67.358296218,78.25487554,-3.));
#1409=CARTESIAN_POINT('',(67.83000157,78.04074686,-3.));
#1410=CARTESIAN_POINT('',(68.292857304,77.815975533,-3.));
#1411=CARTESIAN_POINT('',(69.218568772,77.36643288,-3.));
#1412=CARTESIAN_POINT('',(70.114242537,76.872087509,-3.));
#1413=CARTESIAN_POINT('',(70.977556788,76.329476321,-3.));
#1414=CARTESIAN_POINT('',(71.840871038,75.786865133,-3.));
#1415=CARTESIAN_POINT('',(72.671783084,75.195924454,-3.));
#1416=CARTESIAN_POINT('',(73.468858341,74.554514532,-3.));
#1417=CARTESIAN_POINT('',(73.86739597,74.23380957,-3.));
#1418=CARTESIAN_POINT('',(74.257492294,73.900513985,-3.));
#1419=CARTESIAN_POINT('',(74.639106751,73.554567278,-3.));
#1420=CARTESIAN_POINT('',(75.020721209,73.20862057,-3.));
#1421=CARTESIAN_POINT('',(75.394930028,72.848854653,-3.));
#1422=CARTESIAN_POINT('',(75.756770543,72.4807319,-3.));
#1423=CARTESIAN_POINT('',(77.204132602,71.008240889,-3.));
#1424=CARTESIAN_POINT('',(78.462468123,69.394610787,-3.));
#1425=CARTESIAN_POINT('',(79.596510317,67.688175479,-3.));
#1426=CARTESIAN_POINT('',(80.730552512,65.981740171,-3.));
#1427=CARTESIAN_POINT('',(81.744119501,64.180075815,-3.));
#1428=CARTESIAN_POINT('',(82.686673472,62.350333965,-3.));
#1429=CARTESIAN_POINT('',(83.157950458,61.43546304,-3.));
#1430=CARTESIAN_POINT('',(83.61198332,60.512108469,-3.));
#1431=CARTESIAN_POINT('',(84.054234289,59.582957525,-3.));
#1432=CARTESIAN_POINT('',(84.496485258,58.65380658,-3.));
#1433=CARTESIAN_POINT('',(84.92694075,57.718852578,-3.));
#1434=CARTESIAN_POINT('',(85.348556019,56.779549424,-3.));
#1435=CARTESIAN_POINT('',(86.191786557,54.900943117,-3.));
#1436=CARTESIAN_POINT('',(86.998331672,53.005781477,-3.));
#1437=CARTESIAN_POINT('',(87.778596246,51.100776114,-3.));
#1438=CARTESIAN_POINT('',(89.339125392,47.290765388,-3.));
#1439=CARTESIAN_POINT('',(90.798454179,43.439806422,-3.));
#1440=CARTESIAN_POINT('',(92.251847354,39.58678342,-3.));
#1441=CARTESIAN_POINT('',(92.978543942,37.660271919,-3.));
#1442=CARTESIAN_POINT('',(93.703300221,35.733022924,-3.));
#1443=CARTESIAN_POINT('',(94.434360712,33.808170103,-3.));
#1444=CARTESIAN_POINT('',(95.165421202,31.883317283,-3.));
#1445=CARTESIAN_POINT('',(95.902795497,29.960734734,-3.));
#1446=CARTESIAN_POINT('',(96.652043623,28.042956721,-3.));
#1447=CARTESIAN_POINT('',(98.150539876,24.207400695,-3.));
#1448=CARTESIAN_POINT('',(99.697339937,20.392787401,-3.));
#1449=CARTESIAN_POINT('',(101.315787232,16.609237681,-3.));
#1450=CARTESIAN_POINT('',(102.934234528,12.825687961,-3.));
#1451=CARTESIAN_POINT('',(104.623529039,9.072854955,-3.));
#1452=CARTESIAN_POINT('',(106.391275476,5.354035783,-3.));
#1453=B_SPLINE_CURVE_WITH_KNOTS('',3,(#1395,#1396,#1397,#1398,#1399,#1400,#1401,#1402,#1403,#1404,#1405,#1406,#1407,#1408,#1409,#1410,#1411,#1412,#1413,#1414,#1415,#1416,#1417,#1418,#1419,#1420,
#1421,#1422,#1423,#1424,#1425,#1426,#1427,#1428,#1429,#1430,#1431,#1432,#1433,#1434,#1435,#1436,#1437,#1438,#1439,#1440,#1441,#1442,#1443,#1444,#1445,
#1446,#1447,#1448,#1449,#1450,#1451,#1452),.UNSPECIFIED.,.F.,.F.,(4,3,3,3,3,3,3,3,3,3,3,3,3,3,3,3,3,3,3,4),(0.619348645,0.622436837,0.625525029,0.631701413,0.633245509,0.634789605,0.637877798,0.64096599,0.642510086,0.644054182,0.650230566,0.65640695,0.659495143,0.662583335,0.668759719,0.681112488,0.687288872,0.693465256,0.705818025,0.718170793),.UNSPECIFIED.);
#1454=EDGE_CURVE('',#1385,#1394,#1453,.T.);
#1455=ORIENTED_EDGE('',*,*,#1454,.T.);
#1456=CARTESIAN_POINT('',(107.184596968,3.698204856,-3.));
#1457=VERTEX_POINT('',#1456);
#1458=CARTESIAN_POINT('',(106.391275476,5.354035783,-3.));
#1459=CARTESIAN_POINT('',(106.654026662,4.801284719,-3.));
#1460=CARTESIAN_POINT('',(106.918465835,4.249336598,-3.));
#1461=CARTESIAN_POINT('',(107.184596067,3.698204422,-3.));
#1462=B_SPLINE_CURVE_WITH_KNOTS('',3,(#1458,#1459,#1460,#1461),.UNSPECIFIED.,.F.,.F.,(4,4),(0.00727338,0.009109448),.UNSPECIFIED.);
#1463=EDGE_CURVE('',#1394,#1457,#1462,.T.);
#1464=ORIENTED_EDGE('',*,*,#1463,.T.);
#1465=CARTESIAN_POINT('',(100.001413255,0.000974669,-3.));
#1466=VERTEX_POINT('',#1465);
#1467=CARTESIAN_POINT('',(107.184596968,3.698204856,-3.));
#1468=CARTESIAN_POINT('',(107.279090116,3.492166416,-3.));
#1469=CARTESIAN_POINT('',(107.371263257,3.285287025,-3.));
#1470=CARTESIAN_POINT('',(107.458560507,3.076640233,-3.));
#1471=CARTESIAN_POINT('',(107.545857758,2.867993442,-3.));
#1472=CARTESIAN_POINT('',(107.628504673,2.657661008,-3.));
#1473=CARTESIAN_POINT('',(107.700735105,2.443552834,-3.));
#1474=CARTESIAN_POINT('',(107.772965538,2.229444659,-3.));
#1475=CARTESIAN_POINT('',(107.835948372,2.011984438,-3.));
#1476=CARTESIAN_POINT('',(107.871966582,1.784750147,-3.));
#1477=CARTESIAN_POINT('',(107.889975687,1.671133001,-3.));
#1478=CARTESIAN_POINT('',(107.900539732,1.556985199,-3.));
#1479=CARTESIAN_POINT('',(107.89846253,1.442743817,-3.));
#1480=CARTESIAN_POINT('',(107.896385329,1.328502435,-3.));
#1481=CARTESIAN_POINT('',(107.880966181,1.212398121,-3.));
#1482=CARTESIAN_POINT('',(107.845977629,1.103345779,-3.));
#1483=CARTESIAN_POINT('',(107.828483353,1.048819608,-3.));
#1484=CARTESIAN_POINT('',(107.805879014,0.995319996,-3.));
#1485=CARTESIAN_POINT('',(107.778283953,0.944639361,-3.));
#1486=CARTESIAN_POINT('',(107.750688891,0.893958725,-3.));
#1487=CARTESIAN_POINT('',(107.718521147,0.846644521,-3.));
#1488=CARTESIAN_POINT('',(107.682105758,0.802457455,-3.));
#1489=CARTESIAN_POINT('',(107.645690368,0.758270389,-3.));
#1490=CARTESIAN_POINT('',(107.604585976,0.716876073,-3.));
#1491=CARTESIAN_POINT('',(107.56106558,0.679456562,-3.));
#1492=CARTESIAN_POINT('',(107.517545184,0.642037051,-3.));
#1493=CARTESIAN_POINT('',(107.471576844,0.608353911,-3.));
#1494=CARTESIAN_POINT('',(107.423721033,0.577551677,-3.));
#1495=CARTESIAN_POINT('',(107.32800941,0.515947207,-3.));
#1496=CARTESIAN_POINT('',(107.223937783,0.465378482,-3.));
#1497=CARTESIAN_POINT('',(107.11779728,0.422884585,-3.));
#1498=CARTESIAN_POINT('',(107.011656778,0.380390689,-3.));
#1499=CARTESIAN_POINT('',(106.903467517,0.345787174,-3.));
#1500=CARTESIAN_POINT('',(106.794048805,0.315918646,-3.));
#1501=CARTESIAN_POINT('',(106.575211381,0.25618159,-3.));
#1502=CARTESIAN_POINT('',(106.351502351,0.214998379,-3.));
#1503=CARTESIAN_POINT('',(106.125742522,0.182134029,-3.));
#1504=CARTESIAN_POINT('',(105.899982694,0.149269679,-3.));
#1505=CARTESIAN_POINT('',(105.67385238,0.125436055,-3.));
#1506=CARTESIAN_POINT('',(105.447530252,0.106277975,-3.));
#1507=CARTESIAN_POINT('',(104.994885996,0.067961816,-3.));
#1508=CARTESIAN_POINT('',(104.541489112,0.047991262,-3.));
#1509=CARTESIAN_POINT('',(104.087841217,0.034139197,-3.));
#1510=CARTESIAN_POINT('',(103.634193323,0.020287132,-3.));
#1511=CARTESIAN_POINT('',(103.180265286,0.013263632,-3.));
#1512=CARTESIAN_POINT('',(102.726231559,0.008816383,-3.));
#1513=CARTESIAN_POINT('',(101.818164105,-0.000078115,-3.));
#1514=CARTESIAN_POINT('',(100.909725668,0.000983522,-3.));
#1515=CARTESIAN_POINT('',(100.001413255,0.000974669,-3.));
#1516=B_SPLINE_CURVE_WITH_KNOTS('',3,(#1467,#1468,#1469,#1470,#1471,#1472,#1473,#1474,#1475,#1476,#1477,#1478,#1479,#1480,#1481,#1482,#1483,#1484,#1485,#1486,#1487,#1488,#1489,#1490,#1491,#1492,
#1493,#1494,#1495,#1496,#1497,#1498,#1499,#1500,#1501,#1502,#1503,#1504,#1505,#1506,#1507,#1508,#1509,#1510,#1511,#1512,#1513,#1514,#1515),.UNSPECIFIED.,.F.,.F.,(4,3,3,3,3,3,3,3,3,3,3,3,3,3,3,3,4),(0.054100608,0.054781842,0.055463076,0.056144311,0.056484928,0.056825545,0.056995854,0.057166162,0.057336471,0.057506779,0.057847396,0.058188014,0.058869248,0.059550482,0.060912951,0.062275419,0.065000357),.UNSPECIFIED.);
#1517=EDGE_CURVE('',#1457,#1466,#1516,.T.);
#1518=ORIENTED_EDGE('',*,*,#1517,.T.);
#1519=CARTESIAN_POINT('',(60.001413257,0.000584804,-3.));
#1520=VERTEX_POINT('',#1519);
#1521=CARTESIAN_POINT('',(100.001413255,0.000974669,-3.));
#1522=DIRECTION('',(-1.,-0.000009747,0.));
#1523=VECTOR('',#1522,40.);
#1524=LINE('',#1521,#1523);
#1525=EDGE_CURVE('',#1466,#1520,#1524,.T.);
#1526=ORIENTED_EDGE('',*,*,#1525,.T.);
#1527=CARTESIAN_POINT('',(56.110754694,2.828546081,-3.));
#1528=VERTEX_POINT('',#1527);
#1529=CARTESIAN_POINT('',(56.110753747,2.828546402,-3.));
#1530=CARTESIAN_POINT('',(56.019373333,2.567575631,-3.));
#1531=CARTESIAN_POINT('',(55.932116904,2.305006549,-3.));
#1532=CARTESIAN_POINT('',(55.85824798,2.038297324,-3.));
#1533=CARTESIAN_POINT('',(55.821313518,1.904942711,-3.));
#1534=CARTESIAN_POINT('',(55.787950738,1.770983638,-3.));
#1535=CARTESIAN_POINT('',(55.761239991,1.635898796,-3.));
#1536=CARTESIAN_POINT('',(55.734529244,1.500813954,-3.));
#1537=CARTESIAN_POINT('',(55.714123546,1.364662065,-3.));
#1538=CARTESIAN_POINT('',(55.707565337,1.226166671,-3.));
#1539=CARTESIAN_POINT('',(55.701007128,1.087671277,-3.));
#1540=CARTESIAN_POINT('',(55.708335147,0.946813617,-3.));
#1541=CARTESIAN_POINT('',(55.746716183,0.812489606,-3.));
#1542=CARTESIAN_POINT('',(55.765906702,0.745327601,-3.));
#1543=CARTESIAN_POINT('',(55.793177911,0.680344778,-3.));
#1544=CARTESIAN_POINT('',(55.8288746,0.620951538,-3.));
#1545=CARTESIAN_POINT('',(55.864571288,0.561558297,-3.));
#1546=CARTESIAN_POINT('',(55.909785617,0.506433969,-3.));
#1547=CARTESIAN_POINT('',(55.96065547,0.459083992,-3.));
#1548=CARTESIAN_POINT('',(56.011525323,0.411734016,-3.));
#1549=CARTESIAN_POINT('',(56.068860245,0.370877626,-3.));
#1550=CARTESIAN_POINT('',(56.129223756,0.335989422,-3.));
#1551=CARTESIAN_POINT('',(56.189587267,0.301101218,-3.));
#1552=CARTESIAN_POINT('',(56.251967913,0.272474346,-3.));
#1553=CARTESIAN_POINT('',(56.315612642,0.247771277,-3.));
#1554=CARTESIAN_POINT('',(56.4429021,0.198365138,-3.));
#1555=CARTESIAN_POINT('',(56.575145311,0.164335801,-3.));
#1556=CARTESIAN_POINT('',(56.70968639,0.137439211,-3.));
#1557=CARTESIAN_POINT('',(56.84422747,0.110542621,-3.));
#1558=CARTESIAN_POINT('',(56.981110738,0.091180924,-3.));
#1559=CARTESIAN_POINT('',(57.117688488,0.075958709,-3.));
#1560=CARTESIAN_POINT('',(57.254266238,0.060736494,-3.));
#1561=CARTESIAN_POINT('',(57.391140102,0.04965685,-3.));
#1562=CARTESIAN_POINT('',(57.528181009,0.040914108,-3.));
#1563=CARTESIAN_POINT('',(57.802262822,0.023428625,-3.));
#1564=CARTESIAN_POINT('',(58.077044763,0.015056901,-3.));
#1565=CARTESIAN_POINT('',(58.351937678,0.009751955,-3.));
#1566=CARTESIAN_POINT('',(58.901723508,-0.000857937,-3.));
#1567=CARTESIAN_POINT('',(59.451572113,0.000579445,-3.));
#1568=CARTESIAN_POINT('',(60.001413257,0.000584804,-3.));
#1569=B_SPLINE_CURVE_WITH_KNOTS('',3,(#1529,#1530,#1531,#1532,#1533,#1534,#1535,#1536,#1537,#1538,#1539,#1540,#1541,#1542,#1543,#1544,#1545,#1546,#1547,#1548,#1549,#1550,#1551,#1552,#1553,#1554,
#1555,#1556,#1557,#1558,#1559,#1560,#1561,#1562,#1563,#1564,#1565,#1566,#1567,#1568),.UNSPECIFIED.,.F.,.F.,(4,3,3,3,3,3,3,3,3,3,3,3,3,4),(0.016499136,0.017323898,0.017736279,0.018148659,0.01856104,0.018767231,0.018973421,0.019179612,0.019385802,0.019798183,0.020210564,0.020622945,0.021447706,0.02309723),.UNSPECIFIED.);
#1570=EDGE_CURVE('',#1528,#1520,#1569,.T.);
#1571=ORIENTED_EDGE('',*,*,#1570,.F.);
#1572=CARTESIAN_POINT('',(56.805288161,4.67657592,-3.));
#1573=VERTEX_POINT('',#1572);
#1574=CARTESIAN_POINT('',(56.110754694,2.828546081,-3.));
#1575=CARTESIAN_POINT('',(56.346233791,3.443056043,-3.));
#1576=CARTESIAN_POINT('',(56.578077052,4.058961096,-3.));
#1577=CARTESIAN_POINT('',(56.805288161,4.67657592,-3.));
#1578=B_SPLINE_CURVE_WITH_KNOTS('',3,(#1574,#1575,#1576,#1577),.UNSPECIFIED.,.F.,.F.,(4,4),(0.007967335,0.009941583),.UNSPECIFIED.);
#1579=EDGE_CURVE('',#1528,#1573,#1578,.T.);
#1580=ORIENTED_EDGE('',*,*,#1579,.T.);
#1581=CARTESIAN_POINT('',(46.745011472,52.676547846,-3.));
#1582=VERTEX_POINT('',#1581);
#1583=CARTESIAN_POINT('',(56.805288161,4.67657592,-3.));
#1584=CARTESIAN_POINT('',(57.580748648,6.784465331,-3.));
#1585=CARTESIAN_POINT('',(58.301946938,8.910691052,-3.));
#1586=CARTESIAN_POINT('',(58.92779341,11.069138107,-3.));
#1587=CARTESIAN_POINT('',(59.553639882,13.227585162,-3.));
#1588=CARTESIAN_POINT('',(60.084669143,15.426528974,-3.));
#1589=CARTESIAN_POINT('',(60.470132574,17.631957139,-3.));
#1590=CARTESIAN_POINT('',(60.855596004,19.837385303,-3.));
#1591=CARTESIAN_POINT('',(61.098060117,22.055433491,-3.));
#1592=CARTESIAN_POINT('',(61.163851669,24.289073445,-3.));
#1593=CARTESIAN_POINT('',(61.196747445,25.405893422,-3.));
#1594=CARTESIAN_POINT('',(61.185533921,26.526606148,-3.));
#1595=CARTESIAN_POINT('',(61.126034106,27.651580251,-3.));
#1596=CARTESIAN_POINT('',(61.096284198,28.214067303,-3.));
#1597=CARTESIAN_POINT('',(61.05434197,28.778666624,-3.));
#1598=CARTESIAN_POINT('',(61.000101712,29.341244041,-3.));
#1599=CARTESIAN_POINT('',(60.945861454,29.903821458,-3.));
#1600=CARTESIAN_POINT('',(60.879383183,30.464366139,-3.));
#1601=CARTESIAN_POINT('',(60.800514444,31.02285276,-3.));
#1602=CARTESIAN_POINT('',(60.642776967,32.139826002,-3.));
#1603=CARTESIAN_POINT('',(60.435528789,33.248575506,-3.));
#1604=CARTESIAN_POINT('',(60.177154524,34.348832956,-3.));
#1605=CARTESIAN_POINT('',(60.047967391,34.898961682,-3.));
#1606=CARTESIAN_POINT('',(59.90583912,35.447321649,-3.));
#1607=CARTESIAN_POINT('',(59.751783251,35.989684299,-3.));
#1608=CARTESIAN_POINT('',(59.597727383,36.53204695,-3.));
#1609=CARTESIAN_POINT('',(59.431545283,37.069354373,-3.));
#1610=CARTESIAN_POINT('',(59.253122422,37.601558823,-3.));
#1611=CARTESIAN_POINT('',(58.896276699,38.665967722,-3.));
#1612=CARTESIAN_POINT('',(58.49071361,39.71006715,-3.));
#1613=CARTESIAN_POINT('',(58.032811751,40.732347401,-3.));
#1614=CARTESIAN_POINT('',(57.574909892,41.754627652,-3.));
#1615=CARTESIAN_POINT('',(57.064814531,42.755149287,-3.));
#1616=CARTESIAN_POINT('',(56.494025266,43.730368626,-3.));
#1617=CARTESIAN_POINT('',(56.208630633,44.217978296,-3.));
#1618=CARTESIAN_POINT('',(55.907398147,44.699877139,-3.));
#1619=CARTESIAN_POINT('',(55.593219237,45.168944747,-3.));
#1620=CARTESIAN_POINT('',(55.279040327,45.638012354,-3.));
#1621=CARTESIAN_POINT('',(54.95117012,46.095635779,-3.));
#1622=CARTESIAN_POINT('',(54.608526425,46.540910449,-3.));
#1623=CARTESIAN_POINT('',(53.923239035,47.431459788,-3.));
#1624=CARTESIAN_POINT('',(53.179459262,48.273116936,-3.));
#1625=CARTESIAN_POINT('',(52.362748801,49.053813309,-3.));
#1626=CARTESIAN_POINT('',(52.158571186,49.248987403,-3.));
#1627=CARTESIAN_POINT('',(51.949788108,49.440311915,-3.));
#1628=CARTESIAN_POINT('',(51.736066978,49.627508844,-3.));
#1629=CARTESIAN_POINT('',(51.522345847,49.814705773,-3.));
#1630=CARTESIAN_POINT('',(51.304449028,49.99706269,-3.));
#1631=CARTESIAN_POINT('',(51.083760658,50.17315439,-3.));
#1632=CARTESIAN_POINT('',(50.642383917,50.525337791,-3.));
#1633=CARTESIAN_POINT('',(50.188084807,50.854020657,-3.));
#1634=CARTESIAN_POINT('',(49.720184025,51.157967614,-3.));
#1635=CARTESIAN_POINT('',(48.78438246,51.765861526,-3.));
#1636=CARTESIAN_POINT('',(47.79355132,52.273679021,-3.));
#1637=CARTESIAN_POINT('',(46.745011472,52.676547846,-3.));
#1638=B_SPLINE_CURVE_WITH_KNOTS('',3,(#1583,#1584,#1585,#1586,#1587,#1588,#1589,#1590,#1591,#1592,#1593,#1594,#1595,#1596,#1597,#1598,#1599,#1600,#1601,#1602,#1603,#1604,#1605,#1606,#1607,#1608,
#1609,#1610,#1611,#1612,#1613,#1614,#1615,#1616,#1617,#1618,#1619,#1620,#1621,#1622,#1623,#1624,#1625,#1626,#1627,#1628,#1629,#1630,#1631,#1632,#1633,
#1634,#1635,#1636,#1637),.UNSPECIFIED.,.F.,.F.,(4,3,3,3,3,3,3,3,3,3,3,3,3,3,3,3,3,3,4),(0.177078054,0.183816068,0.190554082,0.197292096,0.200661103,0.202345606,0.204030109,0.207399116,0.20908362,0.210768123,0.21413713,0.217506137,0.219190641,0.220875144,0.224244151,0.225086403,0.225928654,0.227613158,0.230982165),.UNSPECIFIED.);
#1639=EDGE_CURVE('',#1573,#1582,#1638,.T.);
#1640=ORIENTED_EDGE('',*,*,#1639,.T.);
#1641=CARTESIAN_POINT('',(45.485406093,52.938838729,-3.));
#1642=VERTEX_POINT('',#1641);
#1643=CARTESIAN_POINT('',(45.310384915,48.942669615,-3.));
#1644=DIRECTION('',(-0.,-0.,1.));
#1645=DIRECTION('',(-1.,0.,0.));
#1646=AXIS2_PLACEMENT_3D('',#1643,#1644,#1645);
#1647=CIRCLE('',#1646,4.);
#1648=EDGE_CURVE('',#1582,#1642,#1647,.T.);
#1649=ORIENTED_EDGE('',*,*,#1648,.T.);
#1650=CARTESIAN_POINT('',(42.309717494,51.127272653,-3.));
#1651=VERTEX_POINT('',#1650);
#1652=CARTESIAN_POINT('',(45.660466219,48.942671321,-3.));
#1653=DIRECTION('',(-0.,-0.,1.));
#1654=DIRECTION('',(-1.,0.,0.));
#1655=AXIS2_PLACEMENT_3D('',#1652,#1653,#1654);
#1656=CIRCLE('',#1655,4.);
#1657=EDGE_CURVE('',#1642,#1651,#1656,.T.);
#1658=ORIENTED_EDGE('',*,*,#1657,.T.);
#1659=CARTESIAN_POINT('',(17.752936462,55.904076473,-3.));
#1660=VERTEX_POINT('',#1659);
#1661=CARTESIAN_POINT('',(31.000940547,58.50030215,-3.));
#1662=DIRECTION('',(-0.,-0.,1.));
#1663=DIRECTION('',(-1.,0.,0.));
#1664=AXIS2_PLACEMENT_3D('',#1661,#1662,#1663);
#1665=CIRCLE('',#1664,13.5);
#1666=EDGE_CURVE('',#1660,#1651,#1665,.T.);
#1667=ORIENTED_EDGE('',*,*,#1666,.F.);
#1668=CARTESIAN_POINT('',(12.846243916,59.942511407,-3.));
#1669=VERTEX_POINT('',#1668);
#1670=CARTESIAN_POINT('',(12.846268282,54.942511407,-3.));
#1671=DIRECTION('',(-0.,-0.,1.));
#1672=DIRECTION('',(-1.,0.,0.));
#1673=AXIS2_PLACEMENT_3D('',#1670,#1671,#1672);
#1674=CIRCLE('',#1673,5.);
#1675=EDGE_CURVE('',#1660,#1669,#1674,.T.);
#1676=ORIENTED_EDGE('',*,*,#1675,.T.);
#1677=CARTESIAN_POINT('',(-12.845317426,59.942386204,-3.));
#1678=VERTEX_POINT('',#1677);
#1679=CARTESIAN_POINT('',(-12.845317426,59.942386204,-3.));
#1680=DIRECTION('',(1.,0.000004873,0.));
#1681=VECTOR('',#1680,25.691561343);
#1682=LINE('',#1679,#1681);
#1683=EDGE_CURVE('',#1678,#1669,#1682,.T.);
#1684=ORIENTED_EDGE('',*,*,#1683,.F.);
#1685=CARTESIAN_POINT('',(-17.751970611,55.903903446,-3.));
#1686=VERTEX_POINT('',#1685);
#1687=CARTESIAN_POINT('',(-12.84529306,54.942386204,-3.));
#1688=DIRECTION('',(-0.,-0.,1.));
#1689=DIRECTION('',(-1.,0.,0.));
#1690=AXIS2_PLACEMENT_3D('',#1687,#1688,#1689);
#1691=CIRCLE('',#1690,5.);
#1692=EDGE_CURVE('',#1678,#1686,#1691,.T.);
#1693=ORIENTED_EDGE('',*,*,#1692,.T.);
#1694=CARTESIAN_POINT('',(-42.308705085,51.126860282,-3.));
#1695=VERTEX_POINT('',#1694);
#1696=CARTESIAN_POINT('',(-31.,58.5,-3.));
#1697=DIRECTION('',(-0.,-0.,1.));
#1698=DIRECTION('',(-1.,0.,0.));
#1699=AXIS2_PLACEMENT_3D('',#1696,#1697,#1698);
#1700=CIRCLE('',#1699,13.5);
#1701=EDGE_CURVE('',#1695,#1686,#1700,.T.);
#1702=ORIENTED_EDGE('',*,*,#1701,.F.);
#1703=CARTESIAN_POINT('',(-45.484460073,52.938397539,-3.));
#1704=VERTEX_POINT('',#1703);
#1705=CARTESIAN_POINT('',(-45.659432517,48.942226291,-3.));
#1706=DIRECTION('',(-0.,-0.,1.));
#1707=DIRECTION('',(-1.,0.,0.));
#1708=AXIS2_PLACEMENT_3D('',#1705,#1706,#1707);
#1709=CIRCLE('',#1708,4.);
#1710=EDGE_CURVE('',#1695,#1704,#1709,.T.);
#1711=ORIENTED_EDGE('',*,*,#1710,.T.);
#1712=CARTESIAN_POINT('',(-46.744111628,52.676092245,-3.));
#1713=VERTEX_POINT('',#1712);
#1714=CARTESIAN_POINT('',(-45.309448679,48.942227997,-3.));
#1715=DIRECTION('',(-0.,-0.,1.));
#1716=DIRECTION('',(-1.,0.,0.));
#1717=AXIS2_PLACEMENT_3D('',#1714,#1715,#1716);
#1718=CIRCLE('',#1717,4.);
#1719=EDGE_CURVE('',#1704,#1713,#1718,.T.);
#1720=ORIENTED_EDGE('',*,*,#1719,.T.);
#1721=CARTESIAN_POINT('',(-56.80392048,4.676022267,-3.));
#1722=VERTEX_POINT('',#1721);
#1723=CARTESIAN_POINT('',(-56.80392048,4.676022267,-3.));
#1724=CARTESIAN_POINT('',(-57.579400986,6.783904269,-3.));
#1725=CARTESIAN_POINT('',(-58.300620504,8.910122753,-3.));
#1726=CARTESIAN_POINT('',(-58.926488003,11.068563661,-3.));
#1727=CARTESIAN_POINT('',(-59.552355503,13.22700457,-3.));
#1728=CARTESIAN_POINT('',(-60.08340618,15.425943117,-3.));
#1729=CARTESIAN_POINT('',(-60.468891102,17.631367414,-3.));
#1730=CARTESIAN_POINT('',(-60.854376024,19.83679171,-3.));
#1731=CARTESIAN_POINT('',(-61.096861766,22.054837418,-3.));
#1732=CARTESIAN_POINT('',(-61.162675122,24.288476607,-3.));
#1733=CARTESIAN_POINT('',(-61.1955818,25.405296201,-3.));
#1734=CARTESIAN_POINT('',(-61.184379222,26.526008972,-3.));
#1735=CARTESIAN_POINT('',(-61.1248904,27.65098359,-3.));
#1736=CARTESIAN_POINT('',(-61.095145989,28.213470899,-3.));
#1737=CARTESIAN_POINT('',(-61.053209281,28.778070595,-3.));
#1738=CARTESIAN_POINT('',(-60.998974523,29.340648515,-3.));
#1739=CARTESIAN_POINT('',(-60.944739765,29.903226436,-3.));
#1740=CARTESIAN_POINT('',(-60.878266976,30.463771738,-3.));
#1741=CARTESIAN_POINT('',(-60.7994037,31.022259103,-3.));
#1742=CARTESIAN_POINT('',(-60.641677148,32.139233831,-3.));
#1743=CARTESIAN_POINT('',(-60.434439822,33.247985305,-3.));
#1744=CARTESIAN_POINT('',(-60.176076332,34.348245222,-3.));
#1745=CARTESIAN_POINT('',(-60.046894587,34.898375181,-3.));
#1746=CARTESIAN_POINT('',(-59.904771686,35.446736512,-3.));
#1747=CARTESIAN_POINT('',(-59.750721131,35.989100644,-3.));
#1748=CARTESIAN_POINT('',(-59.596670576,36.531464775,-3.));
#1749=CARTESIAN_POINT('',(-59.430493742,37.068773798,-3.));
#1750=CARTESIAN_POINT('',(-59.252076097,37.600979968,-3.));
#1751=CARTESIAN_POINT('',(-58.895240808,38.665392307,-3.));
#1752=CARTESIAN_POINT('',(-58.489687962,39.709495652,-3.));
#1753=CARTESIAN_POINT('',(-58.03179614,40.731780333,-3.));
#1754=CARTESIAN_POINT('',(-57.573904318,41.754065015,-3.));
#1755=CARTESIAN_POINT('',(-57.063818791,42.754591592,-3.));
#1756=CARTESIAN_POINT('',(-56.493039125,43.729816471,-3.));
#1757=CARTESIAN_POINT('',(-56.207649292,44.21742891,-3.));
#1758=CARTESIAN_POINT('',(-55.906421549,44.699330686,-3.));
#1759=CARTESIAN_POINT('',(-55.592247257,45.168401356,-3.));
#1760=CARTESIAN_POINT('',(-55.278072966,45.637472027,-3.));
#1761=CARTESIAN_POINT('',(-54.950207267,46.095098651,-3.));
#1762=CARTESIAN_POINT('',(-54.607567964,46.540376665,-3.));
#1763=CARTESIAN_POINT('',(-53.922289359,47.430932694,-3.));
#1764=CARTESIAN_POINT('',(-53.178517905,48.272597112,-3.));
#1765=CARTESIAN_POINT('',(-52.361815188,49.053301482,-3.));
#1766=CARTESIAN_POINT('',(-52.157639509,49.248477575,-3.));
#1767=CARTESIAN_POINT('',(-51.948858331,49.439804133,-3.));
#1768=CARTESIAN_POINT('',(-51.735139061,49.627003156,-3.));
#1769=CARTESIAN_POINT('',(-51.521419792,49.814202179,-3.));
#1770=CARTESIAN_POINT('',(-51.303524774,49.996561245,-3.));
#1771=CARTESIAN_POINT('',(-51.082838148,50.172655118,-3.));
#1772=CARTESIAN_POINT('',(-50.641464897,50.524842863,-3.));
#1773=CARTESIAN_POINT('',(-50.187169049,50.853530205,-3.));
#1774=CARTESIAN_POINT('',(-49.719271291,51.157481773,-3.));
#1775=CARTESIAN_POINT('',(-48.783475774,51.765384909,-3.));
#1776=CARTESIAN_POINT('',(-47.792649717,52.273212184,-3.));
#1777=CARTESIAN_POINT('',(-46.744113933,52.676091359,-3.));
#1778=B_SPLINE_CURVE_WITH_KNOTS('',3,(#1723,#1724,#1725,#1726,#1727,#1728,#1729,#1730,#1731,#1732,#1733,#1734,#1735,#1736,#1737,#1738,#1739,#1740,#1741,#1742,#1743,#1744,#1745,#1746,#1747,#1748,
#1749,#1750,#1751,#1752,#1753,#1754,#1755,#1756,#1757,#1758,#1759,#1760,#1761,#1762,#1763,#1764,#1765,#1766,#1767,#1768,#1769,#1770,#1771,#1772,#1773,
#1774,#1775,#1776,#1777),.UNSPECIFIED.,.F.,.F.,(4,3,3,3,3,3,3,3,3,3,3,3,3,3,3,3,3,3,4),(0.177078054,0.183816067,0.190554081,0.197292095,0.200661102,0.202345605,0.204030109,0.207399116,0.209083619,0.210768122,0.214137129,0.217506136,0.21919064,0.220875143,0.22424415,0.225086402,0.225928653,0.227613157,0.230982164),.UNSPECIFIED.);
#1779=EDGE_CURVE('',#1722,#1713,#1778,.T.);
#1780=ORIENTED_EDGE('',*,*,#1779,.F.);
#1781=CARTESIAN_POINT('',(-56.10936234,2.827983201,-3.));
#1782=VERTEX_POINT('',#1781);
#1783=CARTESIAN_POINT('',(-56.109362803,2.827983024,-3.));
#1784=CARTESIAN_POINT('',(-56.344849973,3.442496076,-3.));
#1785=CARTESIAN_POINT('',(-56.576701357,4.058404239,-3.));
#1786=CARTESIAN_POINT('',(-56.80392048,4.676022267,-3.));
#1787=B_SPLINE_CURVE_WITH_KNOTS('',3,(#1783,#1784,#1785,#1786),.UNSPECIFIED.,.F.,.F.,(4,4),(0.007967318,0.009941583),.UNSPECIFIED.);
#1788=EDGE_CURVE('',#1782,#1722,#1787,.T.);
#1789=ORIENTED_EDGE('',*,*,#1788,.F.);
#1790=CARTESIAN_POINT('',(-60.,0.,-3.));
#1791=VERTEX_POINT('',#1790);
#1792=CARTESIAN_POINT('',(-56.10936234,2.827983201,-3.));
#1793=CARTESIAN_POINT('',(-56.017979621,2.567014001,-3.));
#1794=CARTESIAN_POINT('',(-55.930721327,2.304446212,-3.));
#1795=CARTESIAN_POINT('',(-55.856850543,2.03773831,-3.));
#1796=CARTESIAN_POINT('',(-55.81991515,1.904384358,-3.));
#1797=CARTESIAN_POINT('',(-55.786551488,1.770425902,-3.));
#1798=CARTESIAN_POINT('',(-55.759839959,1.635341594,-3.));
#1799=CARTESIAN_POINT('',(-55.73312843,1.500257285,-3.));
#1800=CARTESIAN_POINT('',(-55.71272204,1.364105852,-3.));
#1801=CARTESIAN_POINT('',(-55.706163411,1.225610728,-3.));
#1802=CARTESIAN_POINT('',(-55.699604781,1.087115604,-3.));
#1803=CARTESIAN_POINT('',(-55.706932661,0.946258467,-3.));
#1804=CARTESIAN_POINT('',(-55.74531414,0.811934723,-3.));
#1805=CARTESIAN_POINT('',(-55.76450488,0.74477285,-3.));
#1806=CARTESIAN_POINT('',(-55.791776291,0.679790567,-3.));
#1807=CARTESIAN_POINT('',(-55.827473249,0.620397653,-3.));
#1808=CARTESIAN_POINT('',(-55.863170206,0.56100474,-3.));
#1809=CARTESIAN_POINT('',(-55.908384762,0.505880805,-3.));
#1810=CARTESIAN_POINT('',(-55.959254634,0.45853117,-3.));
#1811=CARTESIAN_POINT('',(-56.010124506,0.411181536,-3.));
#1812=CARTESIAN_POINT('',(-56.067459515,0.370325244,-3.));
#1813=CARTESIAN_POINT('',(-56.127822733,0.335437177,-3.));
#1814=CARTESIAN_POINT('',(-56.188185951,0.30054911,-3.));
#1815=CARTESIAN_POINT('',(-56.250566305,0.271922168,-3.));
#1816=CARTESIAN_POINT('',(-56.314210749,0.247218922,-3.));
#1817=CARTESIAN_POINT('',(-56.441499638,0.197812428,-3.));
#1818=CARTESIAN_POINT('',(-56.57374231,0.163782318,-3.));
#1819=CARTESIAN_POINT('',(-56.708282881,0.136884809,-3.));
#1820=CARTESIAN_POINT('',(-56.842823451,0.109987299,-3.));
#1821=CARTESIAN_POINT('',(-56.979706182,0.09062453,-3.));
#1822=CARTESIAN_POINT('',(-57.116283439,0.075401179,-3.));
#1823=CARTESIAN_POINT('',(-57.252860696,0.060177827,-3.));
#1824=CARTESIAN_POINT('',(-57.389734102,0.049096978,-3.));
#1825=CARTESIAN_POINT('',(-57.526774572,0.040353,-3.));
#1826=CARTESIAN_POINT('',(-57.800855512,0.022865043,-3.));
#1827=CARTESIAN_POINT('',(-58.07563666,0.01449072,-3.));
#1828=CARTESIAN_POINT('',(-58.350528808,0.009183145,-3.));
#1829=CARTESIAN_POINT('',(-58.900313103,-0.001432004,-3.));
#1830=CARTESIAN_POINT('',(-59.450160289,-0.,-3.));
#1831=CARTESIAN_POINT('',(-60.,-0.,-3.));
#1832=B_SPLINE_CURVE_WITH_KNOTS('',3,(#1792,#1793,#1794,#1795,#1796,#1797,#1798,#1799,#1800,#1801,#1802,#1803,#1804,#1805,#1806,#1807,#1808,#1809,#1810,#1811,#1812,#1813,#1814,#1815,#1816,#1817,
#1818,#1819,#1820,#1821,#1822,#1823,#1824,#1825,#1826,#1827,#1828,#1829,#1830,#1831),.UNSPECIFIED.,.F.,.F.,(4,3,3,3,3,3,3,3,3,3,3,3,3,4),(0.016499136,0.017323896,0.017736275,0.018148655,0.018561035,0.018767225,0.018973415,0.019179605,0.019385794,0.019798174,0.020210554,0.020622934,0.021447693,0.023097212),.UNSPECIFIED.);
#1833=EDGE_CURVE('',#1782,#1791,#1832,.T.);
#1834=ORIENTED_EDGE('',*,*,#1833,.T.);
#1835=CARTESIAN_POINT('',(-100.,0.,-3.));
#1836=VERTEX_POINT('',#1835);
#1837=CARTESIAN_POINT('',(-100.,0.,-3.));
#1838=DIRECTION('',(1.,0.,-0.));
#1839=VECTOR('',#1838,40.);
#1840=LINE('',#1837,#1839);
#1841=EDGE_CURVE('',#1836,#1791,#1840,.T.);
#1842=ORIENTED_EDGE('',*,*,#1841,.F.);
#1843=CARTESIAN_POINT('',(-107.183218798,3.697159845,-3.));
#1844=VERTEX_POINT('',#1843);
#1845=CARTESIAN_POINT('',(-107.183219743,3.697160187,-3.));
#1846=CARTESIAN_POINT('',(-107.277710726,3.491120705,-3.));
#1847=CARTESIAN_POINT('',(-107.369882053,3.284240434,-3.));
#1848=CARTESIAN_POINT('',(-107.457177283,3.075592755,-3.));
#1849=CARTESIAN_POINT('',(-107.544472513,2.866945076,-3.));
#1850=CARTESIAN_POINT('',(-107.627117383,2.656611811,-3.));
#1851=CARTESIAN_POINT('',(-107.69934572,2.442502935,-3.));
#1852=CARTESIAN_POINT('',(-107.771574058,2.228394059,-3.));
#1853=CARTESIAN_POINT('',(-107.834554747,2.010933249,-3.));
#1854=CARTESIAN_POINT('',(-107.870570721,1.783698716,-3.));
#1855=CARTESIAN_POINT('',(-107.888578707,1.670081449,-3.));
#1856=CARTESIAN_POINT('',(-107.89914165,1.555933407,-3.));
#1857=CARTESIAN_POINT('',(-107.897063325,1.441692054,-3.));
#1858=CARTESIAN_POINT('',(-107.894985001,1.327450701,-3.));
#1859=CARTESIAN_POINT('',(-107.879564706,1.211346521,-3.));
#1860=CARTESIAN_POINT('',(-107.844575081,1.102294536,-3.));
#1861=CARTESIAN_POINT('',(-107.827080269,1.047768544,-3.));
#1862=CARTESIAN_POINT('',(-107.804475433,0.994269216,-3.));
#1863=CARTESIAN_POINT('',(-107.776879852,0.943588814,-3.));
#1864=CARTESIAN_POINT('',(-107.74928427,0.892908412,-3.));
#1865=CARTESIAN_POINT('',(-107.717116047,0.845594517,-3.));
#1866=CARTESIAN_POINT('',(-107.680700227,0.80140782,-3.));
#1867=CARTESIAN_POINT('',(-107.644284407,0.757221122,-3.));
#1868=CARTESIAN_POINT('',(-107.603179629,0.715827229,-3.));
#1869=CARTESIAN_POINT('',(-107.559658836,0.678408124,-3.));
#1870=CARTESIAN_POINT('',(-107.516138042,0.640989019,-3.));
#1871=CARTESIAN_POINT('',(-107.470169353,0.607306324,-3.));
#1872=CARTESIAN_POINT('',(-107.422313232,0.57650456,-3.));
#1873=CARTESIAN_POINT('',(-107.326600992,0.514901031,-3.));
#1874=CARTESIAN_POINT('',(-107.222528922,0.464333355,-3.));
#1875=CARTESIAN_POINT('',(-107.116387957,0.421840483,-3.));
#1876=CARTESIAN_POINT('',(-107.010246991,0.379347612,-3.));
#1877=CARTESIAN_POINT('',(-106.90205737,0.344745156,-3.));
#1878=CARTESIAN_POINT('',(-106.792638362,0.314877702,-3.));
#1879=CARTESIAN_POINT('',(-106.573800345,0.255142792,-3.));
#1880=CARTESIAN_POINT('',(-106.35009111,0.213961805,-3.));
#1881=CARTESIAN_POINT('',(-106.124330904,0.18109965,-3.));
#1882=CARTESIAN_POINT('',(-105.898570697,0.148237495,-3.));
#1883=CARTESIAN_POINT('',(-105.672440116,0.124406077,-3.));
#1884=CARTESIAN_POINT('',(-105.446117778,0.105250204,-3.));
#1885=CARTESIAN_POINT('',(-104.993473101,0.06693846,-3.));
#1886=CARTESIAN_POINT('',(-104.540076022,0.046972331,-3.));
#1887=CARTESIAN_POINT('',(-104.086428006,0.033124691,-3.));
#1888=CARTESIAN_POINT('',(-103.63277999,0.019277051,-3.));
#1889=CARTESIAN_POINT('',(-103.178851917,0.012257977,-3.));
#1890=CARTESIAN_POINT('',(-102.724818184,0.007815155,-3.));
#1891=CARTESIAN_POINT('',(-101.816750718,-0.00107049,-3.));
#1892=CARTESIAN_POINT('',(-100.908312358,-0.,-3.));
#1893=CARTESIAN_POINT('',(-100.,-0.,-3.));
#1894=B_SPLINE_CURVE_WITH_KNOTS('',3,(#1845,#1846,#1847,#1848,#1849,#1850,#1851,#1852,#1853,#1854,#1855,#1856,#1857,#1858,#1859,#1860,#1861,#1862,#1863,#1864,#1865,#1866,#1867,#1868,#1869,#1870,
#1871,#1872,#1873,#1874,#1875,#1876,#1877,#1878,#1879,#1880,#1881,#1882,#1883,#1884,#1885,#1886,#1887,#1888,#1889,#1890,#1891,#1892,#1893),.UNSPECIFIED.,.F.,.F.,(4,3,3,3,3,3,3,3,3,3,3,3,3,3,3,3,4),(0.05410165,0.054782885,0.055464119,0.056145353,0.05648597,0.056826587,0.056996896,0.057167205,0.057337513,0.057507822,0.057848439,0.058189056,0.05887029,0.059551525,0.060913993,0.062276462,0.065001399),.UNSPECIFIED.);
#1895=EDGE_CURVE('',#1844,#1836,#1894,.T.);
#1896=ORIENTED_EDGE('',*,*,#1895,.F.);
#1897=CARTESIAN_POINT('',(-106.389914396,5.352998835,-3.));
#1898=VERTEX_POINT('',#1897);
#1899=CARTESIAN_POINT('',(-106.389914396,5.352998835,-3.));
#1900=CARTESIAN_POINT('',(-106.652660178,4.800245244,-3.));
#1901=CARTESIAN_POINT('',(-106.917093955,4.24829458,-3.));
#1902=CARTESIAN_POINT('',(-107.183218798,3.697159845,-3.));
#1903=B_SPLINE_CURVE_WITH_KNOTS('',3,(#1899,#1900,#1901,#1902),.UNSPECIFIED.,.F.,.F.,(4,4),(0.00727338,0.009109448),.UNSPECIFIED.);
#1904=EDGE_CURVE('',#1898,#1844,#1903,.T.);
#1905=ORIENTED_EDGE('',*,*,#1904,.F.);
#1906=CARTESIAN_POINT('',(-53.48801836,81.601076199,-3.));
#1907=CARTESIAN_POINT('',(-54.511231424,81.49984684,-3.));
#1908=CARTESIAN_POINT('',(-55.532284496,81.375741918,-3.));
#1909=CARTESIAN_POINT('',(-56.545514418,81.225437918,-3.));
#1910=CARTESIAN_POINT('',(-57.55874434,81.075133919,-3.));
#1911=CARTESIAN_POINT('',(-58.565326012,80.898550328,-3.));
#1912=CARTESIAN_POINT('',(-59.564073303,80.69099854,-3.));
#1913=CARTESIAN_POINT('',(-61.561567885,80.275894964,-3.));
#1914=CARTESIAN_POINT('',(-63.528145704,79.738581804,-3.));
#1915=CARTESIAN_POINT('',(-65.450215449,79.025334532,-3.));
#1916=CARTESIAN_POINT('',(-65.930732886,78.847022714,-3.));
#1917=CARTESIAN_POINT('',(-66.408435894,78.657585859,-3.));
#1918=CARTESIAN_POINT('',(-66.883040752,78.455902458,-3.));
#1919=CARTESIAN_POINT('',(-67.357645611,78.254219057,-3.));
#1920=CARTESIAN_POINT('',(-67.829348874,78.040085781,-3.));
#1921=CARTESIAN_POINT('',(-68.292202416,77.815309945,-3.));
#1922=CARTESIAN_POINT('',(-69.217909499,77.365758274,-3.));
#1923=CARTESIAN_POINT('',(-70.113578443,76.871404178,-3.));
#1924=CARTESIAN_POINT('',(-70.976887403,76.328784581,-3.));
#1925=CARTESIAN_POINT('',(-71.840196362,75.786164984,-3.));
#1926=CARTESIAN_POINT('',(-72.671102647,75.195216213,-3.));
#1927=CARTESIAN_POINT('',(-73.468171651,74.553798528,-3.));
#1928=CARTESIAN_POINT('',(-73.866706153,74.233089686,-3.));
#1929=CARTESIAN_POINT('',(-74.256799227,73.899790302,-3.));
#1930=CARTESIAN_POINT('',(-74.638410312,73.553839879,-3.));
#1931=CARTESIAN_POINT('',(-75.020021398,73.207889455,-3.));
#1932=CARTESIAN_POINT('',(-75.39422671,72.848119894,-3.));
#1933=CARTESIAN_POINT('',(-75.756063637,72.479993618,-3.));
#1934=CARTESIAN_POINT('',(-77.203411344,71.007488512,-3.));
#1935=CARTESIAN_POINT('',(-78.461731138,69.39384616,-3.));
#1936=CARTESIAN_POINT('',(-79.595756701,67.687399811,-3.));
#1937=CARTESIAN_POINT('',(-80.729782264,65.980953463,-3.));
#1938=CARTESIAN_POINT('',(-81.743331694,64.17927924,-3.));
#1939=CARTESIAN_POINT('',(-82.685867831,62.349528215,-3.));
#1940=CARTESIAN_POINT('',(-83.1571359,61.434652702,-3.));
#1941=CARTESIAN_POINT('',(-83.611159761,60.511293712,-3.));
#1942=CARTESIAN_POINT('',(-84.053401673,59.582138462,-3.));
#1943=CARTESIAN_POINT('',(-84.495643585,58.652983212,-3.));
#1944=CARTESIAN_POINT('',(-84.926089964,57.71802502,-3.));
#1945=CARTESIAN_POINT('',(-85.347696077,56.778717762,-3.));
#1946=CARTESIAN_POINT('',(-86.190908304,54.900103246,-3.));
#1947=CARTESIAN_POINT('',(-86.997434947,53.004933753,-3.));
#1948=CARTESIAN_POINT('',(-87.777680954,51.099920787,-3.));
#1949=CARTESIAN_POINT('',(-89.338172969,47.289894857,-3.));
#1950=CARTESIAN_POINT('',(-90.797464229,43.438921652,-3.));
#1951=CARTESIAN_POINT('',(-92.250819851,39.585884484,-3.));
#1952=CARTESIAN_POINT('',(-92.977497662,37.6593659,-3.));
#1953=CARTESIAN_POINT('',(-93.702235157,35.732109841,-3.));
#1954=CARTESIAN_POINT('',(-94.433276887,33.807249894,-3.));
#1955=CARTESIAN_POINT('',(-95.164318616,31.882389948,-3.));
#1956=CARTESIAN_POINT('',(-95.90167418,29.959800191,-3.));
#1957=CARTESIAN_POINT('',(-96.650903601,28.042014906,-3.));
#1958=CARTESIAN_POINT('',(-98.149362444,24.206444337,-3.));
#1959=CARTESIAN_POINT('',(-99.696125311,20.39181599,-3.));
#1960=CARTESIAN_POINT('',(-101.31453574,16.608250463,-3.));
#1961=CARTESIAN_POINT('',(-102.932946169,12.824684937,-3.));
#1962=CARTESIAN_POINT('',(-104.622203501,9.071835104,-3.));
#1963=CARTESIAN_POINT('',(-106.389914396,5.352998835,-3.));
#1964=B_SPLINE_CURVE_WITH_KNOTS('',3,(#1906,#1907,#1908,#1909,#1910,#1911,#1912,#1913,#1914,#1915,#1916,#1917,#1918,#1919,#1920,#1921,#1922,#1923,#1924,#1925,#1926,#1927,#1928,#1929,#1930,#1931,
#1932,#1933,#1934,#1935,#1936,#1937,#1938,#1939,#1940,#1941,#1942,#1943,#1944,#1945,#1946,#1947,#1948,#1949,#1950,#1951,#1952,#1953,#1954,#1955,#1956,
#1957,#1958,#1959,#1960,#1961,#1962,#1963),.UNSPECIFIED.,.F.,.F.,(4,3,3,3,3,3,3,3,3,3,3,3,3,3,3,3,3,3,3,4),(0.61934523,0.622433422,0.625521614,0.631697999,0.633242095,0.634786191,0.637874384,0.640962576,0.642506672,0.644050768,0.650227153,0.656403537,0.65949173,0.662579922,0.668756306,0.681109076,0.68728546,0.693461845,0.705814614,0.718167383),.UNSPECIFIED.);
#1965=EDGE_CURVE('',#1290,#1898,#1964,.T.);
#1966=ORIENTED_EDGE('',*,*,#1965,.F.);
#1967=EDGE_LOOP('',(#1297,#1306,#1315,#1323,#1331,#1339,#1347,#1356,#1365,#1374,#1383,#1392,#1455,#1464,#1518,#1526,#1571,#1580,#1640,#1649,#1658,#1667,#1676,#1684,#1693,#1702,
#1711,#1720,#1780,#1789,#1834,#1842,#1896,#1905,#1966));
#1968=FACE_BOUND('',#1967,.T.);
#1969=CARTESIAN_POINT('',(-58.471930543,69.158413304,-3.));
#1970=VERTEX_POINT('',#1969);
#1971=CARTESIAN_POINT('',(-58.704008292,69.024423154,-3.));
#1972=VERTEX_POINT('',#1971);
#1973=CARTESIAN_POINT('',(-58.471930543,69.158413304,-3.));
#1974=DIRECTION('',(-0.866025404,-0.5,0.));
#1975=VECTOR('',#1974,0.267980301);
#1976=LINE('',#1973,#1975);
#1977=EDGE_CURVE('',#1970,#1972,#1976,.T.);
#1978=ORIENTED_EDGE('',*,*,#1977,.T.);
#1979=CARTESIAN_POINT('',(-58.704008292,68.756442852,-3.));
#1980=VERTEX_POINT('',#1979);
#1981=CARTESIAN_POINT('',(-58.704008292,69.024423154,-3.));
#1982=DIRECTION('',(-0.,-1.,0.));
#1983=VECTOR('',#1982,0.267980301);
#1984=LINE('',#1981,#1983);
#1985=EDGE_CURVE('',#1972,#1980,#1984,.T.);
#1986=ORIENTED_EDGE('',*,*,#1985,.T.);
#1987=CARTESIAN_POINT('',(-58.704008292,66.167403455,-3.));
#1988=VERTEX_POINT('',#1987);
#1989=CARTESIAN_POINT('',(-55.997678905,67.461923154,-3.));
#1990=DIRECTION('',(-0.,-0.,1.));
#1991=DIRECTION('',(-1.,0.,0.));
#1992=AXIS2_PLACEMENT_3D('',#1989,#1990,#1991);
#1993=CIRCLE('',#1992,3.);
#1994=EDGE_CURVE('',#1980,#1988,#1993,.T.);
#1995=ORIENTED_EDGE('',*,*,#1994,.T.);
#1996=CARTESIAN_POINT('',(-58.704008292,65.899423154,-3.));
#1997=VERTEX_POINT('',#1996);
#1998=CARTESIAN_POINT('',(-58.704008292,66.167403455,-3.));
#1999=DIRECTION('',(-0.,-1.,0.));
#2000=VECTOR('',#1999,0.267980301);
#2001=LINE('',#1998,#2000);
#2002=EDGE_CURVE('',#1988,#1997,#2001,.T.);
#2003=ORIENTED_EDGE('',*,*,#2002,.T.);
#2004=CARTESIAN_POINT('',(-58.471930543,65.765433003,-3.));
#2005=VERTEX_POINT('',#2004);
#2006=CARTESIAN_POINT('',(-58.704008292,65.899423154,-3.));
#2007=DIRECTION('',(0.866025404,-0.5,0.));
#2008=VECTOR('',#2007,0.267980301);
#2009=LINE('',#2006,#2008);
#2010=EDGE_CURVE('',#1997,#2005,#2009,.T.);
#2011=ORIENTED_EDGE('',*,*,#2010,.T.);
#2012=CARTESIAN_POINT('',(-56.229756654,64.470913304,-3.));
#2013=VERTEX_POINT('',#2012);
#2014=CARTESIAN_POINT('',(-55.997678905,67.461923154,-3.));
#2015=DIRECTION('',(-0.,-0.,1.));
#2016=DIRECTION('',(-1.,0.,0.));
#2017=AXIS2_PLACEMENT_3D('',#2014,#2015,#2016);
#2018=CIRCLE('',#2017,3.);
#2019=EDGE_CURVE('',#2005,#2013,#2018,.T.);
#2020=ORIENTED_EDGE('',*,*,#2019,.T.);
#2021=CARTESIAN_POINT('',(-55.997678905,64.336923154,-3.));
#2022=VERTEX_POINT('',#2021);
#2023=CARTESIAN_POINT('',(-56.229756654,64.470913304,-3.));
#2024=DIRECTION('',(0.866025404,-0.5,0.));
#2025=VECTOR('',#2024,0.267980301);
#2026=LINE('',#2023,#2025);
#2027=EDGE_CURVE('',#2013,#2022,#2026,.T.);
#2028=ORIENTED_EDGE('',*,*,#2027,.T.);
#2029=CARTESIAN_POINT('',(-55.765601157,64.470913304,-3.));
#2030=VERTEX_POINT('',#2029);
#2031=CARTESIAN_POINT('',(-55.997678905,64.336923154,-3.));
#2032=DIRECTION('',(0.866025404,0.5,0.));
#2033=VECTOR('',#2032,0.267980301);
#2034=LINE('',#2031,#2033);
#2035=EDGE_CURVE('',#2022,#2030,#2034,.T.);
#2036=ORIENTED_EDGE('',*,*,#2035,.T.);
#2037=CARTESIAN_POINT('',(-53.523427267,65.765433003,-3.));
#2038=VERTEX_POINT('',#2037);
#2039=CARTESIAN_POINT('',(-55.997678905,67.461923154,-3.));
#2040=DIRECTION('',(-0.,-0.,1.));
#2041=DIRECTION('',(-1.,0.,0.));
#2042=AXIS2_PLACEMENT_3D('',#2039,#2040,#2041);
#2043=CIRCLE('',#2042,3.);
#2044=EDGE_CURVE('',#2030,#2038,#2043,.T.);
#2045=ORIENTED_EDGE('',*,*,#2044,.T.);
#2046=CARTESIAN_POINT('',(-53.291349519,65.899423154,-3.));
#2047=VERTEX_POINT('',#2046);
#2048=CARTESIAN_POINT('',(-53.523427267,65.765433003,-3.));
#2049=DIRECTION('',(0.866025404,0.5,0.));
#2050=VECTOR('',#2049,0.267980301);
#2051=LINE('',#2048,#2050);
#2052=EDGE_CURVE('',#2038,#2047,#2051,.T.);
#2053=ORIENTED_EDGE('',*,*,#2052,.T.);
#2054=CARTESIAN_POINT('',(-53.291349519,66.167403455,-3.));
#2055=VERTEX_POINT('',#2054);
#2056=CARTESIAN_POINT('',(-53.291349519,65.899423154,-3.));
#2057=DIRECTION('',(0.,1.,0.));
#2058=VECTOR('',#2057,0.267980301);
#2059=LINE('',#2056,#2058);
#2060=EDGE_CURVE('',#2047,#2055,#2059,.T.);
#2061=ORIENTED_EDGE('',*,*,#2060,.T.);
#2062=CARTESIAN_POINT('',(-52.997678905,67.461923154,-3.));
#2063=VERTEX_POINT('',#2062);
#2064=CARTESIAN_POINT('',(-55.997678905,67.461923154,-3.));
#2065=DIRECTION('',(-0.,-0.,1.));
#2066=DIRECTION('',(-1.,0.,0.));
#2067=AXIS2_PLACEMENT_3D('',#2064,#2065,#2066);
#2068=CIRCLE('',#2067,3.);
#2069=EDGE_CURVE('',#2055,#2063,#2068,.T.);
#2070=ORIENTED_EDGE('',*,*,#2069,.T.);
#2071=CARTESIAN_POINT('',(-53.291349519,68.756442852,-3.));
#2072=VERTEX_POINT('',#2071);
#2073=CARTESIAN_POINT('',(-55.997678905,67.461923154,-3.));
#2074=DIRECTION('',(-0.,-0.,1.));
#2075=DIRECTION('',(-1.,0.,0.));
#2076=AXIS2_PLACEMENT_3D('',#2073,#2074,#2075);
#2077=CIRCLE('',#2076,3.);
#2078=EDGE_CURVE('',#2063,#2072,#2077,.T.);
#2079=ORIENTED_EDGE('',*,*,#2078,.T.);
#2080=CARTESIAN_POINT('',(-53.291349519,69.024423154,-3.));
#2081=VERTEX_POINT('',#2080);
#2082=CARTESIAN_POINT('',(-53.291349519,68.756442852,-3.));
#2083=DIRECTION('',(0.,1.,0.));
#2084=VECTOR('',#2083,0.267980301);
#2085=LINE('',#2082,#2084);
#2086=EDGE_CURVE('',#2072,#2081,#2085,.T.);
#2087=ORIENTED_EDGE('',*,*,#2086,.T.);
#2088=CARTESIAN_POINT('',(-53.523427267,69.158413304,-3.));
#2089=VERTEX_POINT('',#2088);
#2090=CARTESIAN_POINT('',(-53.291349519,69.024423154,-3.));
#2091=DIRECTION('',(-0.866025404,0.5,0.));
#2092=VECTOR('',#2091,0.267980301);
#2093=LINE('',#2090,#2092);
#2094=EDGE_CURVE('',#2081,#2089,#2093,.T.);
#2095=ORIENTED_EDGE('',*,*,#2094,.T.);
#2096=CARTESIAN_POINT('',(-55.765601157,70.452933003,-3.));
#2097=VERTEX_POINT('',#2096);
#2098=CARTESIAN_POINT('',(-55.997678905,67.461923154,-3.));
#2099=DIRECTION('',(-0.,-0.,1.));
#2100=DIRECTION('',(-1.,0.,0.));
#2101=AXIS2_PLACEMENT_3D('',#2098,#2099,#2100);
#2102=CIRCLE('',#2101,3.);
#2103=EDGE_CURVE('',#2089,#2097,#2102,.T.);
#2104=ORIENTED_EDGE('',*,*,#2103,.T.);
#2105=CARTESIAN_POINT('',(-55.997678905,70.586923154,-3.));
#2106=VERTEX_POINT('',#2105);
#2107=CARTESIAN_POINT('',(-55.765601157,70.452933003,-3.));
#2108=DIRECTION('',(-0.866025404,0.5,0.));
#2109=VECTOR('',#2108,0.267980301);
#2110=LINE('',#2107,#2109);
#2111=EDGE_CURVE('',#2097,#2106,#2110,.T.);
#2112=ORIENTED_EDGE('',*,*,#2111,.T.);
#2113=CARTESIAN_POINT('',(-56.229756654,70.452933003,-3.));
#2114=VERTEX_POINT('',#2113);
#2115=CARTESIAN_POINT('',(-55.997678905,70.586923154,-3.));
#2116=DIRECTION('',(-0.866025404,-0.5,0.));
#2117=VECTOR('',#2116,0.267980301);
#2118=LINE('',#2115,#2117);
#2119=EDGE_CURVE('',#2106,#2114,#2118,.T.);
#2120=ORIENTED_EDGE('',*,*,#2119,.T.);
#2121=CARTESIAN_POINT('',(-55.997678905,67.461923154,-3.));
#2122=DIRECTION('',(-0.,-0.,1.));
#2123=DIRECTION('',(-1.,0.,0.));
#2124=AXIS2_PLACEMENT_3D('',#2121,#2122,#2123);
#2125=CIRCLE('',#2124,3.);
#2126=EDGE_CURVE('',#2114,#1970,#2125,.T.);
#2127=ORIENTED_EDGE('',*,*,#2126,.T.);
#2128=EDGE_LOOP('',(#1978,#1986,#1995,#2003,#2011,#2020,#2028,#2036,#2045,#2053,#2061,#2070,#2079,#2087,#2095,#2104,#2112,#2120,#2127));
#2129=FACE_BOUND('',#2128,.T.);
#2130=CARTESIAN_POINT('',(-82.474251638,11.696490151,-3.));
#2131=VERTEX_POINT('',#2130);
#2132=CARTESIAN_POINT('',(-82.706329387,11.5625,-3.));
#2133=VERTEX_POINT('',#2132);
#2134=CARTESIAN_POINT('',(-82.474251638,11.696490151,-3.));
#2135=DIRECTION('',(-0.866025404,-0.5,0.));
#2136=VECTOR('',#2135,0.267980301);
#2137=LINE('',#2134,#2136);
#2138=EDGE_CURVE('',#2131,#2133,#2137,.T.);
#2139=ORIENTED_EDGE('',*,*,#2138,.T.);
#2140=CARTESIAN_POINT('',(-82.706329387,11.294519699,-3.));
#2141=VERTEX_POINT('',#2140);
#2142=CARTESIAN_POINT('',(-82.706329387,11.5625,-3.));
#2143=DIRECTION('',(0.,-1.,0.));
#2144=VECTOR('',#2143,0.267980301);
#2145=LINE('',#2142,#2144);
#2146=EDGE_CURVE('',#2133,#2141,#2145,.T.);
#2147=ORIENTED_EDGE('',*,*,#2146,.T.);
#2148=CARTESIAN_POINT('',(-82.706329387,8.705480301,-3.));
#2149=VERTEX_POINT('',#2148);
#2150=CARTESIAN_POINT('',(-80.,10.,-3.));
#2151=DIRECTION('',(-0.,-0.,1.));
#2152=DIRECTION('',(-1.,0.,0.));
#2153=AXIS2_PLACEMENT_3D('',#2150,#2151,#2152);
#2154=CIRCLE('',#2153,3.);
#2155=EDGE_CURVE('',#2141,#2149,#2154,.T.);
#2156=ORIENTED_EDGE('',*,*,#2155,.T.);
#2157=CARTESIAN_POINT('',(-82.706329387,8.4375,-3.));
#2158=VERTEX_POINT('',#2157);
#2159=CARTESIAN_POINT('',(-82.706329387,8.705480301,-3.));
#2160=DIRECTION('',(0.,-1.,0.));
#2161=VECTOR('',#2160,0.267980301);
#2162=LINE('',#2159,#2161);
#2163=EDGE_CURVE('',#2149,#2158,#2162,.T.);
#2164=ORIENTED_EDGE('',*,*,#2163,.T.);
#2165=CARTESIAN_POINT('',(-82.474251638,8.303509849,-3.));
#2166=VERTEX_POINT('',#2165);
#2167=CARTESIAN_POINT('',(-82.706329387,8.4375,-3.));
#2168=DIRECTION('',(0.866025404,-0.5,0.));
#2169=VECTOR('',#2168,0.267980301);
#2170=LINE('',#2167,#2169);
#2171=EDGE_CURVE('',#2158,#2166,#2170,.T.);
#2172=ORIENTED_EDGE('',*,*,#2171,.T.);
#2173=CARTESIAN_POINT('',(-80.232077749,7.008990151,-3.));
#2174=VERTEX_POINT('',#2173);
#2175=CARTESIAN_POINT('',(-80.,10.,-3.));
#2176=DIRECTION('',(-0.,-0.,1.));
#2177=DIRECTION('',(-1.,0.,0.));
#2178=AXIS2_PLACEMENT_3D('',#2175,#2176,#2177);
#2179=CIRCLE('',#2178,3.);
#2180=EDGE_CURVE('',#2166,#2174,#2179,.T.);
#2181=ORIENTED_EDGE('',*,*,#2180,.T.);
#2182=CARTESIAN_POINT('',(-80.,6.875,-3.));
#2183=VERTEX_POINT('',#2182);
#2184=CARTESIAN_POINT('',(-80.232077749,7.008990151,-3.));
#2185=DIRECTION('',(0.866025404,-0.5,0.));
#2186=VECTOR('',#2185,0.267980301);
#2187=LINE('',#2184,#2186);
#2188=EDGE_CURVE('',#2174,#2183,#2187,.T.);
#2189=ORIENTED_EDGE('',*,*,#2188,.T.);
#2190=CARTESIAN_POINT('',(-79.767922251,7.008990151,-3.));
#2191=VERTEX_POINT('',#2190);
#2192=CARTESIAN_POINT('',(-80.,6.875,-3.));
#2193=DIRECTION('',(0.866025404,0.5,0.));
#2194=VECTOR('',#2193,0.267980301);
#2195=LINE('',#2192,#2194);
#2196=EDGE_CURVE('',#2183,#2191,#2195,.T.);
#2197=ORIENTED_EDGE('',*,*,#2196,.T.);
#2198=CARTESIAN_POINT('',(-77.525748362,8.303509849,-3.));
#2199=VERTEX_POINT('',#2198);
#2200=CARTESIAN_POINT('',(-80.,10.,-3.));
#2201=DIRECTION('',(-0.,-0.,1.));
#2202=DIRECTION('',(-1.,0.,0.));
#2203=AXIS2_PLACEMENT_3D('',#2200,#2201,#2202);
#2204=CIRCLE('',#2203,3.);
#2205=EDGE_CURVE('',#2191,#2199,#2204,.T.);
#2206=ORIENTED_EDGE('',*,*,#2205,.T.);
#2207=CARTESIAN_POINT('',(-77.293670613,8.4375,-3.));
#2208=VERTEX_POINT('',#2207);
#2209=CARTESIAN_POINT('',(-77.525748362,8.303509849,-3.));
#2210=DIRECTION('',(0.866025404,0.5,0.));
#2211=VECTOR('',#2210,0.267980301);
#2212=LINE('',#2209,#2211);
#2213=EDGE_CURVE('',#2199,#2208,#2212,.T.);
#2214=ORIENTED_EDGE('',*,*,#2213,.T.);
#2215=CARTESIAN_POINT('',(-77.293670613,8.705480301,-3.));
#2216=VERTEX_POINT('',#2215);
#2217=CARTESIAN_POINT('',(-77.293670613,8.4375,-3.));
#2218=DIRECTION('',(0.,1.,0.));
#2219=VECTOR('',#2218,0.267980301);
#2220=LINE('',#2217,#2219);
#2221=EDGE_CURVE('',#2208,#2216,#2220,.T.);
#2222=ORIENTED_EDGE('',*,*,#2221,.T.);
#2223=CARTESIAN_POINT('',(-77.,10.,-3.));
#2224=VERTEX_POINT('',#2223);
#2225=CARTESIAN_POINT('',(-80.,10.,-3.));
#2226=DIRECTION('',(-0.,-0.,1.));
#2227=DIRECTION('',(-1.,0.,0.));
#2228=AXIS2_PLACEMENT_3D('',#2225,#2226,#2227);
#2229=CIRCLE('',#2228,3.);
#2230=EDGE_CURVE('',#2216,#2224,#2229,.T.);
#2231=ORIENTED_EDGE('',*,*,#2230,.T.);
#2232=CARTESIAN_POINT('',(-77.293670613,11.294519699,-3.));
#2233=VERTEX_POINT('',#2232);
#2234=CARTESIAN_POINT('',(-80.,10.,-3.));
#2235=DIRECTION('',(-0.,-0.,1.));
#2236=DIRECTION('',(-1.,0.,0.));
#2237=AXIS2_PLACEMENT_3D('',#2234,#2235,#2236);
#2238=CIRCLE('',#2237,3.);
#2239=EDGE_CURVE('',#2224,#2233,#2238,.T.);
#2240=ORIENTED_EDGE('',*,*,#2239,.T.);
#2241=CARTESIAN_POINT('',(-77.293670613,11.5625,-3.));
#2242=VERTEX_POINT('',#2241);
#2243=CARTESIAN_POINT('',(-77.293670613,11.294519699,-3.));
#2244=DIRECTION('',(0.,1.,0.));
#2245=VECTOR('',#2244,0.267980301);
#2246=LINE('',#2243,#2245);
#2247=EDGE_CURVE('',#2233,#2242,#2246,.T.);
#2248=ORIENTED_EDGE('',*,*,#2247,.T.);
#2249=CARTESIAN_POINT('',(-77.525748362,11.696490151,-3.));
#2250=VERTEX_POINT('',#2249);
#2251=CARTESIAN_POINT('',(-77.293670613,11.5625,-3.));
#2252=DIRECTION('',(-0.866025404,0.5,0.));
#2253=VECTOR('',#2252,0.267980301);
#2254=LINE('',#2251,#2253);
#2255=EDGE_CURVE('',#2242,#2250,#2254,.T.);
#2256=ORIENTED_EDGE('',*,*,#2255,.T.);
#2257=CARTESIAN_POINT('',(-79.767922251,12.991009849,-3.));
#2258=VERTEX_POINT('',#2257);
#2259=CARTESIAN_POINT('',(-80.,10.,-3.));
#2260=DIRECTION('',(-0.,-0.,1.));
#2261=DIRECTION('',(-1.,0.,0.));
#2262=AXIS2_PLACEMENT_3D('',#2259,#2260,#2261);
#2263=CIRCLE('',#2262,3.);
#2264=EDGE_CURVE('',#2250,#2258,#2263,.T.);
#2265=ORIENTED_EDGE('',*,*,#2264,.T.);
#2266=CARTESIAN_POINT('',(-80.,13.125,-3.));
#2267=VERTEX_POINT('',#2266);
#2268=CARTESIAN_POINT('',(-79.767922251,12.991009849,-3.));
#2269=DIRECTION('',(-0.866025404,0.5,0.));
#2270=VECTOR('',#2269,0.267980301);
#2271=LINE('',#2268,#2270);
#2272=EDGE_CURVE('',#2258,#2267,#2271,.T.);
#2273=ORIENTED_EDGE('',*,*,#2272,.T.);
#2274=CARTESIAN_POINT('',(-80.232077749,12.991009849,-3.));
#2275=VERTEX_POINT('',#2274);
#2276=CARTESIAN_POINT('',(-80.,13.125,-3.));
#2277=DIRECTION('',(-0.866025404,-0.5,0.));
#2278=VECTOR('',#2277,0.267980301);
#2279=LINE('',#2276,#2278);
#2280=EDGE_CURVE('',#2267,#2275,#2279,.T.);
#2281=ORIENTED_EDGE('',*,*,#2280,.T.);
#2282=CARTESIAN_POINT('',(-80.,10.,-3.));
#2283=DIRECTION('',(-0.,-0.,1.));
#2284=DIRECTION('',(-1.,0.,0.));
#2285=AXIS2_PLACEMENT_3D('',#2282,#2283,#2284);
#2286=CIRCLE('',#2285,3.);
#2287=EDGE_CURVE('',#2275,#2131,#2286,.T.);
#2288=ORIENTED_EDGE('',*,*,#2287,.T.);
#2289=EDGE_LOOP('',(#2139,#2147,#2156,#2164,#2172,#2181,#2189,#2197,#2206,#2214,#2222,#2231,#2240,#2248,#2256,#2265,#2273,#2281,#2288));
#2290=FACE_BOUND('',#2289,.T.);
#2291=CARTESIAN_POINT('',(77.294973786,11.295273057,-3.));
#2292=VERTEX_POINT('',#2291);
#2293=CARTESIAN_POINT('',(77.294971174,11.563253358,-3.));
#2294=VERTEX_POINT('',#2293);
#2295=CARTESIAN_POINT('',(77.294973786,11.295273057,-3.));
#2296=DIRECTION('',(-0.000009747,1.,0.));
#2297=VECTOR('',#2296,0.267980301);
#2298=LINE('',#2295,#2297);
#2299=EDGE_CURVE('',#2292,#2294,#2298,.T.);
#2300=ORIENTED_EDGE('',*,*,#2299,.F.);
#2301=CARTESIAN_POINT('',(77.29499902,8.70623366,-3.));
#2302=VERTEX_POINT('',#2301);
#2303=CARTESIAN_POINT('',(80.001315789,10.000779736,-3.));
#2304=DIRECTION('',(-0.,-0.,1.));
#2305=DIRECTION('',(-1.,0.,0.));
#2306=AXIS2_PLACEMENT_3D('',#2303,#2304,#2305);
#2307=CIRCLE('',#2306,3.);
#2308=EDGE_CURVE('',#2292,#2302,#2307,.T.);
#2309=ORIENTED_EDGE('',*,*,#2308,.T.);
#2310=CARTESIAN_POINT('',(77.295001632,8.438253358,-3.));
#2311=VERTEX_POINT('',#2310);
#2312=CARTESIAN_POINT('',(77.295001632,8.438253358,-3.));
#2313=DIRECTION('',(-0.000009747,1.,0.));
#2314=VECTOR('',#2313,0.267980301);
#2315=LINE('',#2312,#2314);
#2316=EDGE_CURVE('',#2311,#2302,#2315,.T.);
#2317=ORIENTED_EDGE('',*,*,#2316,.F.);
#2318=CARTESIAN_POINT('',(77.527080687,8.30426547,-3.));
#2319=VERTEX_POINT('',#2318);
#2320=CARTESIAN_POINT('',(77.527080687,8.30426547,-3.));
#2321=DIRECTION('',(-0.866030277,0.499991559,0.));
#2322=VECTOR('',#2321,0.267980301);
#2323=LINE('',#2320,#2322);
#2324=EDGE_CURVE('',#2319,#2311,#2323,.T.);
#2325=ORIENTED_EDGE('',*,*,#2324,.F.);
#2326=CARTESIAN_POINT('',(79.769267193,7.009767625,-3.));
#2327=VERTEX_POINT('',#2326);
#2328=CARTESIAN_POINT('',(80.001315789,10.000779736,-3.));
#2329=DIRECTION('',(-0.,-0.,1.));
#2330=DIRECTION('',(-1.,0.,0.));
#2331=AXIS2_PLACEMENT_3D('',#2328,#2329,#2330);
#2332=CIRCLE('',#2331,3.);
#2333=EDGE_CURVE('',#2319,#2327,#2332,.T.);
#2334=ORIENTED_EDGE('',*,*,#2333,.T.);
#2335=CARTESIAN_POINT('',(80.001346248,6.875779736,-3.));
#2336=VERTEX_POINT('',#2335);
#2337=CARTESIAN_POINT('',(80.001346248,6.875779736,-3.));
#2338=DIRECTION('',(-0.866030277,0.499991559,0.));
#2339=VECTOR('',#2338,0.267980301);
#2340=LINE('',#2337,#2339);
#2341=EDGE_CURVE('',#2336,#2327,#2340,.T.);
#2342=ORIENTED_EDGE('',*,*,#2341,.F.);
#2343=CARTESIAN_POINT('',(80.23342269,7.009772149,-3.));
#2344=VERTEX_POINT('',#2343);
#2345=CARTESIAN_POINT('',(80.23342269,7.009772149,-3.));
#2346=DIRECTION('',(-0.86602053,-0.500008441,0.));
#2347=VECTOR('',#2346,0.267980301);
#2348=LINE('',#2345,#2347);
#2349=EDGE_CURVE('',#2344,#2336,#2348,.T.);
#2350=ORIENTED_EDGE('',*,*,#2349,.F.);
#2351=CARTESIAN_POINT('',(82.475583962,8.304313701,-3.));
#2352=VERTEX_POINT('',#2351);
#2353=CARTESIAN_POINT('',(80.001315789,10.000779736,-3.));
#2354=DIRECTION('',(-0.,-0.,1.));
#2355=DIRECTION('',(-1.,0.,0.));
#2356=AXIS2_PLACEMENT_3D('',#2353,#2354,#2355);
#2357=CIRCLE('',#2356,3.);
#2358=EDGE_CURVE('',#2344,#2352,#2357,.T.);
#2359=ORIENTED_EDGE('',*,*,#2358,.T.);
#2360=CARTESIAN_POINT('',(82.707660405,8.438306113,-3.));
#2361=VERTEX_POINT('',#2360);
#2362=CARTESIAN_POINT('',(82.707660405,8.438306113,-3.));
#2363=DIRECTION('',(-0.86602053,-0.500008441,0.));
#2364=VECTOR('',#2363,0.267980301);
#2365=LINE('',#2362,#2364);
#2366=EDGE_CURVE('',#2361,#2352,#2365,.T.);
#2367=ORIENTED_EDGE('',*,*,#2366,.F.);
#2368=CARTESIAN_POINT('',(82.707657793,8.706286415,-3.));
#2369=VERTEX_POINT('',#2368);
#2370=CARTESIAN_POINT('',(82.707657793,8.706286415,-3.));
#2371=DIRECTION('',(0.000009747,-1.,0.));
#2372=VECTOR('',#2371,0.267980301);
#2373=LINE('',#2370,#2372);
#2374=EDGE_CURVE('',#2369,#2361,#2373,.T.);
#2375=ORIENTED_EDGE('',*,*,#2374,.F.);
#2376=CARTESIAN_POINT('',(83.001315789,10.000779736,-3.));
#2377=VERTEX_POINT('',#2376);
#2378=CARTESIAN_POINT('',(80.001315789,10.000779736,-3.));
#2379=DIRECTION('',(-0.,-0.,1.));
#2380=DIRECTION('',(-1.,0.,0.));
#2381=AXIS2_PLACEMENT_3D('',#2378,#2379,#2380);
#2382=CIRCLE('',#2381,3.);
#2383=EDGE_CURVE('',#2369,#2377,#2382,.T.);
#2384=ORIENTED_EDGE('',*,*,#2383,.T.);
#2385=CARTESIAN_POINT('',(82.707632559,11.295325812,-3.));
#2386=VERTEX_POINT('',#2385);
#2387=CARTESIAN_POINT('',(80.001315789,10.000779736,-3.));
#2388=DIRECTION('',(-0.,-0.,1.));
#2389=DIRECTION('',(-1.,0.,0.));
#2390=AXIS2_PLACEMENT_3D('',#2387,#2388,#2389);
#2391=CIRCLE('',#2390,3.);
#2392=EDGE_CURVE('',#2377,#2386,#2391,.T.);
#2393=ORIENTED_EDGE('',*,*,#2392,.T.);
#2394=CARTESIAN_POINT('',(82.707629947,11.563306113,-3.));
#2395=VERTEX_POINT('',#2394);
#2396=CARTESIAN_POINT('',(82.707629947,11.563306113,-3.));
#2397=DIRECTION('',(0.000009747,-1.,0.));
#2398=VECTOR('',#2397,0.267980301);
#2399=LINE('',#2396,#2398);
#2400=EDGE_CURVE('',#2395,#2386,#2399,.T.);
#2401=ORIENTED_EDGE('',*,*,#2400,.F.);
#2402=CARTESIAN_POINT('',(82.475550892,11.697294002,-3.));
#2403=VERTEX_POINT('',#2402);
#2404=CARTESIAN_POINT('',(82.475550892,11.697294002,-3.));
#2405=DIRECTION('',(0.866030277,-0.499991559,0.));
#2406=VECTOR('',#2405,0.267980301);
#2407=LINE('',#2404,#2406);
#2408=EDGE_CURVE('',#2403,#2395,#2407,.T.);
#2409=ORIENTED_EDGE('',*,*,#2408,.F.);
#2410=CARTESIAN_POINT('',(80.233364386,12.991791847,-3.));
#2411=VERTEX_POINT('',#2410);
#2412=CARTESIAN_POINT('',(80.001315789,10.000779736,-3.));
#2413=DIRECTION('',(-0.,-0.,1.));
#2414=DIRECTION('',(-1.,0.,0.));
#2415=AXIS2_PLACEMENT_3D('',#2412,#2413,#2414);
#2416=CIRCLE('',#2415,3.);
#2417=EDGE_CURVE('',#2403,#2411,#2416,.T.);
#2418=ORIENTED_EDGE('',*,*,#2417,.T.);
#2419=CARTESIAN_POINT('',(80.001285331,13.125779736,-3.));
#2420=VERTEX_POINT('',#2419);
#2421=CARTESIAN_POINT('',(80.001285331,13.125779736,-3.));
#2422=DIRECTION('',(0.866030277,-0.499991559,0.));
#2423=VECTOR('',#2422,0.267980301);
#2424=LINE('',#2421,#2423);
#2425=EDGE_CURVE('',#2420,#2411,#2424,.T.);
#2426=ORIENTED_EDGE('',*,*,#2425,.F.);
#2427=CARTESIAN_POINT('',(79.769208888,12.991787323,-3.));
#2428=VERTEX_POINT('',#2427);
#2429=CARTESIAN_POINT('',(79.769208888,12.991787323,-3.));
#2430=DIRECTION('',(0.86602053,0.500008441,0.));
#2431=VECTOR('',#2430,0.267980301);
#2432=LINE('',#2429,#2431);
#2433=EDGE_CURVE('',#2428,#2420,#2432,.T.);
#2434=ORIENTED_EDGE('',*,*,#2433,.F.);
#2435=CARTESIAN_POINT('',(77.527047616,11.697245771,-3.));
#2436=VERTEX_POINT('',#2435);
#2437=CARTESIAN_POINT('',(80.001315789,10.000779736,-3.));
#2438=DIRECTION('',(-0.,-0.,1.));
#2439=DIRECTION('',(-1.,0.,0.));
#2440=AXIS2_PLACEMENT_3D('',#2437,#2438,#2439);
#2441=CIRCLE('',#2440,3.);
#2442=EDGE_CURVE('',#2428,#2436,#2441,.T.);
#2443=ORIENTED_EDGE('',*,*,#2442,.T.);
#2444=CARTESIAN_POINT('',(77.294971174,11.563253358,-3.));
#2445=DIRECTION('',(0.86602053,0.500008441,0.));
#2446=VECTOR('',#2445,0.267980301);
#2447=LINE('',#2444,#2446);
#2448=EDGE_CURVE('',#2294,#2436,#2447,.T.);
#2449=ORIENTED_EDGE('',*,*,#2448,.F.);
#2450=EDGE_LOOP('',(#2300,#2309,#2317,#2325,#2334,#2342,#2350,#2359,#2367,#2375,#2384,#2393,#2401,#2409,#2418,#2426,#2434,#2443,#2449));
#2451=FACE_BOUND('',#2450,.T.);
#2452=CARTESIAN_POINT('',(53.292092633,68.756962266,-3.));
#2453=VERTEX_POINT('',#2452);
#2454=CARTESIAN_POINT('',(53.292090021,69.024942568,-3.));
#2455=VERTEX_POINT('',#2454);
#2456=CARTESIAN_POINT('',(53.292092633,68.756962266,-3.));
#2457=DIRECTION('',(-0.000009747,1.,0.));
#2458=VECTOR('',#2457,0.267980301);
#2459=LINE('',#2456,#2458);
#2460=EDGE_CURVE('',#2453,#2455,#2459,.T.);
#2461=ORIENTED_EDGE('',*,*,#2460,.F.);
#2462=CARTESIAN_POINT('',(53.292117867,66.167922869,-3.));
#2463=VERTEX_POINT('',#2462);
#2464=CARTESIAN_POINT('',(55.998434637,67.462468945,-3.));
#2465=DIRECTION('',(-0.,-0.,1.));
#2466=DIRECTION('',(-1.,0.,0.));
#2467=AXIS2_PLACEMENT_3D('',#2464,#2465,#2466);
#2468=CIRCLE('',#2467,3.);
#2469=EDGE_CURVE('',#2453,#2463,#2468,.T.);
#2470=ORIENTED_EDGE('',*,*,#2469,.T.);
#2471=CARTESIAN_POINT('',(53.292120479,65.899942568,-3.));
#2472=VERTEX_POINT('',#2471);
#2473=CARTESIAN_POINT('',(53.292120479,65.899942568,-3.));
#2474=DIRECTION('',(-0.000009747,1.,0.));
#2475=VECTOR('',#2474,0.267980301);
#2476=LINE('',#2473,#2475);
#2477=EDGE_CURVE('',#2472,#2463,#2476,.T.);
#2478=ORIENTED_EDGE('',*,*,#2477,.F.);
#2479=CARTESIAN_POINT('',(53.524199534,65.765954679,-3.));
#2480=VERTEX_POINT('',#2479);
#2481=CARTESIAN_POINT('',(53.524199534,65.765954679,-3.));
#2482=DIRECTION('',(-0.866030277,0.499991559,0.));
#2483=VECTOR('',#2482,0.267980301);
#2484=LINE('',#2481,#2483);
#2485=EDGE_CURVE('',#2480,#2472,#2484,.T.);
#2486=ORIENTED_EDGE('',*,*,#2485,.F.);
#2487=CARTESIAN_POINT('',(55.76638604,64.471456834,-3.));
#2488=VERTEX_POINT('',#2487);
#2489=CARTESIAN_POINT('',(55.998434637,67.462468945,-3.));
#2490=DIRECTION('',(-0.,-0.,1.));
#2491=DIRECTION('',(-1.,0.,0.));
#2492=AXIS2_PLACEMENT_3D('',#2489,#2490,#2491);
#2493=CIRCLE('',#2492,3.);
#2494=EDGE_CURVE('',#2480,#2488,#2493,.T.);
#2495=ORIENTED_EDGE('',*,*,#2494,.T.);
#2496=CARTESIAN_POINT('',(55.998465095,64.337468945,-3.));
#2497=VERTEX_POINT('',#2496);
#2498=CARTESIAN_POINT('',(55.998465095,64.337468945,-3.));
#2499=DIRECTION('',(-0.866030277,0.499991559,0.));
#2500=VECTOR('',#2499,0.267980301);
#2501=LINE('',#2498,#2500);
#2502=EDGE_CURVE('',#2497,#2488,#2501,.T.);
#2503=ORIENTED_EDGE('',*,*,#2502,.F.);
#2504=CARTESIAN_POINT('',(56.230541538,64.471461358,-3.));
#2505=VERTEX_POINT('',#2504);
#2506=CARTESIAN_POINT('',(56.230541538,64.471461358,-3.));
#2507=DIRECTION('',(-0.86602053,-0.500008441,0.));
#2508=VECTOR('',#2507,0.267980301);
#2509=LINE('',#2506,#2508);
#2510=EDGE_CURVE('',#2505,#2497,#2509,.T.);
#2511=ORIENTED_EDGE('',*,*,#2510,.F.);
#2512=CARTESIAN_POINT('',(58.47270281,65.76600291,-3.));
#2513=VERTEX_POINT('',#2512);
#2514=CARTESIAN_POINT('',(55.998434637,67.462468945,-3.));
#2515=DIRECTION('',(-0.,-0.,1.));
#2516=DIRECTION('',(-1.,0.,0.));
#2517=AXIS2_PLACEMENT_3D('',#2514,#2515,#2516);
#2518=CIRCLE('',#2517,3.);
#2519=EDGE_CURVE('',#2505,#2513,#2518,.T.);
#2520=ORIENTED_EDGE('',*,*,#2519,.T.);
#2521=CARTESIAN_POINT('',(58.704779252,65.899995323,-3.));
#2522=VERTEX_POINT('',#2521);
#2523=CARTESIAN_POINT('',(58.704779252,65.899995323,-3.));
#2524=DIRECTION('',(-0.86602053,-0.500008441,0.));
#2525=VECTOR('',#2524,0.267980301);
#2526=LINE('',#2523,#2525);
#2527=EDGE_CURVE('',#2522,#2513,#2526,.T.);
#2528=ORIENTED_EDGE('',*,*,#2527,.F.);
#2529=CARTESIAN_POINT('',(58.704776641,66.167975624,-3.));
#2530=VERTEX_POINT('',#2529);
#2531=CARTESIAN_POINT('',(58.704776641,66.167975624,-3.));
#2532=DIRECTION('',(0.000009747,-1.,0.));
#2533=VECTOR('',#2532,0.267980301);
#2534=LINE('',#2531,#2533);
#2535=EDGE_CURVE('',#2530,#2522,#2534,.T.);
#2536=ORIENTED_EDGE('',*,*,#2535,.F.);
#2537=CARTESIAN_POINT('',(58.998434637,67.462468945,-3.));
#2538=VERTEX_POINT('',#2537);
#2539=CARTESIAN_POINT('',(55.998434637,67.462468945,-3.));
#2540=DIRECTION('',(-0.,-0.,1.));
#2541=DIRECTION('',(-1.,0.,0.));
#2542=AXIS2_PLACEMENT_3D('',#2539,#2540,#2541);
#2543=CIRCLE('',#2542,3.);
#2544=EDGE_CURVE('',#2530,#2538,#2543,.T.);
#2545=ORIENTED_EDGE('',*,*,#2544,.T.);
#2546=CARTESIAN_POINT('',(58.704751406,68.757015021,-3.));
#2547=VERTEX_POINT('',#2546);
#2548=CARTESIAN_POINT('',(55.998434637,67.462468945,-3.));
#2549=DIRECTION('',(-0.,-0.,1.));
#2550=DIRECTION('',(-1.,0.,0.));
#2551=AXIS2_PLACEMENT_3D('',#2548,#2549,#2550);
#2552=CIRCLE('',#2551,3.);
#2553=EDGE_CURVE('',#2538,#2547,#2552,.T.);
#2554=ORIENTED_EDGE('',*,*,#2553,.T.);
#2555=CARTESIAN_POINT('',(58.704748794,69.024995323,-3.));
#2556=VERTEX_POINT('',#2555);
#2557=CARTESIAN_POINT('',(58.704748794,69.024995323,-3.));
#2558=DIRECTION('',(0.000009747,-1.,0.));
#2559=VECTOR('',#2558,0.267980301);
#2560=LINE('',#2557,#2559);
#2561=EDGE_CURVE('',#2556,#2547,#2560,.T.);
#2562=ORIENTED_EDGE('',*,*,#2561,.F.);
#2563=CARTESIAN_POINT('',(58.47266974,69.158983212,-3.));
#2564=VERTEX_POINT('',#2563);
#2565=CARTESIAN_POINT('',(58.47266974,69.158983212,-3.));
#2566=DIRECTION('',(0.866030277,-0.499991559,0.));
#2567=VECTOR('',#2566,0.267980301);
#2568=LINE('',#2565,#2567);
#2569=EDGE_CURVE('',#2564,#2556,#2568,.T.);
#2570=ORIENTED_EDGE('',*,*,#2569,.F.);
#2571=CARTESIAN_POINT('',(56.230483233,70.453481056,-3.));
#2572=VERTEX_POINT('',#2571);
#2573=CARTESIAN_POINT('',(55.998434637,67.462468945,-3.));
#2574=DIRECTION('',(-0.,-0.,1.));
#2575=DIRECTION('',(-1.,0.,0.));
#2576=AXIS2_PLACEMENT_3D('',#2573,#2574,#2575);
#2577=CIRCLE('',#2576,3.);
#2578=EDGE_CURVE('',#2564,#2572,#2577,.T.);
#2579=ORIENTED_EDGE('',*,*,#2578,.T.);
#2580=CARTESIAN_POINT('',(55.998404178,70.587468945,-3.));
#2581=VERTEX_POINT('',#2580);
#2582=CARTESIAN_POINT('',(55.998404178,70.587468945,-3.));
#2583=DIRECTION('',(0.866030277,-0.499991559,0.));
#2584=VECTOR('',#2583,0.267980301);
#2585=LINE('',#2582,#2584);
#2586=EDGE_CURVE('',#2581,#2572,#2585,.T.);
#2587=ORIENTED_EDGE('',*,*,#2586,.F.);
#2588=CARTESIAN_POINT('',(55.766327736,70.453476533,-3.));
#2589=VERTEX_POINT('',#2588);
#2590=CARTESIAN_POINT('',(55.766327736,70.453476533,-3.));
#2591=DIRECTION('',(0.86602053,0.500008441,0.));
#2592=VECTOR('',#2591,0.267980301);
#2593=LINE('',#2590,#2592);
#2594=EDGE_CURVE('',#2589,#2581,#2593,.T.);
#2595=ORIENTED_EDGE('',*,*,#2594,.F.);
#2596=CARTESIAN_POINT('',(53.524166464,69.15893498,-3.));
#2597=VERTEX_POINT('',#2596);
#2598=CARTESIAN_POINT('',(55.998434637,67.462468945,-3.));
#2599=DIRECTION('',(-0.,-0.,1.));
#2600=DIRECTION('',(-1.,0.,0.));
#2601=AXIS2_PLACEMENT_3D('',#2598,#2599,#2600);
#2602=CIRCLE('',#2601,3.);
#2603=EDGE_CURVE('',#2589,#2597,#2602,.T.);
#2604=ORIENTED_EDGE('',*,*,#2603,.T.);
#2605=CARTESIAN_POINT('',(53.292090021,69.024942568,-3.));
#2606=DIRECTION('',(0.86602053,0.500008441,0.));
#2607=VECTOR('',#2606,0.267980301);
#2608=LINE('',#2605,#2607);
#2609=EDGE_CURVE('',#2455,#2597,#2608,.T.);
#2610=ORIENTED_EDGE('',*,*,#2609,.F.);
#2611=EDGE_LOOP('',(#2461,#2470,#2478,#2486,#2495,#2503,#2511,#2520,#2528,#2536,#2545,#2554,#2562,#2570,#2579,#2587,#2595,#2604,#2610));
#2612=FACE_BOUND('',#2611,.T.);
#2613=ADVANCED_FACE('',(#1198,#1242,#1286,#1968,#2129,#2290,#2451,#2612),#1105,.T.);
#2614=CARTESIAN_POINT('',(0.,0.,5.));
#2615=DIRECTION('',(0.,0.,1.));
#2616=DIRECTION('',(1.,0.,0.));
#2617=AXIS2_PLACEMENT_3D('',#2614,#2615,#2616);
#2618=PLANE('',#2617);
#2619=CARTESIAN_POINT('',(53.48863628,81.601597473,5.));
#2620=VERTEX_POINT('',#2619);
#2621=CARTESIAN_POINT('',(53.498293119,81.98206999,5.));
#2622=VERTEX_POINT('',#2621);
#2623=CARTESIAN_POINT('',(45.998293119,81.98206999,5.));
#2624=DIRECTION('',(0.,0.,1.));
#2625=DIRECTION('',(1.,0.,-0.));
#2626=AXIS2_PLACEMENT_3D('',#2623,#2624,#2625);
#2627=CIRCLE('',#2626,7.5);
#2628=EDGE_CURVE('',#2620,#2622,#2627,.T.);
#2629=ORIENTED_EDGE('',*,*,#2628,.T.);
#2630=CARTESIAN_POINT('',(45.499158999,89.465442567,5.));
#2631=VERTEX_POINT('',#2630);
#2632=CARTESIAN_POINT('',(45.998293119,81.98206999,5.));
#2633=DIRECTION('',(0.,0.,1.));
#2634=DIRECTION('',(1.,0.,-0.));
#2635=AXIS2_PLACEMENT_3D('',#2632,#2633,#2634);
#2636=CIRCLE('',#2635,7.5);
#2637=EDGE_CURVE('',#2622,#2631,#2636,.T.);
#2638=ORIENTED_EDGE('',*,*,#2637,.T.);
#2639=CARTESIAN_POINT('',(45.998248491,94.016559808,5.));
#2640=VERTEX_POINT('',#2639);
#2641=CARTESIAN_POINT('',(24.998248679,94.016559808,5.));
#2642=DIRECTION('',(0.,0.,1.));
#2643=DIRECTION('',(1.,0.,-0.));
#2644=AXIS2_PLACEMENT_3D('',#2641,#2642,#2643);
#2645=CIRCLE('',#2644,20.999999812);
#2646=EDGE_CURVE('',#2631,#2640,#2645,.T.);
#2647=ORIENTED_EDGE('',*,*,#2646,.T.);
#2648=CARTESIAN_POINT('',(27.958804616,114.806824373,5.));
#2649=VERTEX_POINT('',#2648);
#2650=CARTESIAN_POINT('',(24.998248679,94.016559808,5.));
#2651=DIRECTION('',(0.,0.,1.));
#2652=DIRECTION('',(1.,0.,-0.));
#2653=AXIS2_PLACEMENT_3D('',#2650,#2651,#2652);
#2654=CIRCLE('',#2653,20.999999812);
#2655=EDGE_CURVE('',#2640,#2649,#2654,.T.);
#2656=ORIENTED_EDGE('',*,*,#2655,.T.);
#2657=CARTESIAN_POINT('',(23.000321637,119.016539782,5.));
#2658=VERTEX_POINT('',#2657);
#2659=CARTESIAN_POINT('',(23.000370614,113.991524138,5.));
#2660=DIRECTION('',(0.,0.,1.));
#2661=DIRECTION('',(1.,0.,-0.));
#2662=AXIS2_PLACEMENT_3D('',#2659,#2660,#2661);
#2663=CIRCLE('',#2662,5.025015645);
#2664=EDGE_CURVE('',#2649,#2658,#2663,.T.);
#2665=ORIENTED_EDGE('',*,*,#2664,.T.);
#2666=CARTESIAN_POINT('',(13.000321638,119.016442316,5.));
#2667=VERTEX_POINT('',#2666);
#2668=CARTESIAN_POINT('',(23.000321637,119.016539782,5.));
#2669=DIRECTION('',(-1.,-0.000009747,0.));
#2670=VECTOR('',#2669,10.);
#2671=LINE('',#2668,#2670);
#2672=EDGE_CURVE('',#2658,#2667,#2671,.T.);
#2673=ORIENTED_EDGE('',*,*,#2672,.T.);
#2674=CARTESIAN_POINT('',(0.000160821,119.016031931,5.));
#2675=VERTEX_POINT('',#2674);
#2676=CARTESIAN_POINT('',(13.000321638,119.016442316,5.));
#2677=DIRECTION('',(-1.,-0.000031568,0.));
#2678=VECTOR('',#2677,13.000160824);
#2679=LINE('',#2676,#2678);
#2680=EDGE_CURVE('',#2667,#2675,#2679,.T.);
#2681=ORIENTED_EDGE('',*,*,#2680,.T.);
#2682=CARTESIAN_POINT('',(-13.,119.016315608,5.));
#2683=VERTEX_POINT('',#2682);
#2684=CARTESIAN_POINT('',(-13.,119.016315608,5.));
#2685=DIRECTION('',(1.,-0.000021821,0.));
#2686=VECTOR('',#2685,13.000160824);
#2687=LINE('',#2684,#2686);
#2688=EDGE_CURVE('',#2683,#2675,#2687,.T.);
#2689=ORIENTED_EDGE('',*,*,#2688,.F.);
#2690=CARTESIAN_POINT('',(-23.,119.016315608,5.));
#2691=VERTEX_POINT('',#2690);
#2692=CARTESIAN_POINT('',(-23.,119.016315608,5.));
#2693=DIRECTION('',(1.,0.,0.));
#2694=VECTOR('',#2693,10.);
#2695=LINE('',#2692,#2694);
#2696=EDGE_CURVE('',#2691,#2683,#2695,.T.);
#2697=ORIENTED_EDGE('',*,*,#2696,.F.);
#2698=CARTESIAN_POINT('',(-27.958441942,114.806552379,5.));
#2699=VERTEX_POINT('',#2698);
#2700=CARTESIAN_POINT('',(-23.000000077,113.991299964,5.));
#2701=DIRECTION('',(0.,0.,1.));
#2702=DIRECTION('',(1.,0.,-0.));
#2703=AXIS2_PLACEMENT_3D('',#2700,#2701,#2702);
#2704=CIRCLE('',#2703,5.025015645);
#2705=EDGE_CURVE('',#2691,#2699,#2704,.T.);
#2706=ORIENTED_EDGE('',*,*,#2705,.T.);
#2707=CARTESIAN_POINT('',(-45.498551924,89.464994718,5.));
#2708=VERTEX_POINT('',#2707);
#2709=CARTESIAN_POINT('',(-24.997686937,94.016316163,5.));
#2710=DIRECTION('',(0.,0.,1.));
#2711=DIRECTION('',(1.,0.,-0.));
#2712=AXIS2_PLACEMENT_3D('',#2709,#2710,#2711);
#2713=CIRCLE('',#2712,20.999999812);
#2714=EDGE_CURVE('',#2699,#2708,#2713,.T.);
#2715=ORIENTED_EDGE('',*,*,#2714,.T.);
#2716=CARTESIAN_POINT('',(-53.48801836,81.601076199,5.));
#2717=VERTEX_POINT('',#2716);
#2718=CARTESIAN_POINT('',(-45.997678905,81.981621665,5.));
#2719=DIRECTION('',(0.,0.,1.));
#2720=DIRECTION('',(1.,0.,-0.));
#2721=AXIS2_PLACEMENT_3D('',#2718,#2719,#2720);
#2722=CIRCLE('',#2721,7.5);
#2723=EDGE_CURVE('',#2708,#2717,#2722,.T.);
#2724=ORIENTED_EDGE('',*,*,#2723,.T.);
#2725=CARTESIAN_POINT('',(-106.389914396,5.352998835,5.));
#2726=VERTEX_POINT('',#2725);
#2727=CARTESIAN_POINT('',(-53.48801836,81.601076199,5.));
#2728=CARTESIAN_POINT('',(-54.50994718,81.499973894,5.));
#2729=CARTESIAN_POINT('',(-55.53167745,81.375821602,5.));
#2730=CARTESIAN_POINT('',(-56.544938714,81.225523316,5.));
#2731=CARTESIAN_POINT('',(-57.558199979,81.07522503,5.));
#2732=CARTESIAN_POINT('',(-58.564812816,80.898646449,5.));
#2733=CARTESIAN_POINT('',(-59.563591041,80.691098757,5.));
#2734=CARTESIAN_POINT('',(-61.561147491,80.276003374,5.));
#2735=CARTESIAN_POINT('',(-63.527786288,79.738694891,5.));
#2736=CARTESIAN_POINT('',(-65.449915388,79.025445878,5.));
#2737=CARTESIAN_POINT('',(-65.930447663,78.847133624,5.));
#2738=CARTESIAN_POINT('',(-66.408165406,78.657695923,5.));
#2739=CARTESIAN_POINT('',(-66.882784876,78.456011191,5.));
#2740=CARTESIAN_POINT('',(-67.357404347,78.25432646,5.));
#2741=CARTESIAN_POINT('',(-67.829123392,78.040190795,5.));
#2742=CARTESIAN_POINT('',(-68.291992366,77.815411951,5.));
#2743=CARTESIAN_POINT('',(-69.217730313,77.365854262,5.));
#2744=CARTESIAN_POINT('',(-70.113428607,76.871491889,5.));
#2745=CARTESIAN_POINT('',(-70.976765169,76.328861409,5.));
#2746=CARTESIAN_POINT('',(-71.84010173,75.786230929,5.));
#2747=CARTESIAN_POINT('',(-72.671033863,75.195268659,5.));
#2748=CARTESIAN_POINT('',(-73.468126801,74.553834619,5.));
#2749=CARTESIAN_POINT('',(-73.86667327,74.2331176,5.));
#2750=CARTESIAN_POINT('',(-74.256777834,73.899809327,5.));
#2751=CARTESIAN_POINT('',(-74.638399926,73.553849294,5.));
#2752=CARTESIAN_POINT('',(-75.020022019,73.207889261,5.));
#2753=CARTESIAN_POINT('',(-75.394237898,72.848109314,5.));
#2754=CARTESIAN_POINT('',(-75.756084661,72.479972228,5.));
#2755=CARTESIAN_POINT('',(-77.203471711,71.007423886,5.));
#2756=CARTESIAN_POINT('',(-78.461820344,69.393730455,5.));
#2757=CARTESIAN_POINT('',(-79.595869928,67.68722943,5.));
#2758=CARTESIAN_POINT('',(-80.729919512,65.980728406,5.));
#2759=CARTESIAN_POINT('',(-81.743488034,64.178996714,5.));
#2760=CARTESIAN_POINT('',(-82.686042355,62.349189408,5.));
#2761=CARTESIAN_POINT('',(-83.157319515,61.434285756,5.));
#2762=CARTESIAN_POINT('',(-83.611352335,60.51089856,5.));
#2763=CARTESIAN_POINT('',(-84.05360318,59.581715092,5.));
#2764=CARTESIAN_POINT('',(-84.495854025,58.652531624,5.));
#2765=CARTESIAN_POINT('',(-84.926309307,57.7175452,5.));
#2766=CARTESIAN_POINT('',(-85.347924152,56.778209625,5.));
#2767=CARTESIAN_POINT('',(-86.191153843,54.899538476,5.));
#2768=CARTESIAN_POINT('',(-86.997691286,53.004324049,5.));
#2769=CARTESIAN_POINT('',(-87.7779392,51.099290264,5.));
#2770=CARTESIAN_POINT('',(-89.338435029,47.289222692,5.));
#2771=CARTESIAN_POINT('',(-90.797699709,43.438300271,5.));
#2772=CARTESIAN_POINT('',(-92.251060449,39.585246626,5.));
#2773=CARTESIAN_POINT('',(-92.977740819,37.658719804,5.));
#2774=CARTESIAN_POINT('',(-93.702482359,35.731454765,5.));
#2775=CARTESIAN_POINT('',(-94.433527559,33.806589866,5.));
#2776=CARTESIAN_POINT('',(-95.164572758,31.881724968,5.));
#2777=CARTESIAN_POINT('',(-95.901887462,29.959247205,5.));
#2778=CARTESIAN_POINT('',(-96.651172305,28.041327113,5.));
#2779=CARTESIAN_POINT('',(-98.14974199,24.205486929,5.));
#2780=CARTESIAN_POINT('',(-99.696611755,20.39064217,5.));
#2781=CARTESIAN_POINT('',(-101.314994356,16.607178304,5.));
#2782=CARTESIAN_POINT('',(-102.933376956,12.823714438,5.));
#2783=CARTESIAN_POINT('',(-104.62249683,9.071218012,5.));
#2784=CARTESIAN_POINT('',(-106.389914396,5.352998835,5.));
#2785=B_SPLINE_CURVE_WITH_KNOTS('',3,(#2727,#2728,#2729,#2730,#2731,#2732,#2733,#2734,#2735,#2736,#2737,#2738,#2739,#2740,#2741,#2742,#2743,#2744,#2745,#2746,#2747,#2748,#2749,#2750,#2751,#2752,
#2753,#2754,#2755,#2756,#2757,#2758,#2759,#2760,#2761,#2762,#2763,#2764,#2765,#2766,#2767,#2768,#2769,#2770,#2771,#2772,#2773,#2774,#2775,#2776,#2777,
#2778,#2779,#2780,#2781,#2782,#2783,#2784),.UNSPECIFIED.,.F.,.F.,(4,3,3,3,3,3,3,3,3,3,3,3,3,3,3,3,3,3,3,4),(0.395432071,0.39851975,0.40160743,0.40778279,0.40932663,0.41087047,0.41395815,0.417045829,0.418589669,0.420133509,0.426308869,0.432484229,0.435571908,0.438659588,0.444834948,0.457185667,0.463361027,0.469536387,0.481887106,0.494237825),.UNSPECIFIED.);
#2786=EDGE_CURVE('',#2717,#2726,#2785,.T.);
#2787=ORIENTED_EDGE('',*,*,#2786,.T.);
#2788=CARTESIAN_POINT('',(-107.183230222,3.697137338,5.));
#2789=VERTEX_POINT('',#2788);
#2790=CARTESIAN_POINT('',(-106.389914396,5.352998835,5.));
#2791=CARTESIAN_POINT('',(-106.652663789,4.800237647,5.));
#2792=CARTESIAN_POINT('',(-106.91710125,4.248279421,5.));
#2793=CARTESIAN_POINT('',(-107.18322977,3.697137121,5.));
#2794=B_SPLINE_CURVE_WITH_KNOTS('',3,(#2790,#2791,#2792,#2793),.UNSPECIFIED.,.F.,.F.,(4,4),(0.007276518,0.009112612),.UNSPECIFIED.);
#2795=EDGE_CURVE('',#2726,#2789,#2794,.T.);
#2796=ORIENTED_EDGE('',*,*,#2795,.T.);
#2797=CARTESIAN_POINT('',(-100.,0.,5.));
#2798=VERTEX_POINT('',#2797);
#2799=CARTESIAN_POINT('',(-107.183230222,3.697137338,5.));
#2800=CARTESIAN_POINT('',(-107.277650968,3.491251008,5.));
#2801=CARTESIAN_POINT('',(-107.369831887,3.284369796,5.));
#2802=CARTESIAN_POINT('',(-107.457266194,3.075380241,5.));
#2803=CARTESIAN_POINT('',(-107.544700501,2.866390685,5.));
#2804=CARTESIAN_POINT('',(-107.627686104,2.655227199,5.));
#2805=CARTESIAN_POINT('',(-107.700243344,2.439840204,5.));
#2806=CARTESIAN_POINT('',(-107.772800584,2.224453209,5.));
#2807=CARTESIAN_POINT('',(-107.835219419,2.006876219,5.));
#2808=CARTESIAN_POINT('',(-107.870608461,1.783460527,5.));
#2809=CARTESIAN_POINT('',(-107.905997503,1.560044836,5.));
#2810=CARTESIAN_POINT('',(-107.915155681,1.325142148,5.));
#2811=CARTESIAN_POINT('',(-107.845690891,1.105794906,5.));
#2812=CARTESIAN_POINT('',(-107.810958496,0.996121286,5.));
#2813=CARTESIAN_POINT('',(-107.757685932,0.896149074,5.));
#2814=CARTESIAN_POINT('',(-107.684870517,0.80650453,5.));
#2815=CARTESIAN_POINT('',(-107.612055103,0.716859987,5.));
#2816=CARTESIAN_POINT('',(-107.525068094,0.643422076,5.));
#2817=CARTESIAN_POINT('',(-107.428740181,0.580666421,5.));
#2818=CARTESIAN_POINT('',(-107.332412269,0.517910765,5.));
#2819=CARTESIAN_POINT('',(-107.22970563,0.467644887,5.));
#2820=CARTESIAN_POINT('',(-107.123772301,0.424811674,5.));
#2821=CARTESIAN_POINT('',(-107.017838972,0.381978461,5.));
#2822=CARTESIAN_POINT('',(-106.908361829,0.346653953,5.));
#2823=CARTESIAN_POINT('',(-106.798303348,0.316428747,5.));
#2824=CARTESIAN_POINT('',(-106.578186386,0.255978334,5.));
#2825=CARTESIAN_POINT('',(-106.353716734,0.214576475,5.));
#2826=CARTESIAN_POINT('',(-106.127415069,0.181549176,5.));
#2827=CARTESIAN_POINT('',(-105.901113404,0.148521878,5.));
#2828=CARTESIAN_POINT('',(-105.674589952,0.124614976,5.));
#2829=CARTESIAN_POINT('',(-105.447952268,0.105405585,5.));
#2830=CARTESIAN_POINT('',(-104.994676899,0.066986802,5.));
#2831=CARTESIAN_POINT('',(-104.540953185,0.047005044,5.));
#2832=CARTESIAN_POINT('',(-104.087080615,0.033144617,5.));
#2833=CARTESIAN_POINT('',(-103.633208044,0.01928419,5.));
#2834=CARTESIAN_POINT('',(-103.179169191,0.012261696,5.));
#2835=CARTESIAN_POINT('',(-102.725067637,0.007817596,5.));
#2836=CARTESIAN_POINT('',(-101.81686453,-0.001070603,5.));
#2837=CARTESIAN_POINT('',(-100.908419248,0.,5.));
#2838=CARTESIAN_POINT('',(-100.,0.,5.));
#2839=B_SPLINE_CURVE_WITH_KNOTS('',3,(#2799,#2800,#2801,#2802,#2803,#2804,#2805,#2806,#2807,#2808,#2809,#2810,#2811,#2812,#2813,#2814,#2815,#2816,#2817,#2818,#2819,#2820,#2821,#2822,#2823,#2824,
#2825,#2826,#2827,#2828,#2829,#2830,#2831,#2832,#2833,#2834,#2835,#2836,#2837,#2838),.UNSPECIFIED.,.F.,.F.,(4,3,3,3,3,3,3,3,3,3,3,3,3,4),(0.033248746,0.033930061,0.034611375,0.03529269,0.035974004,0.036314661,0.036655319,0.036995976,0.037336633,0.038017947,0.038699262,0.040061891,0.04142452,0.044149777),.UNSPECIFIED.);
#2840=EDGE_CURVE('',#2789,#2798,#2839,.T.);
#2841=ORIENTED_EDGE('',*,*,#2840,.T.);
#2842=CARTESIAN_POINT('',(-60.,0.,5.));
#2843=VERTEX_POINT('',#2842);
#2844=CARTESIAN_POINT('',(-100.,0.,5.));
#2845=DIRECTION('',(1.,0.,-0.));
#2846=VECTOR('',#2845,40.);
#2847=LINE('',#2844,#2846);
#2848=EDGE_CURVE('',#2798,#2843,#2847,.T.);
#2849=ORIENTED_EDGE('',*,*,#2848,.T.);
#2850=CARTESIAN_POINT('',(-56.109362803,2.827983024,5.));
#2851=VERTEX_POINT('',#2850);
#2852=CARTESIAN_POINT('',(-56.109362333,2.827983183,5.));
#2853=CARTESIAN_POINT('',(-56.017979622,2.567014004,5.));
#2854=CARTESIAN_POINT('',(-55.930721335,2.304446236,5.));
#2855=CARTESIAN_POINT('',(-55.856850552,2.037738345,5.));
#2856=CARTESIAN_POINT('',(-55.819915161,1.904384399,5.));
#2857=CARTESIAN_POINT('',(-55.786551499,1.77042595,5.));
#2858=CARTESIAN_POINT('',(-55.75983997,1.635341648,5.));
#2859=CARTESIAN_POINT('',(-55.73312844,1.500257346,5.));
#2860=CARTESIAN_POINT('',(-55.712722049,1.36410592,5.));
#2861=CARTESIAN_POINT('',(-55.706163414,1.225610805,5.));
#2862=CARTESIAN_POINT('',(-55.69960478,1.087115689,5.));
#2863=CARTESIAN_POINT('',(-55.706932651,0.946258557,5.));
#2864=CARTESIAN_POINT('',(-55.745314113,0.811934818,5.));
#2865=CARTESIAN_POINT('',(-55.764504844,0.744772948,5.));
#2866=CARTESIAN_POINT('',(-55.791776246,0.679790661,5.));
#2867=CARTESIAN_POINT('',(-55.827473193,0.620397746,5.));
#2868=CARTESIAN_POINT('',(-55.86317014,0.56100483,5.));
#2869=CARTESIAN_POINT('',(-55.908384684,0.505880891,5.));
#2870=CARTESIAN_POINT('',(-55.959254547,0.458531251,5.));
#2871=CARTESIAN_POINT('',(-56.010124411,0.411181611,5.));
#2872=CARTESIAN_POINT('',(-56.067459408,0.370325315,5.));
#2873=CARTESIAN_POINT('',(-56.127822621,0.335437242,5.));
#2874=CARTESIAN_POINT('',(-56.188185835,0.300549168,5.));
#2875=CARTESIAN_POINT('',(-56.250566187,0.27192222,5.));
#2876=CARTESIAN_POINT('',(-56.314210631,0.247218967,5.));
#2877=CARTESIAN_POINT('',(-56.44149952,0.197812463,5.));
#2878=CARTESIAN_POINT('',(-56.573742201,0.163782344,5.));
#2879=CARTESIAN_POINT('',(-56.708282783,0.136884828,5.));
#2880=CARTESIAN_POINT('',(-56.842823366,0.109987312,5.));
#2881=CARTESIAN_POINT('',(-56.979706098,0.090624541,5.));
#2882=CARTESIAN_POINT('',(-57.116283356,0.075401188,5.));
#2883=CARTESIAN_POINT('',(-57.252860615,0.060177834,5.));
#2884=CARTESIAN_POINT('',(-57.389734024,0.049096984,5.));
#2885=CARTESIAN_POINT('',(-57.526774498,0.040353005,5.));
#2886=CARTESIAN_POINT('',(-57.800855445,0.022865046,5.));
#2887=CARTESIAN_POINT('',(-58.075636605,0.014490721,5.));
#2888=CARTESIAN_POINT('',(-58.35052876,0.009183146,5.));
#2889=CARTESIAN_POINT('',(-58.900313071,-0.001432004,5.));
#2890=CARTESIAN_POINT('',(-59.450160273,0.,5.));
#2891=CARTESIAN_POINT('',(-60.,0.,5.));
#2892=B_SPLINE_CURVE_WITH_KNOTS('',3,(#2852,#2853,#2854,#2855,#2856,#2857,#2858,#2859,#2860,#2861,#2862,#2863,#2864,#2865,#2866,#2867,#2868,#2869,#2870,#2871,#2872,#2873,#2874,#2875,#2876,#2877,
#2878,#2879,#2880,#2881,#2882,#2883,#2884,#2885,#2886,#2887,#2888,#2889,#2890,#2891),.UNSPECIFIED.,.F.,.F.,(4,3,3,3,3,3,3,3,3,3,3,3,3,4),(0.016499143,0.017323902,0.017736282,0.018148662,0.018561041,0.018767231,0.018973421,0.019179611,0.019385801,0.019798181,0.020210561,0.02062294,0.0214477,0.023097219),.UNSPECIFIED.);
#2893=EDGE_CURVE('',#2851,#2843,#2892,.T.);
#2894=ORIENTED_EDGE('',*,*,#2893,.F.);
#2895=CARTESIAN_POINT('',(-56.803931504,4.676052232,5.));
#2896=VERTEX_POINT('',#2895);
#2897=CARTESIAN_POINT('',(-56.109362803,2.827983024,5.));
#2898=CARTESIAN_POINT('',(-56.34485378,3.44250601,5.));
#2899=CARTESIAN_POINT('',(-56.576708708,4.058424221,5.));
#2900=CARTESIAN_POINT('',(-56.803931504,4.676052232,5.));
#2901=B_SPLINE_CURVE_WITH_KNOTS('',3,(#2897,#2898,#2899,#2900),.UNSPECIFIED.,.F.,.F.,(4,4),(0.007974575,0.009948873),.UNSPECIFIED.);
#2902=EDGE_CURVE('',#2851,#2896,#2901,.T.);
#2903=ORIENTED_EDGE('',*,*,#2902,.T.);
#2904=CARTESIAN_POINT('',(-46.744111628,52.676092245,5.));
#2905=VERTEX_POINT('',#2904);
#2906=CARTESIAN_POINT('',(-56.803931504,4.676052232,5.));
#2907=CARTESIAN_POINT('',(-57.579411541,6.78393296,5.));
#2908=CARTESIAN_POINT('',(-58.300629438,8.910150567,5.));
#2909=CARTESIAN_POINT('',(-58.926495773,11.068590458,5.));
#2910=CARTESIAN_POINT('',(-59.552362109,13.227030349,5.));
#2911=CARTESIAN_POINT('',(-60.08341153,15.425967823,5.));
#2912=CARTESIAN_POINT('',(-60.468895217,17.631390959,5.));
#2913=CARTESIAN_POINT('',(-60.854378905,19.836814095,5.));
#2914=CARTESIAN_POINT('',(-61.096863451,22.054858643,5.));
#2915=CARTESIAN_POINT('',(-61.162675713,24.288496668,5.));
#2916=CARTESIAN_POINT('',(-61.195581845,25.405315681,5.));
#2917=CARTESIAN_POINT('',(-61.184378744,26.52602787,5.));
#2918=CARTESIAN_POINT('',(-61.124889431,27.651001903,5.));
#2919=CARTESIAN_POINT('',(-61.095144775,28.21348892,5.));
#2920=CARTESIAN_POINT('',(-61.053207828,28.778088323,5.));
#2921=CARTESIAN_POINT('',(-60.998972849,29.340665883,5.));
#2922=CARTESIAN_POINT('',(-60.94473787,29.903243442,5.));
#2923=CARTESIAN_POINT('',(-60.878264872,30.463788387,5.));
#2924=CARTESIAN_POINT('',(-60.799401399,31.022275395,5.));
#2925=CARTESIAN_POINT('',(-60.641674455,32.139249411,5.));
#2926=CARTESIAN_POINT('',(-60.434436786,33.248000181,5.));
#2927=CARTESIAN_POINT('',(-60.176073002,34.348259404,5.));
#2928=CARTESIAN_POINT('',(-60.04689111,34.898389016,5.));
#2929=CARTESIAN_POINT('',(-59.904768084,35.446749962,5.));
#2930=CARTESIAN_POINT('',(-59.750717421,35.989113706,5.));
#2931=CARTESIAN_POINT('',(-59.596666758,36.531477451,5.));
#2932=CARTESIAN_POINT('',(-59.430489829,37.068786092,5.));
#2933=CARTESIAN_POINT('',(-59.252072102,37.600991885,5.));
#2934=CARTESIAN_POINT('',(-58.895236649,38.665403471,5.));
#2935=CARTESIAN_POINT('',(-58.489683686,39.709506082,5.));
#2936=CARTESIAN_POINT('',(-58.031791789,40.731790047,5.));
#2937=CARTESIAN_POINT('',(-57.573899892,41.754074013,5.));
#2938=CARTESIAN_POINT('',(-57.063814331,42.754599891,5.));
#2939=CARTESIAN_POINT('',(-56.493034668,43.729824086,5.));
#2940=CARTESIAN_POINT('',(-56.207644836,44.217436184,5.));
#2941=CARTESIAN_POINT('',(-55.906417125,44.699337588,5.));
#2942=CARTESIAN_POINT('',(-55.592242883,45.168407887,5.));
#2943=CARTESIAN_POINT('',(-55.278068641,45.637478187,5.));
#2944=CARTESIAN_POINT('',(-54.950203004,46.095104449,5.));
#2945=CARTESIAN_POINT('',(-54.607563774,46.540382111,5.));
#2946=CARTESIAN_POINT('',(-53.922285314,47.430937435,5.));
#2947=CARTESIAN_POINT('',(-53.17851405,48.272601187,5.));
#2948=CARTESIAN_POINT('',(-52.361811577,49.053304934,5.));
#2949=CARTESIAN_POINT('',(-52.157635959,49.248480871,5.));
#2950=CARTESIAN_POINT('',(-51.948854845,49.439807276,5.));
#2951=CARTESIAN_POINT('',(-51.735135643,49.62700615,5.));
#2952=CARTESIAN_POINT('',(-51.521416442,49.814205023,5.));
#2953=CARTESIAN_POINT('',(-51.303521524,49.996563918,5.));
#2954=CARTESIAN_POINT('',(-51.082834992,50.172657636,5.));
#2955=CARTESIAN_POINT('',(-50.641461928,50.52484507,5.));
#2956=CARTESIAN_POINT('',(-50.187166282,50.853532125,5.));
#2957=CARTESIAN_POINT('',(-49.719268738,51.157483432,5.));
#2958=CARTESIAN_POINT('',(-48.78347365,51.765386045,5.));
#2959=CARTESIAN_POINT('',(-47.792648079,52.2732129,5.));
#2960=CARTESIAN_POINT('',(-46.744112848,52.676091776,5.));
#2961=B_SPLINE_CURVE_WITH_KNOTS('',3,(#2906,#2907,#2908,#2909,#2910,#2911,#2912,#2913,#2914,#2915,#2916,#2917,#2918,#2919,#2920,#2921,#2922,#2923,#2924,#2925,#2926,#2927,#2928,#2929,#2930,#2931,
#2932,#2933,#2934,#2935,#2936,#2937,#2938,#2939,#2940,#2941,#2942,#2943,#2944,#2945,#2946,#2947,#2948,#2949,#2950,#2951,#2952,#2953,#2954,#2955,#2956,
#2957,#2958,#2959,#2960),.UNSPECIFIED.,.F.,.F.,(4,3,3,3,3,3,3,3,3,3,3,3,3,3,3,3,3,3,4),(0.177078086,0.183816096,0.190554105,0.197292115,0.20066112,0.202345622,0.204030125,0.20739913,0.209083632,0.210768134,0.214137139,0.217506144,0.219190647,0.220875149,0.224244154,0.225086405,0.225928656,0.227613159,0.230982164),.UNSPECIFIED.);
#2962=EDGE_CURVE('',#2896,#2905,#2961,.T.);
#2963=ORIENTED_EDGE('',*,*,#2962,.T.);
#2964=CARTESIAN_POINT('',(-45.484460073,52.938397539,5.));
#2965=VERTEX_POINT('',#2964);
#2966=CARTESIAN_POINT('',(-45.309448679,48.942227997,5.));
#2967=DIRECTION('',(-0.,-0.,-1.));
#2968=DIRECTION('',(1.,0.,-0.));
#2969=AXIS2_PLACEMENT_3D('',#2966,#2967,#2968);
#2970=CIRCLE('',#2969,4.);
#2971=EDGE_CURVE('',#2905,#2965,#2970,.T.);
#2972=ORIENTED_EDGE('',*,*,#2971,.T.);
#2973=CARTESIAN_POINT('',(-42.308705085,51.126860282,5.));
#2974=VERTEX_POINT('',#2973);
#2975=CARTESIAN_POINT('',(-45.659432517,48.942226291,5.));
#2976=DIRECTION('',(-0.,-0.,-1.));
#2977=DIRECTION('',(1.,0.,-0.));
#2978=AXIS2_PLACEMENT_3D('',#2975,#2976,#2977);
#2979=CIRCLE('',#2978,4.);
#2980=EDGE_CURVE('',#2965,#2974,#2979,.T.);
#2981=ORIENTED_EDGE('',*,*,#2980,.T.);
#2982=CARTESIAN_POINT('',(-17.751970611,55.903903446,5.));
#2983=VERTEX_POINT('',#2982);
#2984=CARTESIAN_POINT('',(-31.,58.5,5.));
#2985=DIRECTION('',(0.,0.,1.));
#2986=DIRECTION('',(1.,0.,-0.));
#2987=AXIS2_PLACEMENT_3D('',#2984,#2985,#2986);
#2988=CIRCLE('',#2987,13.5);
#2989=EDGE_CURVE('',#2974,#2983,#2988,.T.);
#2990=ORIENTED_EDGE('',*,*,#2989,.T.);
#2991=CARTESIAN_POINT('',(-12.845317426,59.942386204,5.));
#2992=VERTEX_POINT('',#2991);
#2993=CARTESIAN_POINT('',(-12.84529306,54.942386204,5.));
#2994=DIRECTION('',(-0.,-0.,-1.));
#2995=DIRECTION('',(1.,0.,-0.));
#2996=AXIS2_PLACEMENT_3D('',#2993,#2994,#2995);
#2997=CIRCLE('',#2996,5.);
#2998=EDGE_CURVE('',#2983,#2992,#2997,.T.);
#2999=ORIENTED_EDGE('',*,*,#2998,.T.);
#3000=CARTESIAN_POINT('',(12.846243916,59.942511407,5.));
#3001=VERTEX_POINT('',#3000);
#3002=CARTESIAN_POINT('',(-12.845317426,59.942386204,5.));
#3003=DIRECTION('',(1.,0.000004873,0.));
#3004=VECTOR('',#3003,25.691561343);
#3005=LINE('',#3002,#3004);
#3006=EDGE_CURVE('',#2992,#3001,#3005,.T.);
#3007=ORIENTED_EDGE('',*,*,#3006,.T.);
#3008=CARTESIAN_POINT('',(17.752936462,55.904076473,5.));
#3009=VERTEX_POINT('',#3008);
#3010=CARTESIAN_POINT('',(12.846268282,54.942511407,5.));
#3011=DIRECTION('',(-0.,-0.,-1.));
#3012=DIRECTION('',(1.,0.,-0.));
#3013=AXIS2_PLACEMENT_3D('',#3010,#3011,#3012);
#3014=CIRCLE('',#3013,5.);
#3015=EDGE_CURVE('',#3001,#3009,#3014,.T.);
#3016=ORIENTED_EDGE('',*,*,#3015,.T.);
#3017=CARTESIAN_POINT('',(42.309717494,51.127272653,5.));
#3018=VERTEX_POINT('',#3017);
#3019=CARTESIAN_POINT('',(31.000940547,58.50030215,5.));
#3020=DIRECTION('',(0.,0.,1.));
#3021=DIRECTION('',(1.,0.,-0.));
#3022=AXIS2_PLACEMENT_3D('',#3019,#3020,#3021);
#3023=CIRCLE('',#3022,13.5);
#3024=EDGE_CURVE('',#3009,#3018,#3023,.T.);
#3025=ORIENTED_EDGE('',*,*,#3024,.T.);
#3026=CARTESIAN_POINT('',(45.485406093,52.938838729,5.));
#3027=VERTEX_POINT('',#3026);
#3028=CARTESIAN_POINT('',(45.660466219,48.942671321,5.));
#3029=DIRECTION('',(-0.,-0.,-1.));
#3030=DIRECTION('',(1.,0.,-0.));
#3031=AXIS2_PLACEMENT_3D('',#3028,#3029,#3030);
#3032=CIRCLE('',#3031,4.);
#3033=EDGE_CURVE('',#3018,#3027,#3032,.T.);
#3034=ORIENTED_EDGE('',*,*,#3033,.T.);
#3035=CARTESIAN_POINT('',(46.745011472,52.676547846,5.));
#3036=VERTEX_POINT('',#3035);
#3037=CARTESIAN_POINT('',(45.310384915,48.942669615,5.));
#3038=DIRECTION('',(-0.,-0.,-1.));
#3039=DIRECTION('',(1.,0.,-0.));
#3040=AXIS2_PLACEMENT_3D('',#3037,#3038,#3039);
#3041=CIRCLE('',#3040,4.);
#3042=EDGE_CURVE('',#3027,#3036,#3041,.T.);
#3043=ORIENTED_EDGE('',*,*,#3042,.T.);
#3044=CARTESIAN_POINT('',(56.805288161,4.67657592,5.));
#3045=VERTEX_POINT('',#3044);
#3046=CARTESIAN_POINT('',(56.805288161,4.67657592,5.));
#3047=CARTESIAN_POINT('',(57.58074863,6.78446528,5.));
#3048=CARTESIAN_POINT('',(58.301946903,8.910690949,5.));
#3049=CARTESIAN_POINT('',(58.927793364,11.06913795,5.));
#3050=CARTESIAN_POINT('',(59.553639825,13.227584951,5.));
#3051=CARTESIAN_POINT('',(60.084669083,15.426528708,5.));
#3052=CARTESIAN_POINT('',(60.470132518,17.631956818,5.));
#3053=CARTESIAN_POINT('',(60.855595953,19.837384928,5.));
#3054=CARTESIAN_POINT('',(61.098060079,22.05543306,5.));
#3055=CARTESIAN_POINT('',(61.163851655,24.289072958,5.));
#3056=CARTESIAN_POINT('',(61.196747443,25.405892907,5.));
#3057=CARTESIAN_POINT('',(61.185533933,26.526605604,5.));
#3058=CARTESIAN_POINT('',(61.126034136,27.651579678,5.));
#3059=CARTESIAN_POINT('',(61.096284237,28.214066716,5.));
#3060=CARTESIAN_POINT('',(61.054342019,28.778666022,5.));
#3061=CARTESIAN_POINT('',(61.000101772,29.341243427,5.));
#3062=CARTESIAN_POINT('',(60.945861524,29.903820832,5.));
#3063=CARTESIAN_POINT('',(60.879383263,30.464365501,5.));
#3064=CARTESIAN_POINT('',(60.800514536,31.02285211,5.));
#3065=CARTESIAN_POINT('',(60.642777081,32.139825328,5.));
#3066=CARTESIAN_POINT('',(60.435528929,33.248574809,5.));
#3067=CARTESIAN_POINT('',(60.177154693,34.348832236,5.));
#3068=CARTESIAN_POINT('',(60.047967575,34.89896095,5.));
#3069=CARTESIAN_POINT('',(59.905839318,35.447320908,5.));
#3070=CARTESIAN_POINT('',(59.751783464,35.98968355,5.));
#3071=CARTESIAN_POINT('',(59.597727611,36.532046192,5.));
#3072=CARTESIAN_POINT('',(59.431545526,37.069353607,5.));
#3073=CARTESIAN_POINT('',(59.253122681,37.601558049,5.));
#3074=CARTESIAN_POINT('',(58.89627699,38.665966932,5.));
#3075=CARTESIAN_POINT('',(58.490713937,39.710066345,5.));
#3076=CARTESIAN_POINT('',(58.032812117,40.732346583,5.));
#3077=CARTESIAN_POINT('',(57.574910297,41.754626821,5.));
#3078=CARTESIAN_POINT('',(57.06481498,42.755148444,5.));
#3079=CARTESIAN_POINT('',(56.494025764,43.730367775,5.));
#3080=CARTESIAN_POINT('',(56.208631156,44.21797744,5.));
#3081=CARTESIAN_POINT('',(55.907398694,44.699876284,5.));
#3082=CARTESIAN_POINT('',(55.593219808,45.168943894,5.));
#3083=CARTESIAN_POINT('',(55.279040923,45.638011504,5.));
#3084=CARTESIAN_POINT('',(54.951170741,46.095634933,5.));
#3085=CARTESIAN_POINT('',(54.608527073,46.540909607,5.));
#3086=CARTESIAN_POINT('',(53.923239737,47.431458956,5.));
#3087=CARTESIAN_POINT('',(53.179460024,48.273116119,5.));
#3088=CARTESIAN_POINT('',(52.362749632,49.053812515,5.));
#3089=CARTESIAN_POINT('',(52.158572035,49.248986614,5.));
#3090=CARTESIAN_POINT('',(51.949788975,49.440311133,5.));
#3091=CARTESIAN_POINT('',(51.736067863,49.627508068,5.));
#3092=CARTESIAN_POINT('',(51.522346752,49.814705004,5.));
#3093=CARTESIAN_POINT('',(51.304449945,49.997061935,5.));
#3094=CARTESIAN_POINT('',(51.083761589,50.173153647,5.));
#3095=CARTESIAN_POINT('',(50.642384877,50.525337072,5.));
#3096=CARTESIAN_POINT('',(50.188085797,50.854019966,5.));
#3097=CARTESIAN_POINT('',(49.720185046,51.15796695,5.));
#3098=CARTESIAN_POINT('',(48.784383543,51.76586092,5.));
#3099=CARTESIAN_POINT('',(47.793552471,52.273678482,5.));
#3100=CARTESIAN_POINT('',(46.745012692,52.676547377,5.));
#3101=B_SPLINE_CURVE_WITH_KNOTS('',3,(#3046,#3047,#3048,#3049,#3050,#3051,#3052,#3053,#3054,#3055,#3056,#3057,#3058,#3059,#3060,#3061,#3062,#3063,#3064,#3065,#3066,#3067,#3068,#3069,#3070,#3071,
#3072,#3073,#3074,#3075,#3076,#3077,#3078,#3079,#3080,#3081,#3082,#3083,#3084,#3085,#3086,#3087,#3088,#3089,#3090,#3091,#3092,#3093,#3094,#3095,#3096,
#3097,#3098,#3099,#3100),.UNSPECIFIED.,.F.,.F.,(4,3,3,3,3,3,3,3,3,3,3,3,3,3,3,3,3,3,4),(0.177078054,0.183816068,0.190554081,0.197292095,0.200661102,0.202345605,0.204030109,0.207399116,0.209083619,0.210768123,0.214137129,0.217506136,0.21919064,0.220875143,0.22424415,0.225086402,0.225928653,0.227613157,0.230982164),.UNSPECIFIED.);
#3102=EDGE_CURVE('',#3045,#3036,#3101,.T.);
#3103=ORIENTED_EDGE('',*,*,#3102,.F.);
#3104=CARTESIAN_POINT('',(56.110748033,2.828530084,5.));
#3105=VERTEX_POINT('',#3104);
#3106=CARTESIAN_POINT('',(56.110748497,2.828529908,5.));
#3107=CARTESIAN_POINT('',(56.346229676,3.443045252,5.));
#3108=CARTESIAN_POINT('',(56.578075059,4.05895568,5.));
#3109=CARTESIAN_POINT('',(56.805288161,4.67657592,5.));
#3110=B_SPLINE_CURVE_WITH_KNOTS('',3,(#3106,#3107,#3108,#3109),.UNSPECIFIED.,.F.,.F.,(4,4),(0.007971318,0.009945583),.UNSPECIFIED.);
#3111=EDGE_CURVE('',#3105,#3045,#3110,.T.);
#3112=ORIENTED_EDGE('',*,*,#3111,.F.);
#3113=CARTESIAN_POINT('',(60.001413257,0.000584804,5.));
#3114=VERTEX_POINT('',#3113);
#3115=CARTESIAN_POINT('',(56.110748033,2.828530084,5.));
#3116=CARTESIAN_POINT('',(56.019367865,2.567560014,5.));
#3117=CARTESIAN_POINT('',(55.932112137,2.304991395,5.));
#3118=CARTESIAN_POINT('',(55.858243953,2.038282783,5.));
#3119=CARTESIAN_POINT('',(55.821309861,1.904928477,5.));
#3120=CARTESIAN_POINT('',(55.787947504,1.770969702,5.));
#3121=CARTESIAN_POINT('',(55.761237291,1.63588514,5.));
#3122=CARTESIAN_POINT('',(55.734527077,1.500800577,5.));
#3123=CARTESIAN_POINT('',(55.714122012,1.364648952,5.));
#3124=CARTESIAN_POINT('',(55.707564726,1.226153772,5.));
#3125=CARTESIAN_POINT('',(55.701007441,1.087658593,5.));
#3126=CARTESIAN_POINT('',(55.708336684,0.946801532,5.));
#3127=CARTESIAN_POINT('',(55.746719453,0.812478166,5.));
#3128=CARTESIAN_POINT('',(55.765910837,0.745316483,5.));
#3129=CARTESIAN_POINT('',(55.793182872,0.680334461,5.));
#3130=CARTESIAN_POINT('',(55.828880397,0.620941892,5.));
#3131=CARTESIAN_POINT('',(55.864577921,0.561549324,5.));
#3132=CARTESIAN_POINT('',(55.909793002,0.506425825,5.));
#3133=CARTESIAN_POINT('',(55.960663326,0.45907668,5.));
#3134=CARTESIAN_POINT('',(56.01153365,0.411727534,5.));
#3135=CARTESIAN_POINT('',(56.068869046,0.370871797,5.));
#3136=CARTESIAN_POINT('',(56.129232599,0.335984311,5.));
#3137=CARTESIAN_POINT('',(56.189596152,0.301096824,5.));
#3138=CARTESIAN_POINT('',(56.251976783,0.272470484,5.));
#3139=CARTESIAN_POINT('',(56.315621469,0.247767851,5.));
#3140=CARTESIAN_POINT('',(56.442910839,0.198362586,5.));
#3141=CARTESIAN_POINT('',(56.575153852,0.164333755,5.));
#3142=CARTESIAN_POINT('',(56.709694697,0.137437551,5.));
#3143=CARTESIAN_POINT('',(56.844235542,0.110541346,5.));
#3144=CARTESIAN_POINT('',(56.981118463,0.091179909,5.));
#3145=CARTESIAN_POINT('',(57.11769587,0.075957886,5.));
#3146=CARTESIAN_POINT('',(57.254273277,0.060735864,5.));
#3147=CARTESIAN_POINT('',(57.391146795,0.049656347,5.));
#3148=CARTESIAN_POINT('',(57.528187354,0.040913703,5.));
#3149=CARTESIAN_POINT('',(57.802268472,0.023428416,5.));
#3150=CARTESIAN_POINT('',(58.077049715,0.015056769,5.));
#3151=CARTESIAN_POINT('',(58.351941923,0.009751873,5.));
#3152=CARTESIAN_POINT('',(58.901726338,-0.000857919,5.));
#3153=CARTESIAN_POINT('',(59.451573528,0.000579445,5.));
#3154=CARTESIAN_POINT('',(60.001413257,0.000584804,5.));
#3155=B_SPLINE_CURVE_WITH_KNOTS('',3,(#3115,#3116,#3117,#3118,#3119,#3120,#3121,#3122,#3123,#3124,#3125,#3126,#3127,#3128,#3129,#3130,#3131,#3132,#3133,#3134,#3135,#3136,#3137,#3138,#3139,#3140,
#3141,#3142,#3143,#3144,#3145,#3146,#3147,#3148,#3149,#3150,#3151,#3152,#3153,#3154),.UNSPECIFIED.,.F.,.F.,(4,3,3,3,3,3,3,3,3,3,3,3,3,4),(0.016499143,0.017323902,0.017736282,0.018148662,0.018561041,0.018767231,0.018973421,0.019179611,0.019385801,0.019798181,0.020210561,0.02062294,0.0214477,0.023097219),.UNSPECIFIED.);
#3156=EDGE_CURVE('',#3105,#3114,#3155,.T.);
#3157=ORIENTED_EDGE('',*,*,#3156,.T.);
#3158=CARTESIAN_POINT('',(100.001413255,0.000974669,5.));
#3159=VERTEX_POINT('',#3158);
#3160=CARTESIAN_POINT('',(100.001413255,0.000974669,5.));
#3161=DIRECTION('',(-1.,-0.000009747,0.));
#3162=VECTOR('',#3161,40.);
#3163=LINE('',#3160,#3162);
#3164=EDGE_CURVE('',#3159,#3114,#3163,.T.);
#3165=ORIENTED_EDGE('',*,*,#3164,.F.);
#3166=CARTESIAN_POINT('',(107.184596017,3.698204525,5.));
#3167=VERTEX_POINT('',#3166);
#3168=CARTESIAN_POINT('',(107.184596933,3.698204932,5.));
#3169=CARTESIAN_POINT('',(107.279020118,3.492319043,5.));
#3170=CARTESIAN_POINT('',(107.371203537,3.285438266,5.));
#3171=CARTESIAN_POINT('',(107.458640463,3.07644913,5.));
#3172=CARTESIAN_POINT('',(107.546077389,2.867459993,5.));
#3173=CARTESIAN_POINT('',(107.629065822,2.656296606,5.));
#3174=CARTESIAN_POINT('',(107.701625945,2.440910325,5.));
#3175=CARTESIAN_POINT('',(107.774186068,2.225524044,5.));
#3176=CARTESIAN_POINT('',(107.836608096,2.007947588,5.));
#3177=CARTESIAN_POINT('',(107.872001158,1.784531949,5.));
#3178=CARTESIAN_POINT('',(107.907394219,1.561116311,5.));
#3179=CARTESIAN_POINT('',(107.916557654,1.326213731,5.));
#3180=CARTESIAN_POINT('',(107.847098998,1.106863825,5.));
#3181=CARTESIAN_POINT('',(107.812369671,0.997188873,5.));
#3182=CARTESIAN_POINT('',(107.759100112,0.897214724,5.));
#3183=CARTESIAN_POINT('',(107.686287076,0.807567845,5.));
#3184=CARTESIAN_POINT('',(107.61347404,0.717920967,5.));
#3185=CARTESIAN_POINT('',(107.526488725,0.644480653,5.));
#3186=CARTESIAN_POINT('',(107.430161917,0.581722707,5.));
#3187=CARTESIAN_POINT('',(107.333835109,0.518964762,5.));
#3188=CARTESIAN_POINT('',(107.231129646,0.468695735,5.));
#3189=CARTESIAN_POINT('',(107.125196117,0.42586172,5.));
#3190=CARTESIAN_POINT('',(107.019262588,0.383027704,5.));
#3191=CARTESIAN_POINT('',(106.909786229,0.347700413,5.));
#3192=CARTESIAN_POINT('',(106.799727965,0.317473644,5.));
#3193=CARTESIAN_POINT('',(106.579611437,0.257020105,5.));
#3194=CARTESIAN_POINT('',(106.355141685,0.215615457,5.));
#3195=CARTESIAN_POINT('',(106.128839875,0.182585511,5.));
#3196=CARTESIAN_POINT('',(105.902538065,0.149555565,5.));
#3197=CARTESIAN_POINT('',(105.67601437,0.125646176,5.));
#3198=CARTESIAN_POINT('',(105.449376391,0.106434361,5.));
#3199=CARTESIAN_POINT('',(104.996100434,0.068010729,5.));
#3200=CARTESIAN_POINT('',(104.542375933,0.04802437,5.));
#3201=CARTESIAN_POINT('',(104.088502511,0.034159395,5.));
#3202=CARTESIAN_POINT('',(103.634629088,0.020294419,5.));
#3203=CARTESIAN_POINT('',(103.180589311,0.013267444,5.));
#3204=CARTESIAN_POINT('',(102.726486805,0.008818884,5.));
#3205=CARTESIAN_POINT('',(101.818281793,-0.000078238,5.));
#3206=CARTESIAN_POINT('',(100.909834501,0.000983523,5.));
#3207=CARTESIAN_POINT('',(100.001413255,0.000974669,5.));
#3208=B_SPLINE_CURVE_WITH_KNOTS('',3,(#3168,#3169,#3170,#3171,#3172,#3173,#3174,#3175,#3176,#3177,#3178,#3179,#3180,#3181,#3182,#3183,#3184,#3185,#3186,#3187,#3188,#3189,#3190,#3191,#3192,#3193,
#3194,#3195,#3196,#3197,#3198,#3199,#3200,#3201,#3202,#3203,#3204,#3205,#3206,#3207),.UNSPECIFIED.,.F.,.F.,(4,3,3,3,3,3,3,3,3,3,3,3,3,4),(0.033248712,0.033930028,0.034611344,0.03529266,0.035973976,0.036314634,0.036655292,0.03699595,0.037336608,0.038017924,0.03869924,0.040061872,0.041424504,0.044149767),.UNSPECIFIED.);
#3209=EDGE_CURVE('',#3167,#3159,#3208,.T.);
#3210=ORIENTED_EDGE('',*,*,#3209,.F.);
#3211=CARTESIAN_POINT('',(106.391253804,5.354081375,5.));
#3212=VERTEX_POINT('',#3211);
#3213=CARTESIAN_POINT('',(106.391253804,5.354081375,5.));
#3214=CARTESIAN_POINT('',(106.654012198,4.801315147,5.));
#3215=CARTESIAN_POINT('',(106.918458487,4.24935182,5.));
#3216=CARTESIAN_POINT('',(107.184596017,3.698204525,5.));
#3217=B_SPLINE_CURVE_WITH_KNOTS('',3,(#3213,#3214,#3215,#3216),.UNSPECIFIED.,.F.,.F.,(4,4),(0.007277329,0.009113448),.UNSPECIFIED.);
#3218=EDGE_CURVE('',#3212,#3167,#3217,.T.);
#3219=ORIENTED_EDGE('',*,*,#3218,.F.);
#3220=CARTESIAN_POINT('',(53.488636281,81.601597529,5.));
#3221=CARTESIAN_POINT('',(54.510565564,81.500505236,5.));
#3222=CARTESIAN_POINT('',(55.532296523,81.376362978,5.));
#3223=CARTESIAN_POINT('',(56.545558742,81.226074671,5.));
#3224=CARTESIAN_POINT('',(57.558820961,81.075786365,5.));
#3225=CARTESIAN_POINT('',(58.565435015,80.899217728,5.));
#3226=CARTESIAN_POINT('',(59.564214769,80.69167994,5.));
#3227=CARTESIAN_POINT('',(61.561774276,80.276604365,5.));
#3228=CARTESIAN_POINT('',(63.528417358,79.739315533,5.));
#3229=CARTESIAN_POINT('',(65.45055252,79.026085983,5.));
#3230=CARTESIAN_POINT('',(65.931086311,78.847778595,5.));
#3231=CARTESIAN_POINT('',(66.408805681,78.658345748,5.));
#3232=CARTESIAN_POINT('',(66.883426903,78.456665858,5.));
#3233=CARTESIAN_POINT('',(67.358048126,78.254985968,5.));
#3234=CARTESIAN_POINT('',(67.829769084,78.040855119,5.));
#3235=CARTESIAN_POINT('',(68.292640089,77.816081016,5.));
#3236=CARTESIAN_POINT('',(69.218382098,77.366532808,5.));
#3237=CARTESIAN_POINT('',(70.114084928,76.872179679,5.));
#3238=CARTESIAN_POINT('',(70.977426536,76.329558186,5.));
#3239=CARTESIAN_POINT('',(71.840768143,75.786936694,5.));
#3240=CARTESIAN_POINT('',(72.671705832,75.195983154,5.));
#3241=CARTESIAN_POINT('',(73.468804856,74.554557571,5.));
#3242=CARTESIAN_POINT('',(73.867354368,74.23384478,5.));
#3243=CARTESIAN_POINT('',(74.257462107,73.900540667,5.));
#3244=CARTESIAN_POINT('',(74.639087506,73.554584724,5.));
#3245=CARTESIAN_POINT('',(75.020712905,73.208628781,5.));
#3246=CARTESIAN_POINT('',(75.394932294,72.848852886,5.));
#3247=CARTESIAN_POINT('',(75.756782607,72.480719626,5.));
#3248=CARTESIAN_POINT('',(77.20418386,71.008186584,5.));
#3249=CARTESIAN_POINT('',(78.462548501,69.394506931,5.));
#3250=CARTESIAN_POINT('',(79.596614771,67.688018303,5.));
#3251=CARTESIAN_POINT('',(80.73068104,65.981529675,5.));
#3252=CARTESIAN_POINT('',(81.744267015,64.179809059,5.));
#3253=CARTESIAN_POINT('',(82.686839248,62.35001215,5.));
#3254=CARTESIAN_POINT('',(83.158125364,61.435113695,5.));
#3255=CARTESIAN_POINT('',(83.612167067,60.511731454,5.));
#3256=CARTESIAN_POINT('',(84.054426902,59.58255285,5.));
#3257=CARTESIAN_POINT('',(84.496686737,58.653374246,5.));
#3258=CARTESIAN_POINT('',(84.927151028,57.718392551,5.));
#3259=CARTESIAN_POINT('',(85.348774965,56.77906164,5.));
#3260=CARTESIAN_POINT('',(86.192022839,54.900399818,5.));
#3261=CARTESIAN_POINT('',(86.998578548,53.005194288,5.));
#3262=CARTESIAN_POINT('',(87.778844842,51.100169166,5.));
#3263=CARTESIAN_POINT('',(89.339377431,47.29011892,5.));
#3264=CARTESIAN_POINT('',(90.798679148,43.439212789,5.));
#3265=CARTESIAN_POINT('',(92.252076744,39.586175295,5.));
#3266=CARTESIAN_POINT('',(92.978775542,37.659656548,5.));
#3267=CARTESIAN_POINT('',(93.703535469,35.732399548,5.));
#3268=CARTESIAN_POINT('',(94.434598988,33.807542732,5.));
#3269=CARTESIAN_POINT('',(95.165662507,31.882685917,5.));
#3270=CARTESIAN_POINT('',(95.902995461,29.96021628,5.));
#3271=CARTESIAN_POINT('',(96.65229847,28.042304416,5.));
#3272=CARTESIAN_POINT('',(98.150904487,24.206480689,5.));
#3273=CARTESIAN_POINT('',(99.697810232,20.391652759,5.));
#3274=CARTESIAN_POINT('',(101.316228382,16.608206381,5.));
#3275=CARTESIAN_POINT('',(102.934646533,12.824760003,5.));
#3276=CARTESIAN_POINT('',(104.623801535,9.072281703,5.));
#3277=CARTESIAN_POINT('',(106.391253804,5.354081375,5.));
#3278=B_SPLINE_CURVE_WITH_KNOTS('',3,(#3220,#3221,#3222,#3223,#3224,#3225,#3226,#3227,#3228,#3229,#3230,#3231,#3232,#3233,#3234,#3235,#3236,#3237,#3238,#3239,#3240,#3241,#3242,#3243,#3244,#3245,
#3246,#3247,#3248,#3249,#3250,#3251,#3252,#3253,#3254,#3255,#3256,#3257,#3258,#3259,#3260,#3261,#3262,#3263,#3264,#3265,#3266,#3267,#3268,#3269,#3270,
#3271,#3272,#3273,#3274,#3275,#3276,#3277),.UNSPECIFIED.,.F.,.F.,(4,3,3,3,3,3,3,3,3,3,3,3,3,3,3,3,3,3,3,4),(0.395432121,0.398519799,0.401607478,0.407782834,0.409326673,0.410870512,0.413958191,0.417045869,0.418589708,0.420133547,0.426308904,0.43248426,0.435571938,0.438659617,0.444834973,0.457185686,0.463361043,0.469536399,0.481887112,0.494237825),.UNSPECIFIED.);
#3279=EDGE_CURVE('',#2620,#3212,#3278,.T.);
#3280=ORIENTED_EDGE('',*,*,#3279,.F.);
#3281=EDGE_LOOP('',(#2629,#2638,#2647,#2656,#2665,#2673,#2681,#2689,#2697,#2706,#2715,#2724,#2787,#2796,#2841,#2849,#2894,#2903,#2963,#2972,#2981,#2990,#2999,#3007,#3016,#3025,
#3034,#3043,#3103,#3112,#3157,#3165,#3210,#3219,#3280));
#3282=FACE_BOUND('',#3281,.T.);
#3283=CARTESIAN_POINT('',(-22.997690513,111.016272433,5.));
#3284=VERTEX_POINT('',#3283);
#3285=CARTESIAN_POINT('',(-22.997690512,77.016323752,5.));
#3286=VERTEX_POINT('',#3285);
#3287=CARTESIAN_POINT('',(-22.997690512,111.016272433,5.));
#3288=DIRECTION('',(0.,-1.,0.));
#3289=VECTOR('',#3288,33.999948681);
#3290=LINE('',#3287,#3289);
#3291=EDGE_CURVE('',#3284,#3286,#3290,.T.);
#3292=ORIENTED_EDGE('',*,*,#3291,.F.);
#3293=CARTESIAN_POINT('',(-22.974403561,111.016271925,5.));
#3294=VERTEX_POINT('',#3293);
#3295=CARTESIAN_POINT('',(-22.997690513,111.016272433,5.));
#3296=DIRECTION('',(1.,-0.000021818,0.));
#3297=VECTOR('',#3296,0.023286952);
#3298=LINE('',#3295,#3297);
#3299=EDGE_CURVE('',#3284,#3294,#3298,.T.);
#3300=ORIENTED_EDGE('',*,*,#3299,.T.);
#3301=CARTESIAN_POINT('',(22.998082973,111.016547716,5.));
#3302=VERTEX_POINT('',#3301);
#3303=CARTESIAN_POINT('',(-22.974403561,111.016271925,5.));
#3304=DIRECTION('',(1.,0.000005999,0.));
#3305=VECTOR('',#3304,45.972486535);
#3306=LINE('',#3303,#3305);
#3307=EDGE_CURVE('',#3294,#3302,#3306,.T.);
#3308=ORIENTED_EDGE('',*,*,#3307,.T.);
#3309=CARTESIAN_POINT('',(22.998414358,77.016547905,5.));
#3310=VERTEX_POINT('',#3309);
#3311=CARTESIAN_POINT('',(22.998082973,111.016547716,5.));
#3312=DIRECTION('',(0.000009747,-1.,0.));
#3313=VECTOR('',#3312,33.999999813);
#3314=LINE('',#3311,#3313);
#3315=EDGE_CURVE('',#3302,#3310,#3314,.T.);
#3316=ORIENTED_EDGE('',*,*,#3315,.T.);
#3317=CARTESIAN_POINT('',(0.000361923,77.016323709,5.));
#3318=VERTEX_POINT('',#3317);
#3319=CARTESIAN_POINT('',(22.998414358,77.016547905,5.));
#3320=DIRECTION('',(-1.,-0.000009748,0.));
#3321=VECTOR('',#3320,22.998052436);
#3322=LINE('',#3319,#3321);
#3323=EDGE_CURVE('',#3310,#3318,#3322,.T.);
#3324=ORIENTED_EDGE('',*,*,#3323,.T.);
#3325=CARTESIAN_POINT('',(-22.997690512,77.016323752,5.));
#3326=DIRECTION('',(1.,-0.000000002,0.));
#3327=VECTOR('',#3326,22.998052436);
#3328=LINE('',#3325,#3327);
#3329=EDGE_CURVE('',#3286,#3318,#3328,.T.);
#3330=ORIENTED_EDGE('',*,*,#3329,.F.);
#3331=EDGE_LOOP('',(#3292,#3300,#3308,#3316,#3324,#3330));
#3332=FACE_BOUND('',#3331,.T.);
#3333=CARTESIAN_POINT('',(-58.704008292,68.756442852,5.));
#3334=VERTEX_POINT('',#3333);
#3335=CARTESIAN_POINT('',(-58.704008292,66.167403455,5.));
#3336=VERTEX_POINT('',#3335);
#3337=CARTESIAN_POINT('',(-55.997678905,67.461923154,5.));
#3338=DIRECTION('',(0.,0.,1.));
#3339=DIRECTION('',(1.,0.,-0.));
#3340=AXIS2_PLACEMENT_3D('',#3337,#3338,#3339);
#3341=CIRCLE('',#3340,3.);
#3342=EDGE_CURVE('',#3334,#3336,#3341,.T.);
#3343=ORIENTED_EDGE('',*,*,#3342,.F.);
#3344=CARTESIAN_POINT('',(-58.704008292,69.024423154,5.));
#3345=VERTEX_POINT('',#3344);
#3346=CARTESIAN_POINT('',(-58.704008292,69.024423154,5.));
#3347=DIRECTION('',(-0.,-1.,0.));
#3348=VECTOR('',#3347,0.267980301);
#3349=LINE('',#3346,#3348);
#3350=EDGE_CURVE('',#3345,#3334,#3349,.T.);
#3351=ORIENTED_EDGE('',*,*,#3350,.F.);
#3352=CARTESIAN_POINT('',(-58.471930543,69.158413304,5.));
#3353=VERTEX_POINT('',#3352);
#3354=CARTESIAN_POINT('',(-58.471930543,69.158413304,5.));
#3355=DIRECTION('',(-0.866025404,-0.5,0.));
#3356=VECTOR('',#3355,0.267980301);
#3357=LINE('',#3354,#3356);
#3358=EDGE_CURVE('',#3353,#3345,#3357,.T.);
#3359=ORIENTED_EDGE('',*,*,#3358,.F.);
#3360=CARTESIAN_POINT('',(-56.229756654,70.452933003,5.));
#3361=VERTEX_POINT('',#3360);
#3362=CARTESIAN_POINT('',(-55.997678905,67.461923154,5.));
#3363=DIRECTION('',(0.,0.,1.));
#3364=DIRECTION('',(1.,0.,-0.));
#3365=AXIS2_PLACEMENT_3D('',#3362,#3363,#3364);
#3366=CIRCLE('',#3365,3.);
#3367=EDGE_CURVE('',#3361,#3353,#3366,.T.);
#3368=ORIENTED_EDGE('',*,*,#3367,.F.);
#3369=CARTESIAN_POINT('',(-55.997678905,70.586923154,5.));
#3370=VERTEX_POINT('',#3369);
#3371=CARTESIAN_POINT('',(-55.997678905,70.586923154,5.));
#3372=DIRECTION('',(-0.866025404,-0.5,0.));
#3373=VECTOR('',#3372,0.267980301);
#3374=LINE('',#3371,#3373);
#3375=EDGE_CURVE('',#3370,#3361,#3374,.T.);
#3376=ORIENTED_EDGE('',*,*,#3375,.F.);
#3377=CARTESIAN_POINT('',(-55.765601157,70.452933003,5.));
#3378=VERTEX_POINT('',#3377);
#3379=CARTESIAN_POINT('',(-55.765601157,70.452933003,5.));
#3380=DIRECTION('',(-0.866025404,0.5,0.));
#3381=VECTOR('',#3380,0.267980301);
#3382=LINE('',#3379,#3381);
#3383=EDGE_CURVE('',#3378,#3370,#3382,.T.);
#3384=ORIENTED_EDGE('',*,*,#3383,.F.);
#3385=CARTESIAN_POINT('',(-53.523427267,69.158413304,5.));
#3386=VERTEX_POINT('',#3385);
#3387=CARTESIAN_POINT('',(-55.997678905,67.461923154,5.));
#3388=DIRECTION('',(0.,0.,1.));
#3389=DIRECTION('',(1.,0.,-0.));
#3390=AXIS2_PLACEMENT_3D('',#3387,#3388,#3389);
#3391=CIRCLE('',#3390,3.);
#3392=EDGE_CURVE('',#3386,#3378,#3391,.T.);
#3393=ORIENTED_EDGE('',*,*,#3392,.F.);
#3394=CARTESIAN_POINT('',(-53.291349519,69.024423154,5.));
#3395=VERTEX_POINT('',#3394);
#3396=CARTESIAN_POINT('',(-53.291349519,69.024423154,5.));
#3397=DIRECTION('',(-0.866025404,0.5,0.));
#3398=VECTOR('',#3397,0.267980301);
#3399=LINE('',#3396,#3398);
#3400=EDGE_CURVE('',#3395,#3386,#3399,.T.);
#3401=ORIENTED_EDGE('',*,*,#3400,.F.);
#3402=CARTESIAN_POINT('',(-53.291349519,68.756442852,5.));
#3403=VERTEX_POINT('',#3402);
#3404=CARTESIAN_POINT('',(-53.291349519,68.756442852,5.));
#3405=DIRECTION('',(0.,1.,0.));
#3406=VECTOR('',#3405,0.267980301);
#3407=LINE('',#3404,#3406);
#3408=EDGE_CURVE('',#3403,#3395,#3407,.T.);
#3409=ORIENTED_EDGE('',*,*,#3408,.F.);
#3410=CARTESIAN_POINT('',(-52.997678905,67.461923154,5.));
#3411=VERTEX_POINT('',#3410);
#3412=CARTESIAN_POINT('',(-55.997678905,67.461923154,5.));
#3413=DIRECTION('',(0.,0.,1.));
#3414=DIRECTION('',(1.,0.,-0.));
#3415=AXIS2_PLACEMENT_3D('',#3412,#3413,#3414);
#3416=CIRCLE('',#3415,3.);
#3417=EDGE_CURVE('',#3411,#3403,#3416,.T.);
#3418=ORIENTED_EDGE('',*,*,#3417,.F.);
#3419=CARTESIAN_POINT('',(-53.291349519,66.167403455,5.));
#3420=VERTEX_POINT('',#3419);
#3421=CARTESIAN_POINT('',(-55.997678905,67.461923154,5.));
#3422=DIRECTION('',(0.,0.,1.));
#3423=DIRECTION('',(1.,0.,-0.));
#3424=AXIS2_PLACEMENT_3D('',#3421,#3422,#3423);
#3425=CIRCLE('',#3424,3.);
#3426=EDGE_CURVE('',#3420,#3411,#3425,.T.);
#3427=ORIENTED_EDGE('',*,*,#3426,.F.);
#3428=CARTESIAN_POINT('',(-53.291349519,65.899423154,5.));
#3429=VERTEX_POINT('',#3428);
#3430=CARTESIAN_POINT('',(-53.291349519,65.899423154,5.));
#3431=DIRECTION('',(0.,1.,0.));
#3432=VECTOR('',#3431,0.267980301);
#3433=LINE('',#3430,#3432);
#3434=EDGE_CURVE('',#3429,#3420,#3433,.T.);
#3435=ORIENTED_EDGE('',*,*,#3434,.F.);
#3436=CARTESIAN_POINT('',(-53.523427267,65.765433003,5.));
#3437=VERTEX_POINT('',#3436);
#3438=CARTESIAN_POINT('',(-53.523427267,65.765433003,5.));
#3439=DIRECTION('',(0.866025404,0.5,0.));
#3440=VECTOR('',#3439,0.267980301);
#3441=LINE('',#3438,#3440);
#3442=EDGE_CURVE('',#3437,#3429,#3441,.T.);
#3443=ORIENTED_EDGE('',*,*,#3442,.F.);
#3444=CARTESIAN_POINT('',(-55.765601157,64.470913304,5.));
#3445=VERTEX_POINT('',#3444);
#3446=CARTESIAN_POINT('',(-55.997678905,67.461923154,5.));
#3447=DIRECTION('',(0.,0.,1.));
#3448=DIRECTION('',(1.,0.,-0.));
#3449=AXIS2_PLACEMENT_3D('',#3446,#3447,#3448);
#3450=CIRCLE('',#3449,3.);
#3451=EDGE_CURVE('',#3445,#3437,#3450,.T.);
#3452=ORIENTED_EDGE('',*,*,#3451,.F.);
#3453=CARTESIAN_POINT('',(-55.997678905,64.336923154,5.));
#3454=VERTEX_POINT('',#3453);
#3455=CARTESIAN_POINT('',(-55.997678905,64.336923154,5.));
#3456=DIRECTION('',(0.866025404,0.5,0.));
#3457=VECTOR('',#3456,0.267980301);
#3458=LINE('',#3455,#3457);
#3459=EDGE_CURVE('',#3454,#3445,#3458,.T.);
#3460=ORIENTED_EDGE('',*,*,#3459,.F.);
#3461=CARTESIAN_POINT('',(-56.229756654,64.470913304,5.));
#3462=VERTEX_POINT('',#3461);
#3463=CARTESIAN_POINT('',(-56.229756654,64.470913304,5.));
#3464=DIRECTION('',(0.866025404,-0.5,0.));
#3465=VECTOR('',#3464,0.267980301);
#3466=LINE('',#3463,#3465);
#3467=EDGE_CURVE('',#3462,#3454,#3466,.T.);
#3468=ORIENTED_EDGE('',*,*,#3467,.F.);
#3469=CARTESIAN_POINT('',(-58.471930543,65.765433003,5.));
#3470=VERTEX_POINT('',#3469);
#3471=CARTESIAN_POINT('',(-55.997678905,67.461923154,5.));
#3472=DIRECTION('',(0.,0.,1.));
#3473=DIRECTION('',(1.,0.,-0.));
#3474=AXIS2_PLACEMENT_3D('',#3471,#3472,#3473);
#3475=CIRCLE('',#3474,3.);
#3476=EDGE_CURVE('',#3470,#3462,#3475,.T.);
#3477=ORIENTED_EDGE('',*,*,#3476,.F.);
#3478=CARTESIAN_POINT('',(-58.704008292,65.899423154,5.));
#3479=VERTEX_POINT('',#3478);
#3480=CARTESIAN_POINT('',(-58.704008292,65.899423154,5.));
#3481=DIRECTION('',(0.866025404,-0.5,0.));
#3482=VECTOR('',#3481,0.267980301);
#3483=LINE('',#3480,#3482);
#3484=EDGE_CURVE('',#3479,#3470,#3483,.T.);
#3485=ORIENTED_EDGE('',*,*,#3484,.F.);
#3486=CARTESIAN_POINT('',(-58.704008292,66.167403455,5.));
#3487=DIRECTION('',(-0.,-1.,0.));
#3488=VECTOR('',#3487,0.267980301);
#3489=LINE('',#3486,#3488);
#3490=EDGE_CURVE('',#3336,#3479,#3489,.T.);
#3491=ORIENTED_EDGE('',*,*,#3490,.F.);
#3492=EDGE_LOOP('',(#3343,#3351,#3359,#3368,#3376,#3384,#3393,#3401,#3409,#3418,#3427,#3435,#3443,#3452,#3460,#3468,#3477,#3485,#3491));
#3493=FACE_BOUND('',#3492,.T.);
#3494=CARTESIAN_POINT('',(-82.706329387,11.294519699,5.));
#3495=VERTEX_POINT('',#3494);
#3496=CARTESIAN_POINT('',(-82.706329387,8.705480301,5.));
#3497=VERTEX_POINT('',#3496);
#3498=CARTESIAN_POINT('',(-80.,10.,5.));
#3499=DIRECTION('',(0.,0.,1.));
#3500=DIRECTION('',(1.,0.,-0.));
#3501=AXIS2_PLACEMENT_3D('',#3498,#3499,#3500);
#3502=CIRCLE('',#3501,3.);
#3503=EDGE_CURVE('',#3495,#3497,#3502,.T.);
#3504=ORIENTED_EDGE('',*,*,#3503,.F.);
#3505=CARTESIAN_POINT('',(-82.706329387,11.5625,5.));
#3506=VERTEX_POINT('',#3505);
#3507=CARTESIAN_POINT('',(-82.706329387,11.5625,5.));
#3508=DIRECTION('',(0.,-1.,0.));
#3509=VECTOR('',#3508,0.267980301);
#3510=LINE('',#3507,#3509);
#3511=EDGE_CURVE('',#3506,#3495,#3510,.T.);
#3512=ORIENTED_EDGE('',*,*,#3511,.F.);
#3513=CARTESIAN_POINT('',(-82.474251638,11.696490151,5.));
#3514=VERTEX_POINT('',#3513);
#3515=CARTESIAN_POINT('',(-82.474251638,11.696490151,5.));
#3516=DIRECTION('',(-0.866025404,-0.5,0.));
#3517=VECTOR('',#3516,0.267980301);
#3518=LINE('',#3515,#3517);
#3519=EDGE_CURVE('',#3514,#3506,#3518,.T.);
#3520=ORIENTED_EDGE('',*,*,#3519,.F.);
#3521=CARTESIAN_POINT('',(-80.232077749,12.991009849,5.));
#3522=VERTEX_POINT('',#3521);
#3523=CARTESIAN_POINT('',(-80.,10.,5.));
#3524=DIRECTION('',(0.,0.,1.));
#3525=DIRECTION('',(1.,0.,-0.));
#3526=AXIS2_PLACEMENT_3D('',#3523,#3524,#3525);
#3527=CIRCLE('',#3526,3.);
#3528=EDGE_CURVE('',#3522,#3514,#3527,.T.);
#3529=ORIENTED_EDGE('',*,*,#3528,.F.);
#3530=CARTESIAN_POINT('',(-80.,13.125,5.));
#3531=VERTEX_POINT('',#3530);
#3532=CARTESIAN_POINT('',(-80.,13.125,5.));
#3533=DIRECTION('',(-0.866025404,-0.5,0.));
#3534=VECTOR('',#3533,0.267980301);
#3535=LINE('',#3532,#3534);
#3536=EDGE_CURVE('',#3531,#3522,#3535,.T.);
#3537=ORIENTED_EDGE('',*,*,#3536,.F.);
#3538=CARTESIAN_POINT('',(-79.767922251,12.991009849,5.));
#3539=VERTEX_POINT('',#3538);
#3540=CARTESIAN_POINT('',(-79.767922251,12.991009849,5.));
#3541=DIRECTION('',(-0.866025404,0.5,0.));
#3542=VECTOR('',#3541,0.267980301);
#3543=LINE('',#3540,#3542);
#3544=EDGE_CURVE('',#3539,#3531,#3543,.T.);
#3545=ORIENTED_EDGE('',*,*,#3544,.F.);
#3546=CARTESIAN_POINT('',(-77.525748362,11.696490151,5.));
#3547=VERTEX_POINT('',#3546);
#3548=CARTESIAN_POINT('',(-80.,10.,5.));
#3549=DIRECTION('',(0.,0.,1.));
#3550=DIRECTION('',(1.,0.,-0.));
#3551=AXIS2_PLACEMENT_3D('',#3548,#3549,#3550);
#3552=CIRCLE('',#3551,3.);
#3553=EDGE_CURVE('',#3547,#3539,#3552,.T.);
#3554=ORIENTED_EDGE('',*,*,#3553,.F.);
#3555=CARTESIAN_POINT('',(-77.293670613,11.5625,5.));
#3556=VERTEX_POINT('',#3555);
#3557=CARTESIAN_POINT('',(-77.293670613,11.5625,5.));
#3558=DIRECTION('',(-0.866025404,0.5,0.));
#3559=VECTOR('',#3558,0.267980301);
#3560=LINE('',#3557,#3559);
#3561=EDGE_CURVE('',#3556,#3547,#3560,.T.);
#3562=ORIENTED_EDGE('',*,*,#3561,.F.);
#3563=CARTESIAN_POINT('',(-77.293670613,11.294519699,5.));
#3564=VERTEX_POINT('',#3563);
#3565=CARTESIAN_POINT('',(-77.293670613,11.294519699,5.));
#3566=DIRECTION('',(0.,1.,0.));
#3567=VECTOR('',#3566,0.267980301);
#3568=LINE('',#3565,#3567);
#3569=EDGE_CURVE('',#3564,#3556,#3568,.T.);
#3570=ORIENTED_EDGE('',*,*,#3569,.F.);
#3571=CARTESIAN_POINT('',(-77.,10.,5.));
#3572=VERTEX_POINT('',#3571);
#3573=CARTESIAN_POINT('',(-80.,10.,5.));
#3574=DIRECTION('',(0.,0.,1.));
#3575=DIRECTION('',(1.,0.,-0.));
#3576=AXIS2_PLACEMENT_3D('',#3573,#3574,#3575);
#3577=CIRCLE('',#3576,3.);
#3578=EDGE_CURVE('',#3572,#3564,#3577,.T.);
#3579=ORIENTED_EDGE('',*,*,#3578,.F.);
#3580=CARTESIAN_POINT('',(-77.293670613,8.705480301,5.));
#3581=VERTEX_POINT('',#3580);
#3582=CARTESIAN_POINT('',(-80.,10.,5.));
#3583=DIRECTION('',(0.,0.,1.));
#3584=DIRECTION('',(1.,0.,-0.));
#3585=AXIS2_PLACEMENT_3D('',#3582,#3583,#3584);
#3586=CIRCLE('',#3585,3.);
#3587=EDGE_CURVE('',#3581,#3572,#3586,.T.);
#3588=ORIENTED_EDGE('',*,*,#3587,.F.);
#3589=CARTESIAN_POINT('',(-77.293670613,8.4375,5.));
#3590=VERTEX_POINT('',#3589);
#3591=CARTESIAN_POINT('',(-77.293670613,8.4375,5.));
#3592=DIRECTION('',(0.,1.,0.));
#3593=VECTOR('',#3592,0.267980301);
#3594=LINE('',#3591,#3593);
#3595=EDGE_CURVE('',#3590,#3581,#3594,.T.);
#3596=ORIENTED_EDGE('',*,*,#3595,.F.);
#3597=CARTESIAN_POINT('',(-77.525748362,8.303509849,5.));
#3598=VERTEX_POINT('',#3597);
#3599=CARTESIAN_POINT('',(-77.525748362,8.303509849,5.));
#3600=DIRECTION('',(0.866025404,0.5,0.));
#3601=VECTOR('',#3600,0.267980301);
#3602=LINE('',#3599,#3601);
#3603=EDGE_CURVE('',#3598,#3590,#3602,.T.);
#3604=ORIENTED_EDGE('',*,*,#3603,.F.);
#3605=CARTESIAN_POINT('',(-79.767922251,7.008990151,5.));
#3606=VERTEX_POINT('',#3605);
#3607=CARTESIAN_POINT('',(-80.,10.,5.));
#3608=DIRECTION('',(0.,0.,1.));
#3609=DIRECTION('',(1.,0.,-0.));
#3610=AXIS2_PLACEMENT_3D('',#3607,#3608,#3609);
#3611=CIRCLE('',#3610,3.);
#3612=EDGE_CURVE('',#3606,#3598,#3611,.T.);
#3613=ORIENTED_EDGE('',*,*,#3612,.F.);
#3614=CARTESIAN_POINT('',(-80.,6.875,5.));
#3615=VERTEX_POINT('',#3614);
#3616=CARTESIAN_POINT('',(-80.,6.875,5.));
#3617=DIRECTION('',(0.866025404,0.5,0.));
#3618=VECTOR('',#3617,0.267980301);
#3619=LINE('',#3616,#3618);
#3620=EDGE_CURVE('',#3615,#3606,#3619,.T.);
#3621=ORIENTED_EDGE('',*,*,#3620,.F.);
#3622=CARTESIAN_POINT('',(-80.232077749,7.008990151,5.));
#3623=VERTEX_POINT('',#3622);
#3624=CARTESIAN_POINT('',(-80.232077749,7.008990151,5.));
#3625=DIRECTION('',(0.866025404,-0.5,0.));
#3626=VECTOR('',#3625,0.267980301);
#3627=LINE('',#3624,#3626);
#3628=EDGE_CURVE('',#3623,#3615,#3627,.T.);
#3629=ORIENTED_EDGE('',*,*,#3628,.F.);
#3630=CARTESIAN_POINT('',(-82.474251638,8.303509849,5.));
#3631=VERTEX_POINT('',#3630);
#3632=CARTESIAN_POINT('',(-80.,10.,5.));
#3633=DIRECTION('',(0.,0.,1.));
#3634=DIRECTION('',(1.,0.,-0.));
#3635=AXIS2_PLACEMENT_3D('',#3632,#3633,#3634);
#3636=CIRCLE('',#3635,3.);
#3637=EDGE_CURVE('',#3631,#3623,#3636,.T.);
#3638=ORIENTED_EDGE('',*,*,#3637,.F.);
#3639=CARTESIAN_POINT('',(-82.706329387,8.4375,5.));
#3640=VERTEX_POINT('',#3639);
#3641=CARTESIAN_POINT('',(-82.706329387,8.4375,5.));
#3642=DIRECTION('',(0.866025404,-0.5,0.));
#3643=VECTOR('',#3642,0.267980301);
#3644=LINE('',#3641,#3643);
#3645=EDGE_CURVE('',#3640,#3631,#3644,.T.);
#3646=ORIENTED_EDGE('',*,*,#3645,.F.);
#3647=CARTESIAN_POINT('',(-82.706329387,8.705480301,5.));
#3648=DIRECTION('',(0.,-1.,0.));
#3649=VECTOR('',#3648,0.267980301);
#3650=LINE('',#3647,#3649);
#3651=EDGE_CURVE('',#3497,#3640,#3650,.T.);
#3652=ORIENTED_EDGE('',*,*,#3651,.F.);
#3653=EDGE_LOOP('',(#3504,#3512,#3520,#3529,#3537,#3545,#3554,#3562,#3570,#3579,#3588,#3596,#3604,#3613,#3621,#3629,#3638,#3646,#3652));
#3654=FACE_BOUND('',#3653,.T.);
#3655=CARTESIAN_POINT('',(79.769208888,12.991787323,5.));
#3656=VERTEX_POINT('',#3655);
#3657=CARTESIAN_POINT('',(77.527047616,11.697245771,5.));
#3658=VERTEX_POINT('',#3657);
#3659=CARTESIAN_POINT('',(80.001315789,10.000779736,5.));
#3660=DIRECTION('',(0.,0.,1.));
#3661=DIRECTION('',(1.,0.,-0.));
#3662=AXIS2_PLACEMENT_3D('',#3659,#3660,#3661);
#3663=CIRCLE('',#3662,3.);
#3664=EDGE_CURVE('',#3656,#3658,#3663,.T.);
#3665=ORIENTED_EDGE('',*,*,#3664,.F.);
#3666=CARTESIAN_POINT('',(80.001285331,13.125779736,5.));
#3667=VERTEX_POINT('',#3666);
#3668=CARTESIAN_POINT('',(79.769208888,12.991787323,5.));
#3669=DIRECTION('',(0.86602053,0.500008441,0.));
#3670=VECTOR('',#3669,0.267980301);
#3671=LINE('',#3668,#3670);
#3672=EDGE_CURVE('',#3656,#3667,#3671,.T.);
#3673=ORIENTED_EDGE('',*,*,#3672,.T.);
#3674=CARTESIAN_POINT('',(80.233364386,12.991791847,5.));
#3675=VERTEX_POINT('',#3674);
#3676=CARTESIAN_POINT('',(80.001285331,13.125779736,5.));
#3677=DIRECTION('',(0.866030277,-0.499991559,0.));
#3678=VECTOR('',#3677,0.267980301);
#3679=LINE('',#3676,#3678);
#3680=EDGE_CURVE('',#3667,#3675,#3679,.T.);
#3681=ORIENTED_EDGE('',*,*,#3680,.T.);
#3682=CARTESIAN_POINT('',(82.475550892,11.697294002,5.));
#3683=VERTEX_POINT('',#3682);
#3684=CARTESIAN_POINT('',(80.001315789,10.000779736,5.));
#3685=DIRECTION('',(0.,0.,1.));
#3686=DIRECTION('',(1.,0.,-0.));
#3687=AXIS2_PLACEMENT_3D('',#3684,#3685,#3686);
#3688=CIRCLE('',#3687,3.);
#3689=EDGE_CURVE('',#3683,#3675,#3688,.T.);
#3690=ORIENTED_EDGE('',*,*,#3689,.F.);
#3691=CARTESIAN_POINT('',(82.707629947,11.563306113,5.));
#3692=VERTEX_POINT('',#3691);
#3693=CARTESIAN_POINT('',(82.475550892,11.697294002,5.));
#3694=DIRECTION('',(0.866030277,-0.499991559,0.));
#3695=VECTOR('',#3694,0.267980301);
#3696=LINE('',#3693,#3695);
#3697=EDGE_CURVE('',#3683,#3692,#3696,.T.);
#3698=ORIENTED_EDGE('',*,*,#3697,.T.);
#3699=CARTESIAN_POINT('',(82.707632559,11.295325812,5.));
#3700=VERTEX_POINT('',#3699);
#3701=CARTESIAN_POINT('',(82.707629947,11.563306113,5.));
#3702=DIRECTION('',(0.000009747,-1.,0.));
#3703=VECTOR('',#3702,0.267980301);
#3704=LINE('',#3701,#3703);
#3705=EDGE_CURVE('',#3692,#3700,#3704,.T.);
#3706=ORIENTED_EDGE('',*,*,#3705,.T.);
#3707=CARTESIAN_POINT('',(83.001315789,10.000779736,5.));
#3708=VERTEX_POINT('',#3707);
#3709=CARTESIAN_POINT('',(80.001315789,10.000779736,5.));
#3710=DIRECTION('',(0.,0.,1.));
#3711=DIRECTION('',(1.,0.,-0.));
#3712=AXIS2_PLACEMENT_3D('',#3709,#3710,#3711);
#3713=CIRCLE('',#3712,3.);
#3714=EDGE_CURVE('',#3708,#3700,#3713,.T.);
#3715=ORIENTED_EDGE('',*,*,#3714,.F.);
#3716=CARTESIAN_POINT('',(82.707657793,8.706286415,5.));
#3717=VERTEX_POINT('',#3716);
#3718=CARTESIAN_POINT('',(80.001315789,10.000779736,5.));
#3719=DIRECTION('',(0.,0.,1.));
#3720=DIRECTION('',(1.,0.,-0.));
#3721=AXIS2_PLACEMENT_3D('',#3718,#3719,#3720);
#3722=CIRCLE('',#3721,3.);
#3723=EDGE_CURVE('',#3717,#3708,#3722,.T.);
#3724=ORIENTED_EDGE('',*,*,#3723,.F.);
#3725=CARTESIAN_POINT('',(82.707660405,8.438306113,5.));
#3726=VERTEX_POINT('',#3725);
#3727=CARTESIAN_POINT('',(82.707657793,8.706286415,5.));
#3728=DIRECTION('',(0.000009747,-1.,0.));
#3729=VECTOR('',#3728,0.267980301);
#3730=LINE('',#3727,#3729);
#3731=EDGE_CURVE('',#3717,#3726,#3730,.T.);
#3732=ORIENTED_EDGE('',*,*,#3731,.T.);
#3733=CARTESIAN_POINT('',(82.475583962,8.304313701,5.));
#3734=VERTEX_POINT('',#3733);
#3735=CARTESIAN_POINT('',(82.707660405,8.438306113,5.));
#3736=DIRECTION('',(-0.86602053,-0.500008441,0.));
#3737=VECTOR('',#3736,0.267980301);
#3738=LINE('',#3735,#3737);
#3739=EDGE_CURVE('',#3726,#3734,#3738,.T.);
#3740=ORIENTED_EDGE('',*,*,#3739,.T.);
#3741=CARTESIAN_POINT('',(80.23342269,7.009772149,5.));
#3742=VERTEX_POINT('',#3741);
#3743=CARTESIAN_POINT('',(80.001315789,10.000779736,5.));
#3744=DIRECTION('',(0.,0.,1.));
#3745=DIRECTION('',(1.,0.,-0.));
#3746=AXIS2_PLACEMENT_3D('',#3743,#3744,#3745);
#3747=CIRCLE('',#3746,3.);
#3748=EDGE_CURVE('',#3742,#3734,#3747,.T.);
#3749=ORIENTED_EDGE('',*,*,#3748,.F.);
#3750=CARTESIAN_POINT('',(80.001346248,6.875779736,5.));
#3751=VERTEX_POINT('',#3750);
#3752=CARTESIAN_POINT('',(80.23342269,7.009772149,5.));
#3753=DIRECTION('',(-0.86602053,-0.500008441,0.));
#3754=VECTOR('',#3753,0.267980301);
#3755=LINE('',#3752,#3754);
#3756=EDGE_CURVE('',#3742,#3751,#3755,.T.);
#3757=ORIENTED_EDGE('',*,*,#3756,.T.);
#3758=CARTESIAN_POINT('',(79.769267193,7.009767625,5.));
#3759=VERTEX_POINT('',#3758);
#3760=CARTESIAN_POINT('',(80.001346248,6.875779736,5.));
#3761=DIRECTION('',(-0.866030277,0.499991559,0.));
#3762=VECTOR('',#3761,0.267980301);
#3763=LINE('',#3760,#3762);
#3764=EDGE_CURVE('',#3751,#3759,#3763,.T.);
#3765=ORIENTED_EDGE('',*,*,#3764,.T.);
#3766=CARTESIAN_POINT('',(77.527080687,8.30426547,5.));
#3767=VERTEX_POINT('',#3766);
#3768=CARTESIAN_POINT('',(80.001315789,10.000779736,5.));
#3769=DIRECTION('',(0.,0.,1.));
#3770=DIRECTION('',(1.,0.,-0.));
#3771=AXIS2_PLACEMENT_3D('',#3768,#3769,#3770);
#3772=CIRCLE('',#3771,3.);
#3773=EDGE_CURVE('',#3767,#3759,#3772,.T.);
#3774=ORIENTED_EDGE('',*,*,#3773,.F.);
#3775=CARTESIAN_POINT('',(77.295001632,8.438253358,5.));
#3776=VERTEX_POINT('',#3775);
#3777=CARTESIAN_POINT('',(77.527080687,8.30426547,5.));
#3778=DIRECTION('',(-0.866030277,0.499991559,0.));
#3779=VECTOR('',#3778,0.267980301);
#3780=LINE('',#3777,#3779);
#3781=EDGE_CURVE('',#3767,#3776,#3780,.T.);
#3782=ORIENTED_EDGE('',*,*,#3781,.T.);
#3783=CARTESIAN_POINT('',(77.29499902,8.70623366,5.));
#3784=VERTEX_POINT('',#3783);
#3785=CARTESIAN_POINT('',(77.295001632,8.438253358,5.));
#3786=DIRECTION('',(-0.000009747,1.,0.));
#3787=VECTOR('',#3786,0.267980301);
#3788=LINE('',#3785,#3787);
#3789=EDGE_CURVE('',#3776,#3784,#3788,.T.);
#3790=ORIENTED_EDGE('',*,*,#3789,.T.);
#3791=CARTESIAN_POINT('',(77.294973786,11.295273057,5.));
#3792=VERTEX_POINT('',#3791);
#3793=CARTESIAN_POINT('',(80.001315789,10.000779736,5.));
#3794=DIRECTION('',(0.,0.,1.));
#3795=DIRECTION('',(1.,0.,-0.));
#3796=AXIS2_PLACEMENT_3D('',#3793,#3794,#3795);
#3797=CIRCLE('',#3796,3.);
#3798=EDGE_CURVE('',#3792,#3784,#3797,.T.);
#3799=ORIENTED_EDGE('',*,*,#3798,.F.);
#3800=CARTESIAN_POINT('',(77.294971174,11.563253358,5.));
#3801=VERTEX_POINT('',#3800);
#3802=CARTESIAN_POINT('',(77.294973786,11.295273057,5.));
#3803=DIRECTION('',(-0.000009747,1.,0.));
#3804=VECTOR('',#3803,0.267980301);
#3805=LINE('',#3802,#3804);
#3806=EDGE_CURVE('',#3792,#3801,#3805,.T.);
#3807=ORIENTED_EDGE('',*,*,#3806,.T.);
#3808=CARTESIAN_POINT('',(77.294971174,11.563253358,5.));
#3809=DIRECTION('',(0.86602053,0.500008441,0.));
#3810=VECTOR('',#3809,0.267980301);
#3811=LINE('',#3808,#3810);
#3812=EDGE_CURVE('',#3801,#3658,#3811,.T.);
#3813=ORIENTED_EDGE('',*,*,#3812,.T.);
#3814=EDGE_LOOP('',(#3665,#3673,#3681,#3690,#3698,#3706,#3715,#3724,#3732,#3740,#3749,#3757,#3765,#3774,#3782,#3790,#3799,#3807,#3813));
#3815=FACE_BOUND('',#3814,.T.);
#3816=CARTESIAN_POINT('',(55.766327736,70.453476533,5.));
#3817=VERTEX_POINT('',#3816);
#3818=CARTESIAN_POINT('',(53.524166464,69.15893498,5.));
#3819=VERTEX_POINT('',#3818);
#3820=CARTESIAN_POINT('',(55.998434637,67.462468945,5.));
#3821=DIRECTION('',(0.,0.,1.));
#3822=DIRECTION('',(1.,0.,-0.));
#3823=AXIS2_PLACEMENT_3D('',#3820,#3821,#3822);
#3824=CIRCLE('',#3823,3.);
#3825=EDGE_CURVE('',#3817,#3819,#3824,.T.);
#3826=ORIENTED_EDGE('',*,*,#3825,.F.);
#3827=CARTESIAN_POINT('',(55.998404178,70.587468945,5.));
#3828=VERTEX_POINT('',#3827);
#3829=CARTESIAN_POINT('',(55.766327736,70.453476533,5.));
#3830=DIRECTION('',(0.86602053,0.500008441,0.));
#3831=VECTOR('',#3830,0.267980301);
#3832=LINE('',#3829,#3831);
#3833=EDGE_CURVE('',#3817,#3828,#3832,.T.);
#3834=ORIENTED_EDGE('',*,*,#3833,.T.);
#3835=CARTESIAN_POINT('',(56.230483233,70.453481056,5.));
#3836=VERTEX_POINT('',#3835);
#3837=CARTESIAN_POINT('',(55.998404178,70.587468945,5.));
#3838=DIRECTION('',(0.866030277,-0.499991559,0.));
#3839=VECTOR('',#3838,0.267980301);
#3840=LINE('',#3837,#3839);
#3841=EDGE_CURVE('',#3828,#3836,#3840,.T.);
#3842=ORIENTED_EDGE('',*,*,#3841,.T.);
#3843=CARTESIAN_POINT('',(58.47266974,69.158983212,5.));
#3844=VERTEX_POINT('',#3843);
#3845=CARTESIAN_POINT('',(55.998434637,67.462468945,5.));
#3846=DIRECTION('',(0.,0.,1.));
#3847=DIRECTION('',(1.,0.,-0.));
#3848=AXIS2_PLACEMENT_3D('',#3845,#3846,#3847);
#3849=CIRCLE('',#3848,3.);
#3850=EDGE_CURVE('',#3844,#3836,#3849,.T.);
#3851=ORIENTED_EDGE('',*,*,#3850,.F.);
#3852=CARTESIAN_POINT('',(58.704748794,69.024995323,5.));
#3853=VERTEX_POINT('',#3852);
#3854=CARTESIAN_POINT('',(58.47266974,69.158983212,5.));
#3855=DIRECTION('',(0.866030277,-0.499991559,0.));
#3856=VECTOR('',#3855,0.267980301);
#3857=LINE('',#3854,#3856);
#3858=EDGE_CURVE('',#3844,#3853,#3857,.T.);
#3859=ORIENTED_EDGE('',*,*,#3858,.T.);
#3860=CARTESIAN_POINT('',(58.704751406,68.757015021,5.));
#3861=VERTEX_POINT('',#3860);
#3862=CARTESIAN_POINT('',(58.704748794,69.024995323,5.));
#3863=DIRECTION('',(0.000009747,-1.,0.));
#3864=VECTOR('',#3863,0.267980301);
#3865=LINE('',#3862,#3864);
#3866=EDGE_CURVE('',#3853,#3861,#3865,.T.);
#3867=ORIENTED_EDGE('',*,*,#3866,.T.);
#3868=CARTESIAN_POINT('',(58.998434637,67.462468945,5.));
#3869=VERTEX_POINT('',#3868);
#3870=CARTESIAN_POINT('',(55.998434637,67.462468945,5.));
#3871=DIRECTION('',(0.,0.,1.));
#3872=DIRECTION('',(1.,0.,-0.));
#3873=AXIS2_PLACEMENT_3D('',#3870,#3871,#3872);
#3874=CIRCLE('',#3873,3.);
#3875=EDGE_CURVE('',#3869,#3861,#3874,.T.);
#3876=ORIENTED_EDGE('',*,*,#3875,.F.);
#3877=CARTESIAN_POINT('',(58.704776641,66.167975624,5.));
#3878=VERTEX_POINT('',#3877);
#3879=CARTESIAN_POINT('',(55.998434637,67.462468945,5.));
#3880=DIRECTION('',(0.,0.,1.));
#3881=DIRECTION('',(1.,0.,-0.));
#3882=AXIS2_PLACEMENT_3D('',#3879,#3880,#3881);
#3883=CIRCLE('',#3882,3.);
#3884=EDGE_CURVE('',#3878,#3869,#3883,.T.);
#3885=ORIENTED_EDGE('',*,*,#3884,.F.);
#3886=CARTESIAN_POINT('',(58.704779252,65.899995323,5.));
#3887=VERTEX_POINT('',#3886);
#3888=CARTESIAN_POINT('',(58.704776641,66.167975624,5.));
#3889=DIRECTION('',(0.000009747,-1.,0.));
#3890=VECTOR('',#3889,0.267980301);
#3891=LINE('',#3888,#3890);
#3892=EDGE_CURVE('',#3878,#3887,#3891,.T.);
#3893=ORIENTED_EDGE('',*,*,#3892,.T.);
#3894=CARTESIAN_POINT('',(58.47270281,65.76600291,5.));
#3895=VERTEX_POINT('',#3894);
#3896=CARTESIAN_POINT('',(58.704779252,65.899995323,5.));
#3897=DIRECTION('',(-0.86602053,-0.500008441,0.));
#3898=VECTOR('',#3897,0.267980301);
#3899=LINE('',#3896,#3898);
#3900=EDGE_CURVE('',#3887,#3895,#3899,.T.);
#3901=ORIENTED_EDGE('',*,*,#3900,.T.);
#3902=CARTESIAN_POINT('',(56.230541538,64.471461358,5.));
#3903=VERTEX_POINT('',#3902);
#3904=CARTESIAN_POINT('',(55.998434637,67.462468945,5.));
#3905=DIRECTION('',(0.,0.,1.));
#3906=DIRECTION('',(1.,0.,-0.));
#3907=AXIS2_PLACEMENT_3D('',#3904,#3905,#3906);
#3908=CIRCLE('',#3907,3.);
#3909=EDGE_CURVE('',#3903,#3895,#3908,.T.);
#3910=ORIENTED_EDGE('',*,*,#3909,.F.);
#3911=CARTESIAN_POINT('',(55.998465095,64.337468945,5.));
#3912=VERTEX_POINT('',#3911);
#3913=CARTESIAN_POINT('',(56.230541538,64.471461358,5.));
#3914=DIRECTION('',(-0.86602053,-0.500008441,0.));
#3915=VECTOR('',#3914,0.267980301);
#3916=LINE('',#3913,#3915);
#3917=EDGE_CURVE('',#3903,#3912,#3916,.T.);
#3918=ORIENTED_EDGE('',*,*,#3917,.T.);
#3919=CARTESIAN_POINT('',(55.76638604,64.471456834,5.));
#3920=VERTEX_POINT('',#3919);
#3921=CARTESIAN_POINT('',(55.998465095,64.337468945,5.));
#3922=DIRECTION('',(-0.866030277,0.499991559,0.));
#3923=VECTOR('',#3922,0.267980301);
#3924=LINE('',#3921,#3923);
#3925=EDGE_CURVE('',#3912,#3920,#3924,.T.);
#3926=ORIENTED_EDGE('',*,*,#3925,.T.);
#3927=CARTESIAN_POINT('',(53.524199534,65.765954679,5.));
#3928=VERTEX_POINT('',#3927);
#3929=CARTESIAN_POINT('',(55.998434637,67.462468945,5.));
#3930=DIRECTION('',(0.,0.,1.));
#3931=DIRECTION('',(1.,0.,-0.));
#3932=AXIS2_PLACEMENT_3D('',#3929,#3930,#3931);
#3933=CIRCLE('',#3932,3.);
#3934=EDGE_CURVE('',#3928,#3920,#3933,.T.);
#3935=ORIENTED_EDGE('',*,*,#3934,.F.);
#3936=CARTESIAN_POINT('',(53.292120479,65.899942568,5.));
#3937=VERTEX_POINT('',#3936);
#3938=CARTESIAN_POINT('',(53.524199534,65.765954679,5.));
#3939=DIRECTION('',(-0.866030277,0.499991559,0.));
#3940=VECTOR('',#3939,0.267980301);
#3941=LINE('',#3938,#3940);
#3942=EDGE_CURVE('',#3928,#3937,#3941,.T.);
#3943=ORIENTED_EDGE('',*,*,#3942,.T.);
#3944=CARTESIAN_POINT('',(53.292117867,66.167922869,5.));
#3945=VERTEX_POINT('',#3944);
#3946=CARTESIAN_POINT('',(53.292120479,65.899942568,5.));
#3947=DIRECTION('',(-0.000009747,1.,0.));
#3948=VECTOR('',#3947,0.267980301);
#3949=LINE('',#3946,#3948);
#3950=EDGE_CURVE('',#3937,#3945,#3949,.T.);
#3951=ORIENTED_EDGE('',*,*,#3950,.T.);
#3952=CARTESIAN_POINT('',(53.292092633,68.756962266,5.));
#3953=VERTEX_POINT('',#3952);
#3954=CARTESIAN_POINT('',(55.998434637,67.462468945,5.));
#3955=DIRECTION('',(0.,0.,1.));
#3956=DIRECTION('',(1.,0.,-0.));
#3957=AXIS2_PLACEMENT_3D('',#3954,#3955,#3956);
#3958=CIRCLE('',#3957,3.);
#3959=EDGE_CURVE('',#3953,#3945,#3958,.T.);
#3960=ORIENTED_EDGE('',*,*,#3959,.F.);
#3961=CARTESIAN_POINT('',(53.292090021,69.024942568,5.));
#3962=VERTEX_POINT('',#3961);
#3963=CARTESIAN_POINT('',(53.292092633,68.756962266,5.));
#3964=DIRECTION('',(-0.000009747,1.,0.));
#3965=VECTOR('',#3964,0.267980301);
#3966=LINE('',#3963,#3965);
#3967=EDGE_CURVE('',#3953,#3962,#3966,.T.);
#3968=ORIENTED_EDGE('',*,*,#3967,.T.);
#3969=CARTESIAN_POINT('',(53.292090021,69.024942568,5.));
#3970=DIRECTION('',(0.86602053,0.500008441,0.));
#3971=VECTOR('',#3970,0.267980301);
#3972=LINE('',#3969,#3971);
#3973=EDGE_CURVE('',#3962,#3819,#3972,.T.);
#3974=ORIENTED_EDGE('',*,*,#3973,.T.);
#3975=EDGE_LOOP('',(#3826,#3834,#3842,#3851,#3859,#3867,#3876,#3885,#3893,#3901,#3910,#3918,#3926,#3935,#3943,#3951,#3960,#3968,#3974));
#3976=FACE_BOUND('',#3975,.T.);
#3977=CARTESIAN_POINT('',(-19.5,58.5,5.));
#3978=VERTEX_POINT('',#3977);
#3979=CARTESIAN_POINT('',(-31.,58.5,5.));
#3980=DIRECTION('',(0.,0.,1.));
#3981=DIRECTION('',(1.,0.,-0.));
#3982=AXIS2_PLACEMENT_3D('',#3979,#3980,#3981);
#3983=CIRCLE('',#3982,11.5);
#3984=EDGE_CURVE('',#3978,#3978,#3983,.T.);
#3985=ORIENTED_EDGE('',*,*,#3984,.F.);
#3986=EDGE_LOOP('',(#3985));
#3987=FACE_BOUND('',#3986,.T.);
#3988=CARTESIAN_POINT('',(42.500940547,58.50030215,5.));
#3989=VERTEX_POINT('',#3988);
#3990=CARTESIAN_POINT('',(31.000940547,58.50030215,5.));
#3991=DIRECTION('',(0.,0.,1.));
#3992=DIRECTION('',(1.,0.,-0.));
#3993=AXIS2_PLACEMENT_3D('',#3990,#3991,#3992);
#3994=CIRCLE('',#3993,11.5);
#3995=EDGE_CURVE('',#3989,#3989,#3994,.T.);
#3996=ORIENTED_EDGE('',*,*,#3995,.F.);
#3997=EDGE_LOOP('',(#3996));
#3998=FACE_BOUND('',#3997,.T.);
#3999=ADVANCED_FACE('',(#3282,#3332,#3493,#3654,#3815,#3976,#3987,#3998),#2618,.T.);
#4000=CARTESIAN_POINT('',(-28.5078125,72.130422437,0.));
#4001=DIRECTION('',(-1.,0.,0.));
#4002=DIRECTION('',(0.,0.,1.));
#4003=AXIS2_PLACEMENT_3D('',#4000,#4001,#4002);
#4004=PLANE('',#4003);
#4005=CARTESIAN_POINT('',(-28.5078125,69.726709289,3.263628269));
#4006=VERTEX_POINT('',#4005);
#4007=CARTESIAN_POINT('',(-28.5078125,69.726709289,3.263628269));
#4008=DIRECTION('',(-0.,-0.,-1.));
#4009=VECTOR('',#4008,6.263628269);
#4010=LINE('',#4007,#4009);
#4011=EDGE_CURVE('',#4006,#1211,#4010,.T.);
#4012=ORIENTED_EDGE('',*,*,#4011,.F.);
#4013=CARTESIAN_POINT('',(-28.5078125,74.421543765,3.263628269));
#4014=VERTEX_POINT('',#4013);
#4015=CARTESIAN_POINT('',(-28.5078125,69.726709289,3.263628269));
#4016=DIRECTION('',(0.,1.,0.));
#4017=VECTOR('',#4016,4.694834476);
#4018=LINE('',#4015,#4017);
#4019=EDGE_CURVE('',#4006,#4014,#4018,.T.);
#4020=ORIENTED_EDGE('',*,*,#4019,.T.);
#4021=CARTESIAN_POINT('',(-28.5078125,74.421543765,3.263628269));
#4022=DIRECTION('',(0.,0.,-1.));
#4023=VECTOR('',#4022,6.263628269);
#4024=LINE('',#4021,#4023);
#4025=EDGE_CURVE('',#4014,#1220,#4024,.T.);
#4026=ORIENTED_EDGE('',*,*,#4025,.T.);
#4027=ORIENTED_EDGE('',*,*,#1225,.F.);
#4028=EDGE_LOOP('',(#4012,#4020,#4026,#4027));
#4029=FACE_BOUND('',#4028,.T.);
#4030=ADVANCED_FACE('',(#4029),#4004,.T.);
#4031=CARTESIAN_POINT('',(33.3421875,70.628750467,0.));
#4032=DIRECTION('',(-1.,0.,0.));
#4033=DIRECTION('',(0.,0.,1.));
#4034=AXIS2_PLACEMENT_3D('',#4031,#4032,#4033);
#4035=PLANE('',#4034);
#4036=CARTESIAN_POINT('',(33.3421875,69.759456767,3.263628269));
#4037=VERTEX_POINT('',#4036);
#4038=CARTESIAN_POINT('',(33.3421875,69.759456767,3.263628269));
#4039=DIRECTION('',(-0.,-0.,-1.));
#4040=VECTOR('',#4039,6.263628269);
#4041=LINE('',#4038,#4040);
#4042=EDGE_CURVE('',#4037,#1255,#4041,.T.);
#4043=ORIENTED_EDGE('',*,*,#4042,.F.);
#4044=CARTESIAN_POINT('',(33.3421875,74.421543765,3.263628269));
#4045=VERTEX_POINT('',#4044);
#4046=CARTESIAN_POINT('',(33.3421875,69.759456767,3.263628269));
#4047=DIRECTION('',(0.,1.,0.));
#4048=VECTOR('',#4047,4.662086998);
#4049=LINE('',#4046,#4048);
#4050=EDGE_CURVE('',#4037,#4045,#4049,.T.);
#4051=ORIENTED_EDGE('',*,*,#4050,.T.);
#4052=CARTESIAN_POINT('',(33.3421875,74.421543765,3.263628269));
#4053=DIRECTION('',(0.,0.,-1.));
#4054=VECTOR('',#4053,6.263628269);
#4055=LINE('',#4052,#4054);
#4056=EDGE_CURVE('',#4045,#1264,#4055,.T.);
#4057=ORIENTED_EDGE('',*,*,#4056,.T.);
#4058=ORIENTED_EDGE('',*,*,#1269,.F.);
#4059=EDGE_LOOP('',(#4043,#4051,#4057,#4058));
#4060=FACE_BOUND('',#4059,.T.);
#4061=ADVANCED_FACE('',(#4060),#4035,.T.);
#4062=CARTESIAN_POINT('',(-31.,58.5,-2.));
#4063=DIRECTION('',(0.,0.,1.));
#4064=DIRECTION('',(1.,0.,-0.));
#4065=AXIS2_PLACEMENT_3D('',#4062,#4063,#4064);
#4066=CYLINDRICAL_SURFACE('',#4065,11.5);
#4067=CARTESIAN_POINT('',(-19.5,58.5,5.));
#4068=DIRECTION('',(-0.,-0.,-1.));
#4069=VECTOR('',#4068,8.);
#4070=LINE('',#4067,#4069);
#4071=EDGE_CURVE('',#3978,#1202,#4070,.T.);
#4072=ORIENTED_EDGE('',*,*,#4071,.F.);
#4073=ORIENTED_EDGE('',*,*,#3984,.T.);
#4074=ORIENTED_EDGE('',*,*,#4071,.T.);
#4075=ORIENTED_EDGE('',*,*,#1208,.F.);
#4076=CARTESIAN_POINT('',(-33.5078125,69.723229324,3.263628269));
#4077=VERTEX_POINT('',#4076);
#4078=CARTESIAN_POINT('',(-33.5078125,69.723229324,3.263628269));
#4079=DIRECTION('',(-0.,-0.,-1.));
#4080=VECTOR('',#4079,6.263628269);
#4081=LINE('',#4078,#4080);
#4082=EDGE_CURVE('',#4077,#1200,#4081,.T.);
#4083=ORIENTED_EDGE('',*,*,#4082,.F.);
#4084=CARTESIAN_POINT('',(-31.,58.5,3.263628269));
#4085=DIRECTION('',(-0.,-0.,-1.));
#4086=DIRECTION('',(1.,0.,-0.));
#4087=AXIS2_PLACEMENT_3D('',#4084,#4085,#4086);
#4088=CIRCLE('',#4087,11.5);
#4089=EDGE_CURVE('',#4077,#4006,#4088,.T.);
#4090=ORIENTED_EDGE('',*,*,#4089,.T.);
#4091=ORIENTED_EDGE('',*,*,#4011,.T.);
#4092=ORIENTED_EDGE('',*,*,#1217,.F.);
#4093=EDGE_LOOP('',(#4072,#4073,#4074,#4075,#4083,#4090,#4091,#4092));
#4094=FACE_BOUND('',#4093,.T.);
#4095=ADVANCED_FACE('',(#4094),#4066,.F.);
#4096=CARTESIAN_POINT('',(31.000940547,58.50030215,-2.));
#4097=DIRECTION('',(0.,0.,1.));
#4098=DIRECTION('',(1.,0.,-0.));
#4099=AXIS2_PLACEMENT_3D('',#4096,#4097,#4098);
#4100=CYLINDRICAL_SURFACE('',#4099,11.5);
#4101=CARTESIAN_POINT('',(42.500940547,58.50030215,5.));
#4102=DIRECTION('',(-0.,-0.,-1.));
#4103=VECTOR('',#4102,8.);
#4104=LINE('',#4101,#4103);
#4105=EDGE_CURVE('',#3989,#1246,#4104,.T.);
#4106=ORIENTED_EDGE('',*,*,#4105,.F.);
#4107=ORIENTED_EDGE('',*,*,#3995,.T.);
#4108=ORIENTED_EDGE('',*,*,#4105,.T.);
#4109=ORIENTED_EDGE('',*,*,#1252,.F.);
#4110=CARTESIAN_POINT('',(28.3421875,69.688735116,3.263628269));
#4111=VERTEX_POINT('',#4110);
#4112=CARTESIAN_POINT('',(28.3421875,69.688735116,3.263628269));
#4113=DIRECTION('',(-0.,-0.,-1.));
#4114=VECTOR('',#4113,6.263628269);
#4115=LINE('',#4112,#4114);
#4116=EDGE_CURVE('',#4111,#1244,#4115,.T.);
#4117=ORIENTED_EDGE('',*,*,#4116,.F.);
#4118=CARTESIAN_POINT('',(31.000940547,58.50030215,3.263628269));
#4119=DIRECTION('',(-0.,-0.,-1.));
#4120=DIRECTION('',(1.,0.,-0.));
#4121=AXIS2_PLACEMENT_3D('',#4118,#4119,#4120);
#4122=CIRCLE('',#4121,11.5);
#4123=EDGE_CURVE('',#4111,#4037,#4122,.T.);
#4124=ORIENTED_EDGE('',*,*,#4123,.T.);
#4125=ORIENTED_EDGE('',*,*,#4042,.T.);
#4126=ORIENTED_EDGE('',*,*,#1261,.F.);
#4127=EDGE_LOOP('',(#4106,#4107,#4108,#4109,#4117,#4124,#4125,#4126));
#4128=FACE_BOUND('',#4127,.T.);
#4129=ADVANCED_FACE('',(#4128),#4100,.F.);
#4130=CARTESIAN_POINT('',(55.998434637,67.462468945,-2.));
#4131=DIRECTION('',(0.,0.,1.));
#4132=DIRECTION('',(1.,0.,-0.));
#4133=AXIS2_PLACEMENT_3D('',#4130,#4131,#4132);
#4134=CYLINDRICAL_SURFACE('',#4133,3.);
#4135=CARTESIAN_POINT('',(55.766327736,70.453476533,-3.));
#4136=DIRECTION('',(0.,0.,1.));
#4137=VECTOR('',#4136,8.);
#4138=LINE('',#4135,#4137);
#4139=EDGE_CURVE('',#2589,#3817,#4138,.T.);
#4140=ORIENTED_EDGE('',*,*,#4139,.T.);
#4141=ORIENTED_EDGE('',*,*,#3825,.T.);
#4142=CARTESIAN_POINT('',(53.524166464,69.15893498,-3.));
#4143=DIRECTION('',(0.,0.,1.));
#4144=VECTOR('',#4143,8.);
#4145=LINE('',#4142,#4144);
#4146=EDGE_CURVE('',#2597,#3819,#4145,.T.);
#4147=ORIENTED_EDGE('',*,*,#4146,.F.);
#4148=ORIENTED_EDGE('',*,*,#2603,.F.);
#4149=EDGE_LOOP('',(#4140,#4141,#4147,#4148));
#4150=FACE_BOUND('',#4149,.T.);
#4151=ADVANCED_FACE('',(#4150),#4134,.F.);
#4152=CARTESIAN_POINT('',(55.882365957,70.520472739,-2.));
#4153=DIRECTION('',(0.500008441,-0.86602053,0.));
#4154=DIRECTION('',(0.86602053,0.500008441,0.));
#4155=AXIS2_PLACEMENT_3D('',#4152,#4153,#4154);
#4156=PLANE('',#4155);
#4157=CARTESIAN_POINT('',(55.998404178,70.587468945,-3.));
#4158=DIRECTION('',(0.,0.,1.));
#4159=VECTOR('',#4158,8.);
#4160=LINE('',#4157,#4159);
#4161=EDGE_CURVE('',#2581,#3828,#4160,.T.);
#4162=ORIENTED_EDGE('',*,*,#4161,.T.);
#4163=ORIENTED_EDGE('',*,*,#3833,.F.);
#4164=ORIENTED_EDGE('',*,*,#4139,.F.);
#4165=ORIENTED_EDGE('',*,*,#2594,.T.);
#4166=EDGE_LOOP('',(#4162,#4163,#4164,#4165));
#4167=FACE_BOUND('',#4166,.T.);
#4168=ADVANCED_FACE('',(#4167),#4156,.T.);
#4169=CARTESIAN_POINT('',(56.114443706,70.520475001,-2.));
#4170=DIRECTION('',(-0.499991559,-0.866030277,0.));
#4171=DIRECTION('',(0.866030277,-0.499991559,0.));
#4172=AXIS2_PLACEMENT_3D('',#4169,#4170,#4171);
#4173=PLANE('',#4172);
#4174=CARTESIAN_POINT('',(56.230483233,70.453481056,-3.));
#4175=DIRECTION('',(0.,0.,1.));
#4176=VECTOR('',#4175,8.);
#4177=LINE('',#4174,#4176);
#4178=EDGE_CURVE('',#2572,#3836,#4177,.T.);
#4179=ORIENTED_EDGE('',*,*,#4178,.T.);
#4180=ORIENTED_EDGE('',*,*,#3841,.F.);
#4181=ORIENTED_EDGE('',*,*,#4161,.F.);
#4182=ORIENTED_EDGE('',*,*,#2586,.T.);
#4183=EDGE_LOOP('',(#4179,#4180,#4181,#4182));
#4184=FACE_BOUND('',#4183,.T.);
#4185=ADVANCED_FACE('',(#4184),#4173,.T.);
#4186=CARTESIAN_POINT('',(55.998434637,67.462468945,-2.));
#4187=DIRECTION('',(0.,0.,1.));
#4188=DIRECTION('',(1.,0.,-0.));
#4189=AXIS2_PLACEMENT_3D('',#4186,#4187,#4188);
#4190=CYLINDRICAL_SURFACE('',#4189,3.);
#4191=CARTESIAN_POINT('',(58.47266974,69.158983212,-3.));
#4192=DIRECTION('',(0.,0.,1.));
#4193=VECTOR('',#4192,8.);
#4194=LINE('',#4191,#4193);
#4195=EDGE_CURVE('',#2564,#3844,#4194,.T.);
#4196=ORIENTED_EDGE('',*,*,#4195,.T.);
#4197=ORIENTED_EDGE('',*,*,#3850,.T.);
#4198=ORIENTED_EDGE('',*,*,#4178,.F.);
#4199=ORIENTED_EDGE('',*,*,#2578,.F.);
#4200=EDGE_LOOP('',(#4196,#4197,#4198,#4199));
#4201=FACE_BOUND('',#4200,.T.);
#4202=ADVANCED_FACE('',(#4201),#4190,.F.);
#4203=CARTESIAN_POINT('',(58.588709267,69.091989267,-2.));
#4204=DIRECTION('',(-0.499991559,-0.866030277,0.));
#4205=DIRECTION('',(0.866030277,-0.499991559,0.));
#4206=AXIS2_PLACEMENT_3D('',#4203,#4204,#4205);
#4207=PLANE('',#4206);
#4208=CARTESIAN_POINT('',(58.704748794,69.024995323,-3.));
#4209=DIRECTION('',(0.,0.,1.));
#4210=VECTOR('',#4209,8.);
#4211=LINE('',#4208,#4210);
#4212=EDGE_CURVE('',#2556,#3853,#4211,.T.);
#4213=ORIENTED_EDGE('',*,*,#4212,.T.);
#4214=ORIENTED_EDGE('',*,*,#3858,.F.);
#4215=ORIENTED_EDGE('',*,*,#4195,.F.);
#4216=ORIENTED_EDGE('',*,*,#2569,.T.);
#4217=EDGE_LOOP('',(#4213,#4214,#4215,#4216));
#4218=FACE_BOUND('',#4217,.T.);
#4219=ADVANCED_FACE('',(#4218),#4207,.T.);
#4220=CARTESIAN_POINT('',(58.7047501,68.891005172,-2.));
#4221=DIRECTION('',(-1.,-0.000009747,0.));
#4222=DIRECTION('',(0.000009747,-1.,0.));
#4223=AXIS2_PLACEMENT_3D('',#4220,#4221,#4222);
#4224=PLANE('',#4223);
#4225=CARTESIAN_POINT('',(58.704751406,68.757015021,-3.));
#4226=DIRECTION('',(0.,0.,1.));
#4227=VECTOR('',#4226,8.);
#4228=LINE('',#4225,#4227);
#4229=EDGE_CURVE('',#2547,#3861,#4228,.T.);
#4230=ORIENTED_EDGE('',*,*,#4229,.T.);
#4231=ORIENTED_EDGE('',*,*,#3866,.F.);
#4232=ORIENTED_EDGE('',*,*,#4212,.F.);
#4233=ORIENTED_EDGE('',*,*,#2561,.T.);
#4234=EDGE_LOOP('',(#4230,#4231,#4232,#4233));
#4235=FACE_BOUND('',#4234,.T.);
#4236=ADVANCED_FACE('',(#4235),#4224,.T.);
#4237=CARTESIAN_POINT('',(55.998434637,67.462468945,-2.));
#4238=DIRECTION('',(0.,0.,1.));
#4239=DIRECTION('',(1.,0.,-0.));
#4240=AXIS2_PLACEMENT_3D('',#4237,#4238,#4239);
#4241=CYLINDRICAL_SURFACE('',#4240,3.);
#4242=CARTESIAN_POINT('',(58.998434637,67.462468945,5.));
#4243=DIRECTION('',(-0.,-0.,-1.));
#4244=VECTOR('',#4243,8.);
#4245=LINE('',#4242,#4244);
#4246=EDGE_CURVE('',#3869,#2538,#4245,.T.);
#4247=ORIENTED_EDGE('',*,*,#4246,.F.);
#4248=ORIENTED_EDGE('',*,*,#3875,.T.);
#4249=ORIENTED_EDGE('',*,*,#4229,.F.);
#4250=ORIENTED_EDGE('',*,*,#2553,.F.);
#4251=EDGE_LOOP('',(#4247,#4248,#4249,#4250));
#4252=FACE_BOUND('',#4251,.T.);
#4253=ADVANCED_FACE('',(#4252),#4241,.F.);
#4254=CARTESIAN_POINT('',(58.704777947,66.033985474,-2.));
#4255=DIRECTION('',(-1.,-0.000009747,0.));
#4256=DIRECTION('',(0.000009747,-1.,0.));
#4257=AXIS2_PLACEMENT_3D('',#4254,#4255,#4256);
#4258=PLANE('',#4257);
#4259=CARTESIAN_POINT('',(58.704779252,65.899995323,-3.));
#4260=DIRECTION('',(0.,0.,1.));
#4261=VECTOR('',#4260,8.);
#4262=LINE('',#4259,#4261);
#4263=EDGE_CURVE('',#2522,#3887,#4262,.T.);
#4264=ORIENTED_EDGE('',*,*,#4263,.T.);
#4265=ORIENTED_EDGE('',*,*,#3892,.F.);
#4266=CARTESIAN_POINT('',(58.704776641,66.167975624,-3.));
#4267=DIRECTION('',(0.,0.,1.));
#4268=VECTOR('',#4267,8.);
#4269=LINE('',#4266,#4268);
#4270=EDGE_CURVE('',#2530,#3878,#4269,.T.);
#4271=ORIENTED_EDGE('',*,*,#4270,.F.);
#4272=ORIENTED_EDGE('',*,*,#2535,.T.);
#4273=EDGE_LOOP('',(#4264,#4265,#4271,#4272));
#4274=FACE_BOUND('',#4273,.T.);
#4275=ADVANCED_FACE('',(#4274),#4258,.T.);
#4276=CARTESIAN_POINT('',(58.588741031,65.832999117,-2.));
#4277=DIRECTION('',(-0.500008441,0.86602053,0.));
#4278=DIRECTION('',(-0.86602053,-0.500008441,0.));
#4279=AXIS2_PLACEMENT_3D('',#4276,#4277,#4278);
#4280=PLANE('',#4279);
#4281=CARTESIAN_POINT('',(58.47270281,65.76600291,-3.));
#4282=DIRECTION('',(0.,0.,1.));
#4283=VECTOR('',#4282,8.);
#4284=LINE('',#4281,#4283);
#4285=EDGE_CURVE('',#2513,#3895,#4284,.T.);
#4286=ORIENTED_EDGE('',*,*,#4285,.T.);
#4287=ORIENTED_EDGE('',*,*,#3900,.F.);
#4288=ORIENTED_EDGE('',*,*,#4263,.F.);
#4289=ORIENTED_EDGE('',*,*,#2527,.T.);
#4290=EDGE_LOOP('',(#4286,#4287,#4288,#4289));
#4291=FACE_BOUND('',#4290,.T.);
#4292=ADVANCED_FACE('',(#4291),#4280,.T.);
#4293=CARTESIAN_POINT('',(55.998434637,67.462468945,-2.));
#4294=DIRECTION('',(0.,0.,1.));
#4295=DIRECTION('',(1.,0.,-0.));
#4296=AXIS2_PLACEMENT_3D('',#4293,#4294,#4295);
#4297=CYLINDRICAL_SURFACE('',#4296,3.);
#4298=CARTESIAN_POINT('',(56.230541538,64.471461358,-3.));
#4299=DIRECTION('',(0.,0.,1.));
#4300=VECTOR('',#4299,8.);
#4301=LINE('',#4298,#4300);
#4302=EDGE_CURVE('',#2505,#3903,#4301,.T.);
#4303=ORIENTED_EDGE('',*,*,#4302,.T.);
#4304=ORIENTED_EDGE('',*,*,#3909,.T.);
#4305=ORIENTED_EDGE('',*,*,#4285,.F.);
#4306=ORIENTED_EDGE('',*,*,#2519,.F.);
#4307=EDGE_LOOP('',(#4303,#4304,#4305,#4306));
#4308=FACE_BOUND('',#4307,.T.);
#4309=ADVANCED_FACE('',(#4308),#4297,.F.);
#4310=CARTESIAN_POINT('',(56.114503316,64.404465152,-2.));
#4311=DIRECTION('',(-0.500008441,0.86602053,0.));
#4312=DIRECTION('',(-0.86602053,-0.500008441,0.));
#4313=AXIS2_PLACEMENT_3D('',#4310,#4311,#4312);
#4314=PLANE('',#4313);
#4315=CARTESIAN_POINT('',(55.998465095,64.337468945,-3.));
#4316=DIRECTION('',(0.,0.,1.));
#4317=VECTOR('',#4316,8.);
#4318=LINE('',#4315,#4317);
#4319=EDGE_CURVE('',#2497,#3912,#4318,.T.);
#4320=ORIENTED_EDGE('',*,*,#4319,.T.);
#4321=ORIENTED_EDGE('',*,*,#3917,.F.);
#4322=ORIENTED_EDGE('',*,*,#4302,.F.);
#4323=ORIENTED_EDGE('',*,*,#2510,.T.);
#4324=EDGE_LOOP('',(#4320,#4321,#4322,#4323));
#4325=FACE_BOUND('',#4324,.T.);
#4326=ADVANCED_FACE('',(#4325),#4314,.T.);
#4327=CARTESIAN_POINT('',(55.882425568,64.40446289,-2.));
#4328=DIRECTION('',(0.499991559,0.866030277,0.));
#4329=DIRECTION('',(-0.866030277,0.499991559,0.));
#4330=AXIS2_PLACEMENT_3D('',#4327,#4328,#4329);
#4331=PLANE('',#4330);
#4332=CARTESIAN_POINT('',(55.76638604,64.471456834,-3.));
#4333=DIRECTION('',(0.,0.,1.));
#4334=VECTOR('',#4333,8.);
#4335=LINE('',#4332,#4334);
#4336=EDGE_CURVE('',#2488,#3920,#4335,.T.);
#4337=ORIENTED_EDGE('',*,*,#4336,.T.);
#4338=ORIENTED_EDGE('',*,*,#3925,.F.);
#4339=ORIENTED_EDGE('',*,*,#4319,.F.);
#4340=ORIENTED_EDGE('',*,*,#2502,.T.);
#4341=EDGE_LOOP('',(#4337,#4338,#4339,#4340));
#4342=FACE_BOUND('',#4341,.T.);
#4343=ADVANCED_FACE('',(#4342),#4331,.T.);
#4344=CARTESIAN_POINT('',(55.998434637,67.462468945,-2.));
#4345=DIRECTION('',(0.,0.,1.));
#4346=DIRECTION('',(1.,0.,-0.));
#4347=AXIS2_PLACEMENT_3D('',#4344,#4345,#4346);
#4348=CYLINDRICAL_SURFACE('',#4347,3.);
#4349=CARTESIAN_POINT('',(53.524199534,65.765954679,-3.));
#4350=DIRECTION('',(0.,0.,1.));
#4351=VECTOR('',#4350,8.);
#4352=LINE('',#4349,#4351);
#4353=EDGE_CURVE('',#2480,#3928,#4352,.T.);
#4354=ORIENTED_EDGE('',*,*,#4353,.T.);
#4355=ORIENTED_EDGE('',*,*,#3934,.T.);
#4356=ORIENTED_EDGE('',*,*,#4336,.F.);
#4357=ORIENTED_EDGE('',*,*,#2494,.F.);
#4358=EDGE_LOOP('',(#4354,#4355,#4356,#4357));
#4359=FACE_BOUND('',#4358,.T.);
#4360=ADVANCED_FACE('',(#4359),#4348,.F.);
#4361=CARTESIAN_POINT('',(53.408160006,65.832948623,-2.));
#4362=DIRECTION('',(0.499991559,0.866030277,0.));
#4363=DIRECTION('',(-0.866030277,0.499991559,0.));
#4364=AXIS2_PLACEMENT_3D('',#4361,#4362,#4363);
#4365=PLANE('',#4364);
#4366=CARTESIAN_POINT('',(53.292120479,65.899942568,-3.));
#4367=DIRECTION('',(0.,0.,1.));
#4368=VECTOR('',#4367,8.);
#4369=LINE('',#4366,#4368);
#4370=EDGE_CURVE('',#2472,#3937,#4369,.T.);
#4371=ORIENTED_EDGE('',*,*,#4370,.T.);
#4372=ORIENTED_EDGE('',*,*,#3942,.F.);
#4373=ORIENTED_EDGE('',*,*,#4353,.F.);
#4374=ORIENTED_EDGE('',*,*,#2485,.T.);
#4375=EDGE_LOOP('',(#4371,#4372,#4373,#4374));
#4376=FACE_BOUND('',#4375,.T.);
#4377=ADVANCED_FACE('',(#4376),#4365,.T.);
#4378=CARTESIAN_POINT('',(53.292119173,66.033932719,-2.));
#4379=DIRECTION('',(1.,0.000009747,0.));
#4380=DIRECTION('',(-0.000009747,1.,0.));
#4381=AXIS2_PLACEMENT_3D('',#4378,#4379,#4380);
#4382=PLANE('',#4381);
#4383=CARTESIAN_POINT('',(53.292117867,66.167922869,-3.));
#4384=DIRECTION('',(0.,0.,1.));
#4385=VECTOR('',#4384,8.);
#4386=LINE('',#4383,#4385);
#4387=EDGE_CURVE('',#2463,#3945,#4386,.T.);
#4388=ORIENTED_EDGE('',*,*,#4387,.T.);
#4389=ORIENTED_EDGE('',*,*,#3950,.F.);
#4390=ORIENTED_EDGE('',*,*,#4370,.F.);
#4391=ORIENTED_EDGE('',*,*,#2477,.T.);
#4392=EDGE_LOOP('',(#4388,#4389,#4390,#4391));
#4393=FACE_BOUND('',#4392,.T.);
#4394=ADVANCED_FACE('',(#4393),#4382,.T.);
#4395=CARTESIAN_POINT('',(55.998434637,67.462468945,-2.));
#4396=DIRECTION('',(0.,0.,1.));
#4397=DIRECTION('',(1.,0.,-0.));
#4398=AXIS2_PLACEMENT_3D('',#4395,#4396,#4397);
#4399=CYLINDRICAL_SURFACE('',#4398,3.);
#4400=CARTESIAN_POINT('',(53.292092633,68.756962266,-3.));
#4401=DIRECTION('',(0.,0.,1.));
#4402=VECTOR('',#4401,8.);
#4403=LINE('',#4400,#4402);
#4404=EDGE_CURVE('',#2453,#3953,#4403,.T.);
#4405=ORIENTED_EDGE('',*,*,#4404,.T.);
#4406=ORIENTED_EDGE('',*,*,#3959,.T.);
#4407=ORIENTED_EDGE('',*,*,#4387,.F.);
#4408=ORIENTED_EDGE('',*,*,#2469,.F.);
#4409=EDGE_LOOP('',(#4405,#4406,#4407,#4408));
#4410=FACE_BOUND('',#4409,.T.);
#4411=ADVANCED_FACE('',(#4410),#4399,.F.);
#4412=CARTESIAN_POINT('',(53.292091327,68.890952417,-2.));
#4413=DIRECTION('',(1.,0.000009747,0.));
#4414=DIRECTION('',(-0.000009747,1.,0.));
#4415=AXIS2_PLACEMENT_3D('',#4412,#4413,#4414);
#4416=PLANE('',#4415);
#4417=CARTESIAN_POINT('',(53.292090021,69.024942568,-3.));
#4418=DIRECTION('',(0.,0.,1.));
#4419=VECTOR('',#4418,8.);
#4420=LINE('',#4417,#4419);
#4421=EDGE_CURVE('',#2455,#3962,#4420,.T.);
#4422=ORIENTED_EDGE('',*,*,#4421,.T.);
#4423=ORIENTED_EDGE('',*,*,#3967,.F.);
#4424=ORIENTED_EDGE('',*,*,#4404,.F.);
#4425=ORIENTED_EDGE('',*,*,#2460,.T.);
#4426=EDGE_LOOP('',(#4422,#4423,#4424,#4425));
#4427=FACE_BOUND('',#4426,.T.);
#4428=ADVANCED_FACE('',(#4427),#4416,.T.);
#4429=CARTESIAN_POINT('',(80.001315789,10.000779736,-2.));
#4430=DIRECTION('',(0.,0.,1.));
#4431=DIRECTION('',(1.,0.,-0.));
#4432=AXIS2_PLACEMENT_3D('',#4429,#4430,#4431);
#4433=CYLINDRICAL_SURFACE('',#4432,3.);
#4434=CARTESIAN_POINT('',(79.769208888,12.991787323,-3.));
#4435=DIRECTION('',(0.,0.,1.));
#4436=VECTOR('',#4435,8.);
#4437=LINE('',#4434,#4436);
#4438=EDGE_CURVE('',#2428,#3656,#4437,.T.);
#4439=ORIENTED_EDGE('',*,*,#4438,.T.);
#4440=ORIENTED_EDGE('',*,*,#3664,.T.);
#4441=CARTESIAN_POINT('',(77.527047616,11.697245771,-3.));
#4442=DIRECTION('',(0.,0.,1.));
#4443=VECTOR('',#4442,8.);
#4444=LINE('',#4441,#4443);
#4445=EDGE_CURVE('',#2436,#3658,#4444,.T.);
#4446=ORIENTED_EDGE('',*,*,#4445,.F.);
#4447=ORIENTED_EDGE('',*,*,#2442,.F.);
#4448=EDGE_LOOP('',(#4439,#4440,#4446,#4447));
#4449=FACE_BOUND('',#4448,.T.);
#4450=ADVANCED_FACE('',(#4449),#4433,.F.);
#4451=CARTESIAN_POINT('',(79.88524711,13.058783529,-2.));
#4452=DIRECTION('',(0.500008441,-0.86602053,0.));
#4453=DIRECTION('',(0.86602053,0.500008441,0.));
#4454=AXIS2_PLACEMENT_3D('',#4451,#4452,#4453);
#4455=PLANE('',#4454);
#4456=CARTESIAN_POINT('',(80.001285331,13.125779736,-3.));
#4457=DIRECTION('',(0.,0.,1.));
#4458=VECTOR('',#4457,8.);
#4459=LINE('',#4456,#4458);
#4460=EDGE_CURVE('',#2420,#3667,#4459,.T.);
#4461=ORIENTED_EDGE('',*,*,#4460,.T.);
#4462=ORIENTED_EDGE('',*,*,#3672,.F.);
#4463=ORIENTED_EDGE('',*,*,#4438,.F.);
#4464=ORIENTED_EDGE('',*,*,#2433,.T.);
#4465=EDGE_LOOP('',(#4461,#4462,#4463,#4464));
#4466=FACE_BOUND('',#4465,.T.);
#4467=ADVANCED_FACE('',(#4466),#4455,.T.);
#4468=CARTESIAN_POINT('',(80.117324859,13.058785791,-2.));
#4469=DIRECTION('',(-0.499991559,-0.866030277,0.));
#4470=DIRECTION('',(0.866030277,-0.499991559,0.));
#4471=AXIS2_PLACEMENT_3D('',#4468,#4469,#4470);
#4472=PLANE('',#4471);
#4473=CARTESIAN_POINT('',(80.233364386,12.991791847,-3.));
#4474=DIRECTION('',(0.,0.,1.));
#4475=VECTOR('',#4474,8.);
#4476=LINE('',#4473,#4475);
#4477=EDGE_CURVE('',#2411,#3675,#4476,.T.);
#4478=ORIENTED_EDGE('',*,*,#4477,.T.);
#4479=ORIENTED_EDGE('',*,*,#3680,.F.);
#4480=ORIENTED_EDGE('',*,*,#4460,.F.);
#4481=ORIENTED_EDGE('',*,*,#2425,.T.);
#4482=EDGE_LOOP('',(#4478,#4479,#4480,#4481));
#4483=FACE_BOUND('',#4482,.T.);
#4484=ADVANCED_FACE('',(#4483),#4472,.T.);
#4485=CARTESIAN_POINT('',(80.001315789,10.000779736,-2.));
#4486=DIRECTION('',(0.,0.,1.));
#4487=DIRECTION('',(1.,0.,-0.));
#4488=AXIS2_PLACEMENT_3D('',#4485,#4486,#4487);
#4489=CYLINDRICAL_SURFACE('',#4488,3.);
#4490=CARTESIAN_POINT('',(82.475550892,11.697294002,-3.));
#4491=DIRECTION('',(0.,0.,1.));
#4492=VECTOR('',#4491,8.);
#4493=LINE('',#4490,#4492);
#4494=EDGE_CURVE('',#2403,#3683,#4493,.T.);
#4495=ORIENTED_EDGE('',*,*,#4494,.T.);
#4496=ORIENTED_EDGE('',*,*,#3689,.T.);
#4497=ORIENTED_EDGE('',*,*,#4477,.F.);
#4498=ORIENTED_EDGE('',*,*,#2417,.F.);
#4499=EDGE_LOOP('',(#4495,#4496,#4497,#4498));
#4500=FACE_BOUND('',#4499,.T.);
#4501=ADVANCED_FACE('',(#4500),#4489,.F.);
#4502=CARTESIAN_POINT('',(82.59159042,11.630300058,-2.));
#4503=DIRECTION('',(-0.499991559,-0.866030277,0.));
#4504=DIRECTION('',(0.866030277,-0.499991559,0.));
#4505=AXIS2_PLACEMENT_3D('',#4502,#4503,#4504);
#4506=PLANE('',#4505);
#4507=CARTESIAN_POINT('',(82.707629947,11.563306113,-3.));
#4508=DIRECTION('',(0.,0.,1.));
#4509=VECTOR('',#4508,8.);
#4510=LINE('',#4507,#4509);
#4511=EDGE_CURVE('',#2395,#3692,#4510,.T.);
#4512=ORIENTED_EDGE('',*,*,#4511,.T.);
#4513=ORIENTED_EDGE('',*,*,#3697,.F.);
#4514=ORIENTED_EDGE('',*,*,#4494,.F.);
#4515=ORIENTED_EDGE('',*,*,#2408,.T.);
#4516=EDGE_LOOP('',(#4512,#4513,#4514,#4515));
#4517=FACE_BOUND('',#4516,.T.);
#4518=ADVANCED_FACE('',(#4517),#4506,.T.);
#4519=CARTESIAN_POINT('',(82.707631253,11.429315963,-2.));
#4520=DIRECTION('',(-1.,-0.000009747,0.));
#4521=DIRECTION('',(0.000009747,-1.,0.));
#4522=AXIS2_PLACEMENT_3D('',#4519,#4520,#4521);
#4523=PLANE('',#4522);
#4524=CARTESIAN_POINT('',(82.707632559,11.295325812,-3.));
#4525=DIRECTION('',(0.,0.,1.));
#4526=VECTOR('',#4525,8.);
#4527=LINE('',#4524,#4526);
#4528=EDGE_CURVE('',#2386,#3700,#4527,.T.);
#4529=ORIENTED_EDGE('',*,*,#4528,.T.);
#4530=ORIENTED_EDGE('',*,*,#3705,.F.);
#4531=ORIENTED_EDGE('',*,*,#4511,.F.);
#4532=ORIENTED_EDGE('',*,*,#2400,.T.);
#4533=EDGE_LOOP('',(#4529,#4530,#4531,#4532));
#4534=FACE_BOUND('',#4533,.T.);
#4535=ADVANCED_FACE('',(#4534),#4523,.T.);
#4536=CARTESIAN_POINT('',(80.001315789,10.000779736,-2.));
#4537=DIRECTION('',(0.,0.,1.));
#4538=DIRECTION('',(1.,0.,-0.));
#4539=AXIS2_PLACEMENT_3D('',#4536,#4537,#4538);
#4540=CYLINDRICAL_SURFACE('',#4539,3.);
#4541=CARTESIAN_POINT('',(83.001315789,10.000779736,5.));
#4542=DIRECTION('',(-0.,-0.,-1.));
#4543=VECTOR('',#4542,8.);
#4544=LINE('',#4541,#4543);
#4545=EDGE_CURVE('',#3708,#2377,#4544,.T.);
#4546=ORIENTED_EDGE('',*,*,#4545,.F.);
#4547=ORIENTED_EDGE('',*,*,#3714,.T.);
#4548=ORIENTED_EDGE('',*,*,#4528,.F.);
#4549=ORIENTED_EDGE('',*,*,#2392,.F.);
#4550=EDGE_LOOP('',(#4546,#4547,#4548,#4549));
#4551=FACE_BOUND('',#4550,.T.);
#4552=ADVANCED_FACE('',(#4551),#4540,.F.);
#4553=CARTESIAN_POINT('',(82.707659099,8.572296264,-2.));
#4554=DIRECTION('',(-1.,-0.000009747,0.));
#4555=DIRECTION('',(0.000009747,-1.,0.));
#4556=AXIS2_PLACEMENT_3D('',#4553,#4554,#4555);
#4557=PLANE('',#4556);
#4558=CARTESIAN_POINT('',(82.707660405,8.438306113,-3.));
#4559=DIRECTION('',(0.,0.,1.));
#4560=VECTOR('',#4559,8.);
#4561=LINE('',#4558,#4560);
#4562=EDGE_CURVE('',#2361,#3726,#4561,.T.);
#4563=ORIENTED_EDGE('',*,*,#4562,.T.);
#4564=ORIENTED_EDGE('',*,*,#3731,.F.);
#4565=CARTESIAN_POINT('',(82.707657793,8.706286415,-3.));
#4566=DIRECTION('',(0.,0.,1.));
#4567=VECTOR('',#4566,8.);
#4568=LINE('',#4565,#4567);
#4569=EDGE_CURVE('',#2369,#3717,#4568,.T.);
#4570=ORIENTED_EDGE('',*,*,#4569,.F.);
#4571=ORIENTED_EDGE('',*,*,#2374,.T.);
#4572=EDGE_LOOP('',(#4563,#4564,#4570,#4571));
#4573=FACE_BOUND('',#4572,.T.);
#4574=ADVANCED_FACE('',(#4573),#4557,.T.);
#4575=CARTESIAN_POINT('',(82.591622184,8.371309907,-2.));
#4576=DIRECTION('',(-0.500008441,0.86602053,0.));
#4577=DIRECTION('',(-0.86602053,-0.500008441,0.));
#4578=AXIS2_PLACEMENT_3D('',#4575,#4576,#4577);
#4579=PLANE('',#4578);
#4580=CARTESIAN_POINT('',(82.475583962,8.304313701,-3.));
#4581=DIRECTION('',(0.,0.,1.));
#4582=VECTOR('',#4581,8.);
#4583=LINE('',#4580,#4582);
#4584=EDGE_CURVE('',#2352,#3734,#4583,.T.);
#4585=ORIENTED_EDGE('',*,*,#4584,.T.);
#4586=ORIENTED_EDGE('',*,*,#3739,.F.);
#4587=ORIENTED_EDGE('',*,*,#4562,.F.);
#4588=ORIENTED_EDGE('',*,*,#2366,.T.);
#4589=EDGE_LOOP('',(#4585,#4586,#4587,#4588));
#4590=FACE_BOUND('',#4589,.T.);
#4591=ADVANCED_FACE('',(#4590),#4579,.T.);
#4592=CARTESIAN_POINT('',(80.001315789,10.000779736,-2.));
#4593=DIRECTION('',(0.,0.,1.));
#4594=DIRECTION('',(1.,0.,-0.));
#4595=AXIS2_PLACEMENT_3D('',#4592,#4593,#4594);
#4596=CYLINDRICAL_SURFACE('',#4595,3.);
#4597=CARTESIAN_POINT('',(80.23342269,7.009772149,-3.));
#4598=DIRECTION('',(0.,0.,1.));
#4599=VECTOR('',#4598,8.);
#4600=LINE('',#4597,#4599);
#4601=EDGE_CURVE('',#2344,#3742,#4600,.T.);
#4602=ORIENTED_EDGE('',*,*,#4601,.T.);
#4603=ORIENTED_EDGE('',*,*,#3748,.T.);
#4604=ORIENTED_EDGE('',*,*,#4584,.F.);
#4605=ORIENTED_EDGE('',*,*,#2358,.F.);
#4606=EDGE_LOOP('',(#4602,#4603,#4604,#4605));
#4607=FACE_BOUND('',#4606,.T.);
#4608=ADVANCED_FACE('',(#4607),#4596,.F.);
#4609=CARTESIAN_POINT('',(80.117384469,6.942775942,-2.));
#4610=DIRECTION('',(-0.500008441,0.86602053,0.));
#4611=DIRECTION('',(-0.86602053,-0.500008441,0.));
#4612=AXIS2_PLACEMENT_3D('',#4609,#4610,#4611);
#4613=PLANE('',#4612);
#4614=CARTESIAN_POINT('',(80.001346248,6.875779736,-3.));
#4615=DIRECTION('',(0.,0.,1.));
#4616=VECTOR('',#4615,8.);
#4617=LINE('',#4614,#4616);
#4618=EDGE_CURVE('',#2336,#3751,#4617,.T.);
#4619=ORIENTED_EDGE('',*,*,#4618,.T.);
#4620=ORIENTED_EDGE('',*,*,#3756,.F.);
#4621=ORIENTED_EDGE('',*,*,#4601,.F.);
#4622=ORIENTED_EDGE('',*,*,#2349,.T.);
#4623=EDGE_LOOP('',(#4619,#4620,#4621,#4622));
#4624=FACE_BOUND('',#4623,.T.);
#4625=ADVANCED_FACE('',(#4624),#4613,.T.);
#4626=CARTESIAN_POINT('',(79.88530672,6.94277368,-2.));
#4627=DIRECTION('',(0.499991559,0.866030277,0.));
#4628=DIRECTION('',(-0.866030277,0.499991559,0.));
#4629=AXIS2_PLACEMENT_3D('',#4626,#4627,#4628);
#4630=PLANE('',#4629);
#4631=CARTESIAN_POINT('',(79.769267193,7.009767625,-3.));
#4632=DIRECTION('',(0.,0.,1.));
#4633=VECTOR('',#4632,8.);
#4634=LINE('',#4631,#4633);
#4635=EDGE_CURVE('',#2327,#3759,#4634,.T.);
#4636=ORIENTED_EDGE('',*,*,#4635,.T.);
#4637=ORIENTED_EDGE('',*,*,#3764,.F.);
#4638=ORIENTED_EDGE('',*,*,#4618,.F.);
#4639=ORIENTED_EDGE('',*,*,#2341,.T.);
#4640=EDGE_LOOP('',(#4636,#4637,#4638,#4639));
#4641=FACE_BOUND('',#4640,.T.);
#4642=ADVANCED_FACE('',(#4641),#4630,.T.);
#4643=CARTESIAN_POINT('',(80.001315789,10.000779736,-2.));
#4644=DIRECTION('',(0.,0.,1.));
#4645=DIRECTION('',(1.,0.,-0.));
#4646=AXIS2_PLACEMENT_3D('',#4643,#4644,#4645);
#4647=CYLINDRICAL_SURFACE('',#4646,3.);
#4648=CARTESIAN_POINT('',(77.527080687,8.30426547,-3.));
#4649=DIRECTION('',(0.,0.,1.));
#4650=VECTOR('',#4649,8.);
#4651=LINE('',#4648,#4650);
#4652=EDGE_CURVE('',#2319,#3767,#4651,.T.);
#4653=ORIENTED_EDGE('',*,*,#4652,.T.);
#4654=ORIENTED_EDGE('',*,*,#3773,.T.);
#4655=ORIENTED_EDGE('',*,*,#4635,.F.);
#4656=ORIENTED_EDGE('',*,*,#2333,.F.);
#4657=EDGE_LOOP('',(#4653,#4654,#4655,#4656));
#4658=FACE_BOUND('',#4657,.T.);
#4659=ADVANCED_FACE('',(#4658),#4647,.F.);
#4660=CARTESIAN_POINT('',(77.411041159,8.371259414,-2.));
#4661=DIRECTION('',(0.499991559,0.866030277,0.));
#4662=DIRECTION('',(-0.866030277,0.499991559,0.));
#4663=AXIS2_PLACEMENT_3D('',#4660,#4661,#4662);
#4664=PLANE('',#4663);
#4665=CARTESIAN_POINT('',(77.295001632,8.438253358,-3.));
#4666=DIRECTION('',(0.,0.,1.));
#4667=VECTOR('',#4666,8.);
#4668=LINE('',#4665,#4667);
#4669=EDGE_CURVE('',#2311,#3776,#4668,.T.);
#4670=ORIENTED_EDGE('',*,*,#4669,.T.);
#4671=ORIENTED_EDGE('',*,*,#3781,.F.);
#4672=ORIENTED_EDGE('',*,*,#4652,.F.);
#4673=ORIENTED_EDGE('',*,*,#2324,.T.);
#4674=EDGE_LOOP('',(#4670,#4671,#4672,#4673));
#4675=FACE_BOUND('',#4674,.T.);
#4676=ADVANCED_FACE('',(#4675),#4664,.T.);
#4677=CARTESIAN_POINT('',(77.295000326,8.572243509,-2.));
#4678=DIRECTION('',(1.,0.000009747,0.));
#4679=DIRECTION('',(-0.000009747,1.,0.));
#4680=AXIS2_PLACEMENT_3D('',#4677,#4678,#4679);
#4681=PLANE('',#4680);
#4682=CARTESIAN_POINT('',(77.29499902,8.70623366,-3.));
#4683=DIRECTION('',(0.,0.,1.));
#4684=VECTOR('',#4683,8.);
#4685=LINE('',#4682,#4684);
#4686=EDGE_CURVE('',#2302,#3784,#4685,.T.);
#4687=ORIENTED_EDGE('',*,*,#4686,.T.);
#4688=ORIENTED_EDGE('',*,*,#3789,.F.);
#4689=ORIENTED_EDGE('',*,*,#4669,.F.);
#4690=ORIENTED_EDGE('',*,*,#2316,.T.);
#4691=EDGE_LOOP('',(#4687,#4688,#4689,#4690));
#4692=FACE_BOUND('',#4691,.T.);
#4693=ADVANCED_FACE('',(#4692),#4681,.T.);
#4694=CARTESIAN_POINT('',(80.001315789,10.000779736,-2.));
#4695=DIRECTION('',(0.,0.,1.));
#4696=DIRECTION('',(1.,0.,-0.));
#4697=AXIS2_PLACEMENT_3D('',#4694,#4695,#4696);
#4698=CYLINDRICAL_SURFACE('',#4697,3.);
#4699=CARTESIAN_POINT('',(77.294973786,11.295273057,-3.));
#4700=DIRECTION('',(0.,0.,1.));
#4701=VECTOR('',#4700,8.);
#4702=LINE('',#4699,#4701);
#4703=EDGE_CURVE('',#2292,#3792,#4702,.T.);
#4704=ORIENTED_EDGE('',*,*,#4703,.T.);
#4705=ORIENTED_EDGE('',*,*,#3798,.T.);
#4706=ORIENTED_EDGE('',*,*,#4686,.F.);
#4707=ORIENTED_EDGE('',*,*,#2308,.F.);
#4708=EDGE_LOOP('',(#4704,#4705,#4706,#4707));
#4709=FACE_BOUND('',#4708,.T.);
#4710=ADVANCED_FACE('',(#4709),#4698,.F.);
#4711=CARTESIAN_POINT('',(77.29497248,11.429263207,-2.));
#4712=DIRECTION('',(1.,0.000009747,0.));
#4713=DIRECTION('',(-0.000009747,1.,0.));
#4714=AXIS2_PLACEMENT_3D('',#4711,#4712,#4713);
#4715=PLANE('',#4714);
#4716=CARTESIAN_POINT('',(77.294971174,11.563253358,-3.));
#4717=DIRECTION('',(0.,0.,1.));
#4718=VECTOR('',#4717,8.);
#4719=LINE('',#4716,#4718);
#4720=EDGE_CURVE('',#2294,#3801,#4719,.T.);
#4721=ORIENTED_EDGE('',*,*,#4720,.T.);
#4722=ORIENTED_EDGE('',*,*,#3806,.F.);
#4723=ORIENTED_EDGE('',*,*,#4703,.F.);
#4724=ORIENTED_EDGE('',*,*,#2299,.T.);
#4725=EDGE_LOOP('',(#4721,#4722,#4723,#4724));
#4726=FACE_BOUND('',#4725,.T.);
#4727=ADVANCED_FACE('',(#4726),#4715,.T.);
#4728=CARTESIAN_POINT('',(-80.,10.,-2.));
#4729=DIRECTION('',(0.,0.,1.));
#4730=DIRECTION('',(1.,0.,-0.));
#4731=AXIS2_PLACEMENT_3D('',#4728,#4729,#4730);
#4732=CYLINDRICAL_SURFACE('',#4731,3.);
#4733=CARTESIAN_POINT('',(-82.706329387,11.294519699,-3.));
#4734=DIRECTION('',(0.,0.,1.));
#4735=VECTOR('',#4734,8.);
#4736=LINE('',#4733,#4735);
#4737=EDGE_CURVE('',#2141,#3495,#4736,.T.);
#4738=ORIENTED_EDGE('',*,*,#4737,.T.);
#4739=ORIENTED_EDGE('',*,*,#3503,.T.);
#4740=CARTESIAN_POINT('',(-82.706329387,8.705480301,-3.));
#4741=DIRECTION('',(0.,0.,1.));
#4742=VECTOR('',#4741,8.);
#4743=LINE('',#4740,#4742);
#4744=EDGE_CURVE('',#2149,#3497,#4743,.T.);
#4745=ORIENTED_EDGE('',*,*,#4744,.F.);
#4746=ORIENTED_EDGE('',*,*,#2155,.F.);
#4747=EDGE_LOOP('',(#4738,#4739,#4745,#4746));
#4748=FACE_BOUND('',#4747,.T.);
#4749=ADVANCED_FACE('',(#4748),#4732,.F.);
#4750=CARTESIAN_POINT('',(-82.706329387,11.428509849,-2.));
#4751=DIRECTION('',(-1.,0.,0.));
#4752=DIRECTION('',(0.,0.,1.));
#4753=AXIS2_PLACEMENT_3D('',#4750,#4751,#4752);
#4754=PLANE('',#4753);
#4755=CARTESIAN_POINT('',(-82.706329387,11.5625,-3.));
#4756=DIRECTION('',(0.,0.,1.));
#4757=VECTOR('',#4756,8.);
#4758=LINE('',#4755,#4757);
#4759=EDGE_CURVE('',#2133,#3506,#4758,.T.);
#4760=ORIENTED_EDGE('',*,*,#4759,.T.);
#4761=ORIENTED_EDGE('',*,*,#3511,.T.);
#4762=ORIENTED_EDGE('',*,*,#4737,.F.);
#4763=ORIENTED_EDGE('',*,*,#2146,.F.);
#4764=EDGE_LOOP('',(#4760,#4761,#4762,#4763));
#4765=FACE_BOUND('',#4764,.T.);
#4766=ADVANCED_FACE('',(#4765),#4754,.F.);
#4767=CARTESIAN_POINT('',(-82.590290512,11.629495075,-2.));
#4768=DIRECTION('',(-0.5,0.866025404,0.));
#4769=DIRECTION('',(-0.866025404,-0.5,0.));
#4770=AXIS2_PLACEMENT_3D('',#4767,#4768,#4769);
#4771=PLANE('',#4770);
#4772=CARTESIAN_POINT('',(-82.474251638,11.696490151,-3.));
#4773=DIRECTION('',(0.,0.,1.));
#4774=VECTOR('',#4773,8.);
#4775=LINE('',#4772,#4774);
#4776=EDGE_CURVE('',#2131,#3514,#4775,.T.);
#4777=ORIENTED_EDGE('',*,*,#4776,.T.);
#4778=ORIENTED_EDGE('',*,*,#3519,.T.);
#4779=ORIENTED_EDGE('',*,*,#4759,.F.);
#4780=ORIENTED_EDGE('',*,*,#2138,.F.);
#4781=EDGE_LOOP('',(#4777,#4778,#4779,#4780));
#4782=FACE_BOUND('',#4781,.T.);
#4783=ADVANCED_FACE('',(#4782),#4771,.F.);
#4784=CARTESIAN_POINT('',(-80.,10.,-2.));
#4785=DIRECTION('',(0.,0.,1.));
#4786=DIRECTION('',(1.,0.,-0.));
#4787=AXIS2_PLACEMENT_3D('',#4784,#4785,#4786);
#4788=CYLINDRICAL_SURFACE('',#4787,3.);
#4789=CARTESIAN_POINT('',(-80.232077749,12.991009849,-3.));
#4790=DIRECTION('',(0.,0.,1.));
#4791=VECTOR('',#4790,8.);
#4792=LINE('',#4789,#4791);
#4793=EDGE_CURVE('',#2275,#3522,#4792,.T.);
#4794=ORIENTED_EDGE('',*,*,#4793,.T.);
#4795=ORIENTED_EDGE('',*,*,#3528,.T.);
#4796=ORIENTED_EDGE('',*,*,#4776,.F.);
#4797=ORIENTED_EDGE('',*,*,#2287,.F.);
#4798=EDGE_LOOP('',(#4794,#4795,#4796,#4797));
#4799=FACE_BOUND('',#4798,.T.);
#4800=ADVANCED_FACE('',(#4799),#4788,.F.);
#4801=CARTESIAN_POINT('',(-80.116038874,13.058004925,-2.));
#4802=DIRECTION('',(-0.5,0.866025404,0.));
#4803=DIRECTION('',(-0.866025404,-0.5,0.));
#4804=AXIS2_PLACEMENT_3D('',#4801,#4802,#4803);
#4805=PLANE('',#4804);
#4806=CARTESIAN_POINT('',(-80.,13.125,-3.));
#4807=DIRECTION('',(0.,0.,1.));
#4808=VECTOR('',#4807,8.);
#4809=LINE('',#4806,#4808);
#4810=EDGE_CURVE('',#2267,#3531,#4809,.T.);
#4811=ORIENTED_EDGE('',*,*,#4810,.T.);
#4812=ORIENTED_EDGE('',*,*,#3536,.T.);
#4813=ORIENTED_EDGE('',*,*,#4793,.F.);
#4814=ORIENTED_EDGE('',*,*,#2280,.F.);
#4815=EDGE_LOOP('',(#4811,#4812,#4813,#4814));
#4816=FACE_BOUND('',#4815,.T.);
#4817=ADVANCED_FACE('',(#4816),#4805,.F.);
#4818=CARTESIAN_POINT('',(-79.883961126,13.058004925,-2.));
#4819=DIRECTION('',(0.5,0.866025404,0.));
#4820=DIRECTION('',(-0.866025404,0.5,0.));
#4821=AXIS2_PLACEMENT_3D('',#4818,#4819,#4820);
#4822=PLANE('',#4821);
#4823=CARTESIAN_POINT('',(-79.767922251,12.991009849,-3.));
#4824=DIRECTION('',(0.,0.,1.));
#4825=VECTOR('',#4824,8.);
#4826=LINE('',#4823,#4825);
#4827=EDGE_CURVE('',#2258,#3539,#4826,.T.);
#4828=ORIENTED_EDGE('',*,*,#4827,.T.);
#4829=ORIENTED_EDGE('',*,*,#3544,.T.);
#4830=ORIENTED_EDGE('',*,*,#4810,.F.);
#4831=ORIENTED_EDGE('',*,*,#2272,.F.);
#4832=EDGE_LOOP('',(#4828,#4829,#4830,#4831));
#4833=FACE_BOUND('',#4832,.T.);
#4834=ADVANCED_FACE('',(#4833),#4822,.F.);
#4835=CARTESIAN_POINT('',(-80.,10.,-2.));
#4836=DIRECTION('',(0.,0.,1.));
#4837=DIRECTION('',(1.,0.,-0.));
#4838=AXIS2_PLACEMENT_3D('',#4835,#4836,#4837);
#4839=CYLINDRICAL_SURFACE('',#4838,3.);
#4840=CARTESIAN_POINT('',(-77.525748362,11.696490151,-3.));
#4841=DIRECTION('',(0.,0.,1.));
#4842=VECTOR('',#4841,8.);
#4843=LINE('',#4840,#4842);
#4844=EDGE_CURVE('',#2250,#3547,#4843,.T.);
#4845=ORIENTED_EDGE('',*,*,#4844,.T.);
#4846=ORIENTED_EDGE('',*,*,#3553,.T.);
#4847=ORIENTED_EDGE('',*,*,#4827,.F.);
#4848=ORIENTED_EDGE('',*,*,#2264,.F.);
#4849=EDGE_LOOP('',(#4845,#4846,#4847,#4848));
#4850=FACE_BOUND('',#4849,.T.);
#4851=ADVANCED_FACE('',(#4850),#4839,.F.);
#4852=CARTESIAN_POINT('',(-77.409709488,11.629495075,-2.));
#4853=DIRECTION('',(0.5,0.866025404,0.));
#4854=DIRECTION('',(-0.866025404,0.5,0.));
#4855=AXIS2_PLACEMENT_3D('',#4852,#4853,#4854);
#4856=PLANE('',#4855);
#4857=CARTESIAN_POINT('',(-77.293670613,11.5625,-3.));
#4858=DIRECTION('',(0.,0.,1.));
#4859=VECTOR('',#4858,8.);
#4860=LINE('',#4857,#4859);
#4861=EDGE_CURVE('',#2242,#3556,#4860,.T.);
#4862=ORIENTED_EDGE('',*,*,#4861,.T.);
#4863=ORIENTED_EDGE('',*,*,#3561,.T.);
#4864=ORIENTED_EDGE('',*,*,#4844,.F.);
#4865=ORIENTED_EDGE('',*,*,#2255,.F.);
#4866=EDGE_LOOP('',(#4862,#4863,#4864,#4865));
#4867=FACE_BOUND('',#4866,.T.);
#4868=ADVANCED_FACE('',(#4867),#4856,.F.);
#4869=CARTESIAN_POINT('',(-77.293670613,11.428509849,-2.));
#4870=DIRECTION('',(1.,0.,0.));
#4871=DIRECTION('',(0.,0.,-1.));
#4872=AXIS2_PLACEMENT_3D('',#4869,#4870,#4871);
#4873=PLANE('',#4872);
#4874=CARTESIAN_POINT('',(-77.293670613,11.294519699,-3.));
#4875=DIRECTION('',(0.,0.,1.));
#4876=VECTOR('',#4875,8.);
#4877=LINE('',#4874,#4876);
#4878=EDGE_CURVE('',#2233,#3564,#4877,.T.);
#4879=ORIENTED_EDGE('',*,*,#4878,.T.);
#4880=ORIENTED_EDGE('',*,*,#3569,.T.);
#4881=ORIENTED_EDGE('',*,*,#4861,.F.);
#4882=ORIENTED_EDGE('',*,*,#2247,.F.);
#4883=EDGE_LOOP('',(#4879,#4880,#4881,#4882));
#4884=FACE_BOUND('',#4883,.T.);
#4885=ADVANCED_FACE('',(#4884),#4873,.F.);
#4886=CARTESIAN_POINT('',(-80.,10.,-2.));
#4887=DIRECTION('',(0.,0.,1.));
#4888=DIRECTION('',(1.,0.,-0.));
#4889=AXIS2_PLACEMENT_3D('',#4886,#4887,#4888);
#4890=CYLINDRICAL_SURFACE('',#4889,3.);
#4891=CARTESIAN_POINT('',(-77.,10.,5.));
#4892=DIRECTION('',(-0.,-0.,-1.));
#4893=VECTOR('',#4892,8.);
#4894=LINE('',#4891,#4893);
#4895=EDGE_CURVE('',#3572,#2224,#4894,.T.);
#4896=ORIENTED_EDGE('',*,*,#4895,.F.);
#4897=ORIENTED_EDGE('',*,*,#3578,.T.);
#4898=ORIENTED_EDGE('',*,*,#4878,.F.);
#4899=ORIENTED_EDGE('',*,*,#2239,.F.);
#4900=EDGE_LOOP('',(#4896,#4897,#4898,#4899));
#4901=FACE_BOUND('',#4900,.T.);
#4902=ADVANCED_FACE('',(#4901),#4890,.F.);
#4903=CARTESIAN_POINT('',(-77.293670613,8.571490151,-2.));
#4904=DIRECTION('',(1.,0.,0.));
#4905=DIRECTION('',(0.,0.,-1.));
#4906=AXIS2_PLACEMENT_3D('',#4903,#4904,#4905);
#4907=PLANE('',#4906);
#4908=CARTESIAN_POINT('',(-77.293670613,8.4375,-3.));
#4909=DIRECTION('',(0.,0.,1.));
#4910=VECTOR('',#4909,8.);
#4911=LINE('',#4908,#4910);
#4912=EDGE_CURVE('',#2208,#3590,#4911,.T.);
#4913=ORIENTED_EDGE('',*,*,#4912,.T.);
#4914=ORIENTED_EDGE('',*,*,#3595,.T.);
#4915=CARTESIAN_POINT('',(-77.293670613,8.705480301,-3.));
#4916=DIRECTION('',(0.,0.,1.));
#4917=VECTOR('',#4916,8.);
#4918=LINE('',#4915,#4917);
#4919=EDGE_CURVE('',#2216,#3581,#4918,.T.);
#4920=ORIENTED_EDGE('',*,*,#4919,.F.);
#4921=ORIENTED_EDGE('',*,*,#2221,.F.);
#4922=EDGE_LOOP('',(#4913,#4914,#4920,#4921));
#4923=FACE_BOUND('',#4922,.T.);
#4924=ADVANCED_FACE('',(#4923),#4907,.F.);
#4925=CARTESIAN_POINT('',(-77.409709488,8.370504925,-2.));
#4926=DIRECTION('',(0.5,-0.866025404,0.));
#4927=DIRECTION('',(0.866025404,0.5,0.));
#4928=AXIS2_PLACEMENT_3D('',#4925,#4926,#4927);
#4929=PLANE('',#4928);
#4930=CARTESIAN_POINT('',(-77.525748362,8.303509849,-3.));
#4931=DIRECTION('',(0.,0.,1.));
#4932=VECTOR('',#4931,8.);
#4933=LINE('',#4930,#4932);
#4934=EDGE_CURVE('',#2199,#3598,#4933,.T.);
#4935=ORIENTED_EDGE('',*,*,#4934,.T.);
#4936=ORIENTED_EDGE('',*,*,#3603,.T.);
#4937=ORIENTED_EDGE('',*,*,#4912,.F.);
#4938=ORIENTED_EDGE('',*,*,#2213,.F.);
#4939=EDGE_LOOP('',(#4935,#4936,#4937,#4938));
#4940=FACE_BOUND('',#4939,.T.);
#4941=ADVANCED_FACE('',(#4940),#4929,.F.);
#4942=CARTESIAN_POINT('',(-80.,10.,-2.));
#4943=DIRECTION('',(0.,0.,1.));
#4944=DIRECTION('',(1.,0.,-0.));
#4945=AXIS2_PLACEMENT_3D('',#4942,#4943,#4944);
#4946=CYLINDRICAL_SURFACE('',#4945,3.);
#4947=CARTESIAN_POINT('',(-79.767922251,7.008990151,-3.));
#4948=DIRECTION('',(0.,0.,1.));
#4949=VECTOR('',#4948,8.);
#4950=LINE('',#4947,#4949);
#4951=EDGE_CURVE('',#2191,#3606,#4950,.T.);
#4952=ORIENTED_EDGE('',*,*,#4951,.T.);
#4953=ORIENTED_EDGE('',*,*,#3612,.T.);
#4954=ORIENTED_EDGE('',*,*,#4934,.F.);
#4955=ORIENTED_EDGE('',*,*,#2205,.F.);
#4956=EDGE_LOOP('',(#4952,#4953,#4954,#4955));
#4957=FACE_BOUND('',#4956,.T.);
#4958=ADVANCED_FACE('',(#4957),#4946,.F.);
#4959=CARTESIAN_POINT('',(-79.883961126,6.941995075,-2.));
#4960=DIRECTION('',(0.5,-0.866025404,0.));
#4961=DIRECTION('',(0.866025404,0.5,0.));
#4962=AXIS2_PLACEMENT_3D('',#4959,#4960,#4961);
#4963=PLANE('',#4962);
#4964=CARTESIAN_POINT('',(-80.,6.875,-3.));
#4965=DIRECTION('',(0.,0.,1.));
#4966=VECTOR('',#4965,8.);
#4967=LINE('',#4964,#4966);
#4968=EDGE_CURVE('',#2183,#3615,#4967,.T.);
#4969=ORIENTED_EDGE('',*,*,#4968,.T.);
#4970=ORIENTED_EDGE('',*,*,#3620,.T.);
#4971=ORIENTED_EDGE('',*,*,#4951,.F.);
#4972=ORIENTED_EDGE('',*,*,#2196,.F.);
#4973=EDGE_LOOP('',(#4969,#4970,#4971,#4972));
#4974=FACE_BOUND('',#4973,.T.);
#4975=ADVANCED_FACE('',(#4974),#4963,.F.);
#4976=CARTESIAN_POINT('',(-80.116038874,6.941995075,-2.));
#4977=DIRECTION('',(-0.5,-0.866025404,0.));
#4978=DIRECTION('',(0.866025404,-0.5,0.));
#4979=AXIS2_PLACEMENT_3D('',#4976,#4977,#4978);
#4980=PLANE('',#4979);
#4981=CARTESIAN_POINT('',(-80.232077749,7.008990151,-3.));
#4982=DIRECTION('',(0.,0.,1.));
#4983=VECTOR('',#4982,8.);
#4984=LINE('',#4981,#4983);
#4985=EDGE_CURVE('',#2174,#3623,#4984,.T.);
#4986=ORIENTED_EDGE('',*,*,#4985,.T.);
#4987=ORIENTED_EDGE('',*,*,#3628,.T.);
#4988=ORIENTED_EDGE('',*,*,#4968,.F.);
#4989=ORIENTED_EDGE('',*,*,#2188,.F.);
#4990=EDGE_LOOP('',(#4986,#4987,#4988,#4989));
#4991=FACE_BOUND('',#4990,.T.);
#4992=ADVANCED_FACE('',(#4991),#4980,.F.);
#4993=CARTESIAN_POINT('',(-80.,10.,-2.));
#4994=DIRECTION('',(0.,0.,1.));
#4995=DIRECTION('',(1.,0.,-0.));
#4996=AXIS2_PLACEMENT_3D('',#4993,#4994,#4995);
#4997=CYLINDRICAL_SURFACE('',#4996,3.);
#4998=CARTESIAN_POINT('',(-82.474251638,8.303509849,-3.));
#4999=DIRECTION('',(0.,0.,1.));
#5000=VECTOR('',#4999,8.);
#5001=LINE('',#4998,#5000);
#5002=EDGE_CURVE('',#2166,#3631,#5001,.T.);
#5003=ORIENTED_EDGE('',*,*,#5002,.T.);
#5004=ORIENTED_EDGE('',*,*,#3637,.T.);
#5005=ORIENTED_EDGE('',*,*,#4985,.F.);
#5006=ORIENTED_EDGE('',*,*,#2180,.F.);
#5007=EDGE_LOOP('',(#5003,#5004,#5005,#5006));
#5008=FACE_BOUND('',#5007,.T.);
#5009=ADVANCED_FACE('',(#5008),#4997,.F.);
#5010=CARTESIAN_POINT('',(-82.590290512,8.370504925,-2.));
#5011=DIRECTION('',(-0.5,-0.866025404,0.));
#5012=DIRECTION('',(0.866025404,-0.5,0.));
#5013=AXIS2_PLACEMENT_3D('',#5010,#5011,#5012);
#5014=PLANE('',#5013);
#5015=CARTESIAN_POINT('',(-82.706329387,8.4375,-3.));
#5016=DIRECTION('',(0.,0.,1.));
#5017=VECTOR('',#5016,8.);
#5018=LINE('',#5015,#5017);
#5019=EDGE_CURVE('',#2158,#3640,#5018,.T.);
#5020=ORIENTED_EDGE('',*,*,#5019,.T.);
#5021=ORIENTED_EDGE('',*,*,#3645,.T.);
#5022=ORIENTED_EDGE('',*,*,#5002,.F.);
#5023=ORIENTED_EDGE('',*,*,#2171,.F.);
#5024=EDGE_LOOP('',(#5020,#5021,#5022,#5023));
#5025=FACE_BOUND('',#5024,.T.);
#5026=ADVANCED_FACE('',(#5025),#5014,.F.);
#5027=CARTESIAN_POINT('',(-55.997678905,67.461923154,-2.));
#5028=DIRECTION('',(0.,0.,1.));
#5029=DIRECTION('',(1.,0.,-0.));
#5030=AXIS2_PLACEMENT_3D('',#5027,#5028,#5029);
#5031=CYLINDRICAL_SURFACE('',#5030,3.);
#5032=CARTESIAN_POINT('',(-58.704008292,68.756442852,-3.));
#5033=DIRECTION('',(0.,0.,1.));
#5034=VECTOR('',#5033,8.);
#5035=LINE('',#5032,#5034);
#5036=EDGE_CURVE('',#1980,#3334,#5035,.T.);
#5037=ORIENTED_EDGE('',*,*,#5036,.T.);
#5038=ORIENTED_EDGE('',*,*,#3342,.T.);
#5039=CARTESIAN_POINT('',(-58.704008292,66.167403455,-3.));
#5040=DIRECTION('',(0.,0.,1.));
#5041=VECTOR('',#5040,8.);
#5042=LINE('',#5039,#5041);
#5043=EDGE_CURVE('',#1988,#3336,#5042,.T.);
#5044=ORIENTED_EDGE('',*,*,#5043,.F.);
#5045=ORIENTED_EDGE('',*,*,#1994,.F.);
#5046=EDGE_LOOP('',(#5037,#5038,#5044,#5045));
#5047=FACE_BOUND('',#5046,.T.);
#5048=ADVANCED_FACE('',(#5047),#5031,.F.);
#5049=CARTESIAN_POINT('',(-58.704008292,68.890433003,-2.));
#5050=DIRECTION('',(-1.,0.,0.));
#5051=DIRECTION('',(-0.,-1.,0.));
#5052=AXIS2_PLACEMENT_3D('',#5049,#5050,#5051);
#5053=PLANE('',#5052);
#5054=CARTESIAN_POINT('',(-58.704008292,69.024423154,-3.));
#5055=DIRECTION('',(0.,0.,1.));
#5056=VECTOR('',#5055,8.);
#5057=LINE('',#5054,#5056);
#5058=EDGE_CURVE('',#1972,#3345,#5057,.T.);
#5059=ORIENTED_EDGE('',*,*,#5058,.T.);
#5060=ORIENTED_EDGE('',*,*,#3350,.T.);
#5061=ORIENTED_EDGE('',*,*,#5036,.F.);
#5062=ORIENTED_EDGE('',*,*,#1985,.F.);
#5063=EDGE_LOOP('',(#5059,#5060,#5061,#5062));
#5064=FACE_BOUND('',#5063,.T.);
#5065=ADVANCED_FACE('',(#5064),#5053,.F.);
#5066=CARTESIAN_POINT('',(-58.587969418,69.091418229,-2.));
#5067=DIRECTION('',(-0.5,0.866025404,0.));
#5068=DIRECTION('',(-0.866025404,-0.5,0.));
#5069=AXIS2_PLACEMENT_3D('',#5066,#5067,#5068);
#5070=PLANE('',#5069);
#5071=CARTESIAN_POINT('',(-58.471930543,69.158413304,-3.));
#5072=DIRECTION('',(0.,0.,1.));
#5073=VECTOR('',#5072,8.);
#5074=LINE('',#5071,#5073);
#5075=EDGE_CURVE('',#1970,#3353,#5074,.T.);
#5076=ORIENTED_EDGE('',*,*,#5075,.T.);
#5077=ORIENTED_EDGE('',*,*,#3358,.T.);
#5078=ORIENTED_EDGE('',*,*,#5058,.F.);
#5079=ORIENTED_EDGE('',*,*,#1977,.F.);
#5080=EDGE_LOOP('',(#5076,#5077,#5078,#5079));
#5081=FACE_BOUND('',#5080,.T.);
#5082=ADVANCED_FACE('',(#5081),#5070,.F.);
#5083=CARTESIAN_POINT('',(-55.997678905,67.461923154,-2.));
#5084=DIRECTION('',(0.,0.,1.));
#5085=DIRECTION('',(1.,0.,-0.));
#5086=AXIS2_PLACEMENT_3D('',#5083,#5084,#5085);
#5087=CYLINDRICAL_SURFACE('',#5086,3.);
#5088=CARTESIAN_POINT('',(-56.229756654,70.452933003,-3.));
#5089=DIRECTION('',(0.,0.,1.));
#5090=VECTOR('',#5089,8.);
#5091=LINE('',#5088,#5090);
#5092=EDGE_CURVE('',#2114,#3361,#5091,.T.);
#5093=ORIENTED_EDGE('',*,*,#5092,.T.);
#5094=ORIENTED_EDGE('',*,*,#3367,.T.);
#5095=ORIENTED_EDGE('',*,*,#5075,.F.);
#5096=ORIENTED_EDGE('',*,*,#2126,.F.);
#5097=EDGE_LOOP('',(#5093,#5094,#5095,#5096));
#5098=FACE_BOUND('',#5097,.T.);
#5099=ADVANCED_FACE('',(#5098),#5087,.F.);
#5100=CARTESIAN_POINT('',(-56.11371778,70.519928078,-2.));
#5101=DIRECTION('',(-0.5,0.866025404,0.));
#5102=DIRECTION('',(-0.866025404,-0.5,0.));
#5103=AXIS2_PLACEMENT_3D('',#5100,#5101,#5102);
#5104=PLANE('',#5103);
#5105=CARTESIAN_POINT('',(-55.997678905,70.586923154,-3.));
#5106=DIRECTION('',(0.,0.,1.));
#5107=VECTOR('',#5106,8.);
#5108=LINE('',#5105,#5107);
#5109=EDGE_CURVE('',#2106,#3370,#5108,.T.);
#5110=ORIENTED_EDGE('',*,*,#5109,.T.);
#5111=ORIENTED_EDGE('',*,*,#3375,.T.);
#5112=ORIENTED_EDGE('',*,*,#5092,.F.);
#5113=ORIENTED_EDGE('',*,*,#2119,.F.);
#5114=EDGE_LOOP('',(#5110,#5111,#5112,#5113));
#5115=FACE_BOUND('',#5114,.T.);
#5116=ADVANCED_FACE('',(#5115),#5104,.F.);
#5117=CARTESIAN_POINT('',(-55.881640031,70.519928078,-2.));
#5118=DIRECTION('',(0.5,0.866025404,0.));
#5119=DIRECTION('',(-0.866025404,0.5,0.));
#5120=AXIS2_PLACEMENT_3D('',#5117,#5118,#5119);
#5121=PLANE('',#5120);
#5122=CARTESIAN_POINT('',(-55.765601157,70.452933003,-3.));
#5123=DIRECTION('',(0.,0.,1.));
#5124=VECTOR('',#5123,8.);
#5125=LINE('',#5122,#5124);
#5126=EDGE_CURVE('',#2097,#3378,#5125,.T.);
#5127=ORIENTED_EDGE('',*,*,#5126,.T.);
#5128=ORIENTED_EDGE('',*,*,#3383,.T.);
#5129=ORIENTED_EDGE('',*,*,#5109,.F.);
#5130=ORIENTED_EDGE('',*,*,#2111,.F.);
#5131=EDGE_LOOP('',(#5127,#5128,#5129,#5130));
#5132=FACE_BOUND('',#5131,.T.);
#5133=ADVANCED_FACE('',(#5132),#5121,.F.);
#5134=CARTESIAN_POINT('',(-55.997678905,67.461923154,-2.));
#5135=DIRECTION('',(0.,0.,1.));
#5136=DIRECTION('',(1.,0.,-0.));
#5137=AXIS2_PLACEMENT_3D('',#5134,#5135,#5136);
#5138=CYLINDRICAL_SURFACE('',#5137,3.);
#5139=CARTESIAN_POINT('',(-53.523427267,69.158413304,-3.));
#5140=DIRECTION('',(0.,0.,1.));
#5141=VECTOR('',#5140,8.);
#5142=LINE('',#5139,#5141);
#5143=EDGE_CURVE('',#2089,#3386,#5142,.T.);
#5144=ORIENTED_EDGE('',*,*,#5143,.T.);
#5145=ORIENTED_EDGE('',*,*,#3392,.T.);
#5146=ORIENTED_EDGE('',*,*,#5126,.F.);
#5147=ORIENTED_EDGE('',*,*,#2103,.F.);
#5148=EDGE_LOOP('',(#5144,#5145,#5146,#5147));
#5149=FACE_BOUND('',#5148,.T.);
#5150=ADVANCED_FACE('',(#5149),#5138,.F.);
#5151=CARTESIAN_POINT('',(-53.407388393,69.091418229,-2.));
#5152=DIRECTION('',(0.5,0.866025404,0.));
#5153=DIRECTION('',(-0.866025404,0.5,0.));
#5154=AXIS2_PLACEMENT_3D('',#5151,#5152,#5153);
#5155=PLANE('',#5154);
#5156=CARTESIAN_POINT('',(-53.291349519,69.024423154,-3.));
#5157=DIRECTION('',(0.,0.,1.));
#5158=VECTOR('',#5157,8.);
#5159=LINE('',#5156,#5158);
#5160=EDGE_CURVE('',#2081,#3395,#5159,.T.);
#5161=ORIENTED_EDGE('',*,*,#5160,.T.);
#5162=ORIENTED_EDGE('',*,*,#3400,.T.);
#5163=ORIENTED_EDGE('',*,*,#5143,.F.);
#5164=ORIENTED_EDGE('',*,*,#2094,.F.);
#5165=EDGE_LOOP('',(#5161,#5162,#5163,#5164));
#5166=FACE_BOUND('',#5165,.T.);
#5167=ADVANCED_FACE('',(#5166),#5155,.F.);
#5168=CARTESIAN_POINT('',(-53.291349519,68.890433003,-2.));
#5169=DIRECTION('',(1.,-0.,0.));
#5170=DIRECTION('',(0.,1.,0.));
#5171=AXIS2_PLACEMENT_3D('',#5168,#5169,#5170);
#5172=PLANE('',#5171);
#5173=CARTESIAN_POINT('',(-53.291349519,68.756442852,-3.));
#5174=DIRECTION('',(0.,0.,1.));
#5175=VECTOR('',#5174,8.);
#5176=LINE('',#5173,#5175);
#5177=EDGE_CURVE('',#2072,#3403,#5176,.T.);
#5178=ORIENTED_EDGE('',*,*,#5177,.T.);
#5179=ORIENTED_EDGE('',*,*,#3408,.T.);
#5180=ORIENTED_EDGE('',*,*,#5160,.F.);
#5181=ORIENTED_EDGE('',*,*,#2086,.F.);
#5182=EDGE_LOOP('',(#5178,#5179,#5180,#5181));
#5183=FACE_BOUND('',#5182,.T.);
#5184=ADVANCED_FACE('',(#5183),#5172,.F.);
#5185=CARTESIAN_POINT('',(-55.997678905,67.461923154,-2.));
#5186=DIRECTION('',(0.,0.,1.));
#5187=DIRECTION('',(1.,0.,-0.));
#5188=AXIS2_PLACEMENT_3D('',#5185,#5186,#5187);
#5189=CYLINDRICAL_SURFACE('',#5188,3.);
#5190=CARTESIAN_POINT('',(-52.997678905,67.461923154,5.));
#5191=DIRECTION('',(-0.,-0.,-1.));
#5192=VECTOR('',#5191,8.);
#5193=LINE('',#5190,#5192);
#5194=EDGE_CURVE('',#3411,#2063,#5193,.T.);
#5195=ORIENTED_EDGE('',*,*,#5194,.F.);
#5196=ORIENTED_EDGE('',*,*,#3417,.T.);
#5197=ORIENTED_EDGE('',*,*,#5177,.F.);
#5198=ORIENTED_EDGE('',*,*,#2078,.F.);
#5199=EDGE_LOOP('',(#5195,#5196,#5197,#5198));
#5200=FACE_BOUND('',#5199,.T.);
#5201=ADVANCED_FACE('',(#5200),#5189,.F.);
#5202=CARTESIAN_POINT('',(-53.291349519,66.033413304,-2.));
#5203=DIRECTION('',(1.,-0.,0.));
#5204=DIRECTION('',(0.,1.,0.));
#5205=AXIS2_PLACEMENT_3D('',#5202,#5203,#5204);
#5206=PLANE('',#5205);
#5207=CARTESIAN_POINT('',(-53.291349519,65.899423154,-3.));
#5208=DIRECTION('',(0.,0.,1.));
#5209=VECTOR('',#5208,8.);
#5210=LINE('',#5207,#5209);
#5211=EDGE_CURVE('',#2047,#3429,#5210,.T.);
#5212=ORIENTED_EDGE('',*,*,#5211,.T.);
#5213=ORIENTED_EDGE('',*,*,#3434,.T.);
#5214=CARTESIAN_POINT('',(-53.291349519,66.167403455,-3.));
#5215=DIRECTION('',(0.,0.,1.));
#5216=VECTOR('',#5215,8.);
#5217=LINE('',#5214,#5216);
#5218=EDGE_CURVE('',#2055,#3420,#5217,.T.);
#5219=ORIENTED_EDGE('',*,*,#5218,.F.);
#5220=ORIENTED_EDGE('',*,*,#2060,.F.);
#5221=EDGE_LOOP('',(#5212,#5213,#5219,#5220));
#5222=FACE_BOUND('',#5221,.T.);
#5223=ADVANCED_FACE('',(#5222),#5206,.F.);
#5224=CARTESIAN_POINT('',(-53.407388393,65.832428078,-2.));
#5225=DIRECTION('',(0.5,-0.866025404,0.));
#5226=DIRECTION('',(0.866025404,0.5,0.));
#5227=AXIS2_PLACEMENT_3D('',#5224,#5225,#5226);
#5228=PLANE('',#5227);
#5229=CARTESIAN_POINT('',(-53.523427267,65.765433003,-3.));
#5230=DIRECTION('',(0.,0.,1.));
#5231=VECTOR('',#5230,8.);
#5232=LINE('',#5229,#5231);
#5233=EDGE_CURVE('',#2038,#3437,#5232,.T.);
#5234=ORIENTED_EDGE('',*,*,#5233,.T.);
#5235=ORIENTED_EDGE('',*,*,#3442,.T.);
#5236=ORIENTED_EDGE('',*,*,#5211,.F.);
#5237=ORIENTED_EDGE('',*,*,#2052,.F.);
#5238=EDGE_LOOP('',(#5234,#5235,#5236,#5237));
#5239=FACE_BOUND('',#5238,.T.);
#5240=ADVANCED_FACE('',(#5239),#5228,.F.);
#5241=CARTESIAN_POINT('',(-55.997678905,67.461923154,-2.));
#5242=DIRECTION('',(0.,0.,1.));
#5243=DIRECTION('',(1.,0.,-0.));
#5244=AXIS2_PLACEMENT_3D('',#5241,#5242,#5243);
#5245=CYLINDRICAL_SURFACE('',#5244,3.);
#5246=CARTESIAN_POINT('',(-55.765601157,64.470913304,-3.));
#5247=DIRECTION('',(0.,0.,1.));
#5248=VECTOR('',#5247,8.);
#5249=LINE('',#5246,#5248);
#5250=EDGE_CURVE('',#2030,#3445,#5249,.T.);
#5251=ORIENTED_EDGE('',*,*,#5250,.T.);
#5252=ORIENTED_EDGE('',*,*,#3451,.T.);
#5253=ORIENTED_EDGE('',*,*,#5233,.F.);
#5254=ORIENTED_EDGE('',*,*,#2044,.F.);
#5255=EDGE_LOOP('',(#5251,#5252,#5253,#5254));
#5256=FACE_BOUND('',#5255,.T.);
#5257=ADVANCED_FACE('',(#5256),#5245,.F.);
#5258=CARTESIAN_POINT('',(-55.881640031,64.403918229,-2.));
#5259=DIRECTION('',(0.5,-0.866025404,0.));
#5260=DIRECTION('',(0.866025404,0.5,0.));
#5261=AXIS2_PLACEMENT_3D('',#5258,#5259,#5260);
#5262=PLANE('',#5261);
#5263=CARTESIAN_POINT('',(-55.997678905,64.336923154,-3.));
#5264=DIRECTION('',(0.,0.,1.));
#5265=VECTOR('',#5264,8.);
#5266=LINE('',#5263,#5265);
#5267=EDGE_CURVE('',#2022,#3454,#5266,.T.);
#5268=ORIENTED_EDGE('',*,*,#5267,.T.);
#5269=ORIENTED_EDGE('',*,*,#3459,.T.);
#5270=ORIENTED_EDGE('',*,*,#5250,.F.);
#5271=ORIENTED_EDGE('',*,*,#2035,.F.);
#5272=EDGE_LOOP('',(#5268,#5269,#5270,#5271));
#5273=FACE_BOUND('',#5272,.T.);
#5274=ADVANCED_FACE('',(#5273),#5262,.F.);
#5275=CARTESIAN_POINT('',(-56.11371778,64.403918229,-2.));
#5276=DIRECTION('',(-0.5,-0.866025404,0.));
#5277=DIRECTION('',(0.866025404,-0.5,0.));
#5278=AXIS2_PLACEMENT_3D('',#5275,#5276,#5277);
#5279=PLANE('',#5278);
#5280=CARTESIAN_POINT('',(-56.229756654,64.470913304,-3.));
#5281=DIRECTION('',(0.,0.,1.));
#5282=VECTOR('',#5281,8.);
#5283=LINE('',#5280,#5282);
#5284=EDGE_CURVE('',#2013,#3462,#5283,.T.);
#5285=ORIENTED_EDGE('',*,*,#5284,.T.);
#5286=ORIENTED_EDGE('',*,*,#3467,.T.);
#5287=ORIENTED_EDGE('',*,*,#5267,.F.);
#5288=ORIENTED_EDGE('',*,*,#2027,.F.);
#5289=EDGE_LOOP('',(#5285,#5286,#5287,#5288));
#5290=FACE_BOUND('',#5289,.T.);
#5291=ADVANCED_FACE('',(#5290),#5279,.F.);
#5292=CARTESIAN_POINT('',(-55.997678905,67.461923154,-2.));
#5293=DIRECTION('',(0.,0.,1.));
#5294=DIRECTION('',(1.,0.,-0.));
#5295=AXIS2_PLACEMENT_3D('',#5292,#5293,#5294);
#5296=CYLINDRICAL_SURFACE('',#5295,3.);
#5297=CARTESIAN_POINT('',(-58.471930543,65.765433003,-3.));
#5298=DIRECTION('',(0.,0.,1.));
#5299=VECTOR('',#5298,8.);
#5300=LINE('',#5297,#5299);
#5301=EDGE_CURVE('',#2005,#3470,#5300,.T.);
#5302=ORIENTED_EDGE('',*,*,#5301,.T.);
#5303=ORIENTED_EDGE('',*,*,#3476,.T.);
#5304=ORIENTED_EDGE('',*,*,#5284,.F.);
#5305=ORIENTED_EDGE('',*,*,#2019,.F.);
#5306=EDGE_LOOP('',(#5302,#5303,#5304,#5305));
#5307=FACE_BOUND('',#5306,.T.);
#5308=ADVANCED_FACE('',(#5307),#5296,.F.);
#5309=CARTESIAN_POINT('',(-58.587969418,65.832428078,-2.));
#5310=DIRECTION('',(-0.5,-0.866025404,0.));
#5311=DIRECTION('',(0.866025404,-0.5,0.));
#5312=AXIS2_PLACEMENT_3D('',#5309,#5310,#5311);
#5313=PLANE('',#5312);
#5314=CARTESIAN_POINT('',(-58.704008292,65.899423154,-3.));
#5315=DIRECTION('',(0.,0.,1.));
#5316=VECTOR('',#5315,8.);
#5317=LINE('',#5314,#5316);
#5318=EDGE_CURVE('',#1997,#3479,#5317,.T.);
#5319=ORIENTED_EDGE('',*,*,#5318,.T.);
#5320=ORIENTED_EDGE('',*,*,#3484,.T.);
#5321=ORIENTED_EDGE('',*,*,#5301,.F.);
#5322=ORIENTED_EDGE('',*,*,#2010,.F.);
#5323=EDGE_LOOP('',(#5319,#5320,#5321,#5322));
#5324=FACE_BOUND('',#5323,.T.);
#5325=ADVANCED_FACE('',(#5324),#5313,.F.);
#5326=CARTESIAN_POINT('',(-22.997690512,94.016298092,-2.));
#5327=DIRECTION('',(-1.,-0.,0.));
#5328=DIRECTION('',(0.,-1.,0.));
#5329=AXIS2_PLACEMENT_3D('',#5326,#5327,#5328);
#5330=PLANE('',#5329);
#5331=CARTESIAN_POINT('',(-22.997690512,111.016323564,-2.));
#5332=VERTEX_POINT('',#5331);
#5333=CARTESIAN_POINT('',(-22.997690512,111.016323564,0.));
#5334=VERTEX_POINT('',#5333);
#5335=CARTESIAN_POINT('',(-22.997690512,111.016323564,-2.));
#5336=DIRECTION('',(0.,0.,1.));
#5337=VECTOR('',#5336,2.);
#5338=LINE('',#5335,#5337);
#5339=EDGE_CURVE('',#5332,#5334,#5338,.T.);
#5340=ORIENTED_EDGE('',*,*,#5339,.T.);
#5341=CARTESIAN_POINT('',(-22.997690512,111.016323564,5.));
#5342=DIRECTION('',(-0.,-0.,-1.));
#5343=VECTOR('',#5342,5.);
#5344=LINE('',#5341,#5343);
#5345=EDGE_CURVE('',#3284,#5334,#5344,.T.);
#5346=ORIENTED_EDGE('',*,*,#5345,.F.);
#5347=ORIENTED_EDGE('',*,*,#3291,.T.);
#5348=CARTESIAN_POINT('',(-22.997690512,77.016323752,-3.));
#5349=DIRECTION('',(0.,0.,1.));
#5350=VECTOR('',#5349,8.);
#5351=LINE('',#5348,#5350);
#5352=EDGE_CURVE('',#1176,#3286,#5351,.T.);
#5353=ORIENTED_EDGE('',*,*,#5352,.F.);
#5354=ORIENTED_EDGE('',*,*,#1181,.F.);
#5355=CARTESIAN_POINT('',(-22.997686937,94.016316163,-19.881943016));
#5356=VERTEX_POINT('',#5355);
#5357=CARTESIAN_POINT('',(-22.997686937,94.016316163,-3.));
#5358=DIRECTION('',(1.,0.,-0.));
#5359=DIRECTION('',(0.,-1.,0.));
#5360=AXIS2_PLACEMENT_3D('',#5357,#5358,#5359);
#5361=CIRCLE('',#5360,16.881943016);
#5362=EDGE_CURVE('',#1167,#5356,#5361,.T.);
#5363=ORIENTED_EDGE('',*,*,#5362,.T.);
#5364=CARTESIAN_POINT('',(-22.997686937,94.016316163,-3.));
#5365=DIRECTION('',(1.,0.,-0.));
#5366=DIRECTION('',(0.,-1.,0.));
#5367=AXIS2_PLACEMENT_3D('',#5364,#5365,#5366);
#5368=CIRCLE('',#5367,16.881943016);
#5369=EDGE_CURVE('',#5356,#1159,#5368,.T.);
#5370=ORIENTED_EDGE('',*,*,#5369,.T.);
#5371=ORIENTED_EDGE('',*,*,#1164,.F.);
#5372=CARTESIAN_POINT('',(-22.997690512,111.016272433,-3.));
#5373=DIRECTION('',(0.,0.,1.));
#5374=VECTOR('',#5373,1.);
#5375=LINE('',#5372,#5374);
#5376=EDGE_CURVE('',#1151,#5332,#5375,.T.);
#5377=ORIENTED_EDGE('',*,*,#5376,.T.);
#5378=EDGE_LOOP('',(#5340,#5346,#5347,#5353,#5354,#5363,#5370,#5371,#5377));
#5379=FACE_BOUND('',#5378,.T.);
#5380=ADVANCED_FACE('',(#5379),#5330,.F.);
#5381=CARTESIAN_POINT('',(-22.986047036,111.016272179,-2.));
#5382=DIRECTION('',(-0.000021818,-1.,0.));
#5383=DIRECTION('',(1.,-0.000021818,0.));
#5384=AXIS2_PLACEMENT_3D('',#5381,#5382,#5383);
#5385=PLANE('',#5384);
#5386=CARTESIAN_POINT('',(-22.974403561,111.016271925,-3.));
#5387=DIRECTION('',(0.,0.,1.));
#5388=VECTOR('',#5387,8.);
#5389=LINE('',#5386,#5388);
#5390=EDGE_CURVE('',#1143,#3294,#5389,.T.);
#5391=ORIENTED_EDGE('',*,*,#5390,.T.);
#5392=ORIENTED_EDGE('',*,*,#3299,.F.);
#5393=ORIENTED_EDGE('',*,*,#5345,.T.);
#5394=ORIENTED_EDGE('',*,*,#5339,.F.);
#5395=ORIENTED_EDGE('',*,*,#5376,.F.);
#5396=ORIENTED_EDGE('',*,*,#1156,.T.);
#5397=EDGE_LOOP('',(#5391,#5392,#5393,#5394,#5395,#5396));
#5398=FACE_BOUND('',#5397,.T.);
#5399=ADVANCED_FACE('',(#5398),#5385,.T.);
#5400=CARTESIAN_POINT('',(0.011839706,111.01640982,-2.));
#5401=DIRECTION('',(0.000005999,-1.,0.));
#5402=DIRECTION('',(1.,0.000005999,0.));
#5403=AXIS2_PLACEMENT_3D('',#5400,#5401,#5402);
#5404=PLANE('',#5403);
#5405=CARTESIAN_POINT('',(22.998082973,111.016547716,-3.));
#5406=DIRECTION('',(0.,0.,1.));
#5407=VECTOR('',#5406,8.);
#5408=LINE('',#5405,#5407);
#5409=EDGE_CURVE('',#1135,#3302,#5408,.T.);
#5410=ORIENTED_EDGE('',*,*,#5409,.T.);
#5411=ORIENTED_EDGE('',*,*,#3307,.F.);
#5412=ORIENTED_EDGE('',*,*,#5390,.F.);
#5413=ORIENTED_EDGE('',*,*,#1148,.T.);
#5414=EDGE_LOOP('',(#5410,#5411,#5412,#5413));
#5415=FACE_BOUND('',#5414,.T.);
#5416=ADVANCED_FACE('',(#5415),#5404,.T.);
#5417=CARTESIAN_POINT('',(22.998248665,94.01654781,-2.));
#5418=DIRECTION('',(-1.,-0.000009747,0.));
#5419=DIRECTION('',(0.000009747,-1.,0.));
#5420=AXIS2_PLACEMENT_3D('',#5417,#5418,#5419);
#5421=PLANE('',#5420);
#5422=CARTESIAN_POINT('',(22.998414358,77.016547905,-3.));
#5423=DIRECTION('',(0.,0.,1.));
#5424=VECTOR('',#5423,8.);
#5425=LINE('',#5422,#5424);
#5426=EDGE_CURVE('',#1109,#3310,#5425,.T.);
#5427=ORIENTED_EDGE('',*,*,#5426,.T.);
#5428=ORIENTED_EDGE('',*,*,#3315,.F.);
#5429=ORIENTED_EDGE('',*,*,#5409,.F.);
#5430=ORIENTED_EDGE('',*,*,#1140,.T.);
#5431=CARTESIAN_POINT('',(22.998248679,94.016540315,-19.881943016));
#5432=VERTEX_POINT('',#5431);
#5433=CARTESIAN_POINT('',(22.998248679,94.016540315,-3.));
#5434=DIRECTION('',(-1.,-0.000009747,0.));
#5435=DIRECTION('',(0.000009747,-1.,0.));
#5436=AXIS2_PLACEMENT_3D('',#5433,#5434,#5435);
#5437=CIRCLE('',#5436,16.881943016);
#5438=EDGE_CURVE('',#1126,#5432,#5437,.T.);
#5439=ORIENTED_EDGE('',*,*,#5438,.T.);
#5440=CARTESIAN_POINT('',(22.998248679,94.016540315,-3.));
#5441=DIRECTION('',(-1.,-0.000009747,0.));
#5442=DIRECTION('',(0.000009747,-1.,0.));
#5443=AXIS2_PLACEMENT_3D('',#5440,#5441,#5442);
#5444=CIRCLE('',#5443,16.881943016);
#5445=EDGE_CURVE('',#5432,#1107,#5444,.T.);
#5446=ORIENTED_EDGE('',*,*,#5445,.T.);
#5447=ORIENTED_EDGE('',*,*,#1114,.T.);
#5448=EDGE_LOOP('',(#5427,#5428,#5429,#5430,#5439,#5446,#5447));
#5449=FACE_BOUND('',#5448,.T.);
#5450=ADVANCED_FACE('',(#5449),#5421,.T.);
#5451=CARTESIAN_POINT('',(11.499388141,77.016435807,-2.));
#5452=DIRECTION('',(-0.000009748,1.,0.));
#5453=DIRECTION('',(-1.,-0.000009748,0.));
#5454=AXIS2_PLACEMENT_3D('',#5451,#5452,#5453);
#5455=PLANE('',#5454);
#5456=CARTESIAN_POINT('',(0.000361923,77.016323709,-3.));
#5457=DIRECTION('',(0.,0.,1.));
#5458=VECTOR('',#5457,8.);
#5459=LINE('',#5456,#5458);
#5460=EDGE_CURVE('',#1184,#3318,#5459,.T.);
#5461=ORIENTED_EDGE('',*,*,#5460,.T.);
#5462=ORIENTED_EDGE('',*,*,#3323,.F.);
#5463=ORIENTED_EDGE('',*,*,#5426,.F.);
#5464=ORIENTED_EDGE('',*,*,#1195,.T.);
#5465=EDGE_LOOP('',(#5461,#5462,#5463,#5464));
#5466=FACE_BOUND('',#5465,.T.);
#5467=ADVANCED_FACE('',(#5466),#5455,.T.);
#5468=CARTESIAN_POINT('',(31.000940547,58.50030215,-2.));
#5469=DIRECTION('',(0.,0.,1.));
#5470=DIRECTION('',(1.,0.,-0.));
#5471=AXIS2_PLACEMENT_3D('',#5468,#5469,#5470);
#5472=CYLINDRICAL_SURFACE('',#5471,13.5);
#5473=ORIENTED_EDGE('',*,*,#1666,.T.);
#5474=CARTESIAN_POINT('',(42.309717494,51.127272653,-3.));
#5475=DIRECTION('',(0.,0.,1.));
#5476=VECTOR('',#5475,8.);
#5477=LINE('',#5474,#5476);
#5478=EDGE_CURVE('',#1651,#3018,#5477,.T.);
#5479=ORIENTED_EDGE('',*,*,#5478,.T.);
#5480=ORIENTED_EDGE('',*,*,#3024,.F.);
#5481=CARTESIAN_POINT('',(17.752936462,55.904076473,5.));
#5482=DIRECTION('',(-0.,-0.,-1.));
#5483=VECTOR('',#5482,8.);
#5484=LINE('',#5481,#5483);
#5485=EDGE_CURVE('',#3009,#1660,#5484,.T.);
#5486=ORIENTED_EDGE('',*,*,#5485,.T.);
#5487=EDGE_LOOP('',(#5473,#5479,#5480,#5486));
#5488=FACE_BOUND('',#5487,.T.);
#5489=ADVANCED_FACE('',(#5488),#5472,.T.);
#5490=CARTESIAN_POINT('',(56.805288161,4.67657592,-2.));
#5491=CARTESIAN_POINT('',(56.805288161,4.67657592,0.));
#5492=CARTESIAN_POINT('',(59.940533045,13.198930835,-2.));
#5493=CARTESIAN_POINT('',(59.940533045,13.198930835,0.));
#5494=CARTESIAN_POINT('',(64.216119446,29.990642685,-2.));
#5495=CARTESIAN_POINT('',(64.216119446,29.990642685,0.));
#5496=CARTESIAN_POINT('',(57.789861262,45.881415667,-2.));
#5497=CARTESIAN_POINT('',(57.789861262,45.881415667,0.));
#5498=CARTESIAN_POINT('',(50.391384525,51.211602644,-2.));
#5499=CARTESIAN_POINT('',(50.391384525,51.211602644,0.));
#5500=CARTESIAN_POINT('',(46.928626879,52.605999338,-2.));
#5501=CARTESIAN_POINT('',(46.928626879,52.605999338,0.));
#5502=CARTESIAN_POINT('',(46.745011472,52.676547846,-2.));
#5503=CARTESIAN_POINT('',(46.745011472,52.676547846,0.));
#5504=B_SPLINE_SURFACE_WITH_KNOTS('',4,1,((#5490,#5491),(#5492,#5493),(#5494,#5495),(#5496,#5497),(#5498,#5499),(#5500,#5501),(#5502,#5503)),.UNSPECIFIED.,.F.,.F.,.U.,(5,1,1,5),(2,2),(0.019817075,0.166666667,0.333333333,0.342760077),(0.,1.),.UNSPECIFIED.);
#5505=CARTESIAN_POINT('',(56.805288161,4.67657592,0.));
#5506=VERTEX_POINT('',#5505);
#5507=CARTESIAN_POINT('',(46.745011472,52.676547846,0.));
#5508=VERTEX_POINT('',#5507);
#5509=CARTESIAN_POINT('',(56.805288161,4.67657592,0.));
#5510=CARTESIAN_POINT('',(59.940533045,13.198930835,0.));
#5511=CARTESIAN_POINT('',(64.216119446,29.990642685,0.));
#5512=CARTESIAN_POINT('',(57.789861262,45.881415667,0.));
#5513=CARTESIAN_POINT('',(50.391384525,51.211602644,0.));
#5514=CARTESIAN_POINT('',(46.928626879,52.605999338,0.));
#5515=CARTESIAN_POINT('',(46.745011472,52.676547846,0.));
#5516=B_SPLINE_CURVE_WITH_KNOTS('',4,(#5509,#5510,#5511,#5512,#5513,#5514,#5515),.UNSPECIFIED.,.F.,.F.,(5,1,1,5),(0.019817075,0.166666667,0.333333333,0.342760077),.UNSPECIFIED.);
#5517=EDGE_CURVE('',#5506,#5508,#5516,.T.);
#5518=ORIENTED_EDGE('',*,*,#5517,.T.);
#5519=CARTESIAN_POINT('',(46.745011472,52.676547846,-2.));
#5520=VERTEX_POINT('',#5519);
#5521=CARTESIAN_POINT('',(46.745011472,52.676547846,0.));
#5522=DIRECTION('',(-0.,-0.,-1.));
#5523=VECTOR('',#5522,2.);
#5524=LINE('',#5521,#5523);
#5525=EDGE_CURVE('',#5508,#5520,#5524,.T.);
#5526=ORIENTED_EDGE('',*,*,#5525,.T.);
#5527=CARTESIAN_POINT('',(56.805288161,4.67657592,-2.));
#5528=VERTEX_POINT('',#5527);
#5529=CARTESIAN_POINT('',(56.805288161,4.67657592,-2.));
#5530=CARTESIAN_POINT('',(59.940533045,13.198930835,-2.));
#5531=CARTESIAN_POINT('',(64.216119446,29.990642685,-2.));
#5532=CARTESIAN_POINT('',(57.789861262,45.881415667,-2.));
#5533=CARTESIAN_POINT('',(50.391384525,51.211602644,-2.));
#5534=CARTESIAN_POINT('',(46.928626879,52.605999338,-2.));
#5535=CARTESIAN_POINT('',(46.745011472,52.676547846,-2.));
#5536=B_SPLINE_CURVE_WITH_KNOTS('',4,(#5529,#5530,#5531,#5532,#5533,#5534,#5535),.UNSPECIFIED.,.F.,.F.,(5,1,1,5),(0.019817075,0.166666667,0.333333333,0.342760077),.UNSPECIFIED.);
#5537=EDGE_CURVE('',#5528,#5520,#5536,.T.);
#5538=ORIENTED_EDGE('',*,*,#5537,.F.);
#5539=CARTESIAN_POINT('',(56.805288161,4.67657592,-2.));
#5540=CARTESIAN_POINT('',(56.805288161,4.67657592,-1.333333333));
#5541=CARTESIAN_POINT('',(56.805288161,4.67657592,-0.666666667));
#5542=CARTESIAN_POINT('',(56.805288161,4.67657592,0.));
#5543=B_SPLINE_CURVE_WITH_KNOTS('',3,(#5539,#5540,#5541,#5542),.UNSPECIFIED.,.F.,.F.,(4,4),(0.,1.),.UNSPECIFIED.);
#5544=EDGE_CURVE('',#5528,#5506,#5543,.T.);
#5545=ORIENTED_EDGE('',*,*,#5544,.T.);
#5546=EDGE_LOOP('',(#5518,#5526,#5538,#5545));
#5547=FACE_BOUND('',#5546,.T.);
#5548=ADVANCED_FACE('',(#5547),#5504,.F.);
#5549=CARTESIAN_POINT('',(56.110748496,2.828529907,-2.));
#5550=CARTESIAN_POINT('',(56.110748496,2.828529907,0.));
#5551=CARTESIAN_POINT('',(56.110750046,2.82853395,-2.));
#5552=CARTESIAN_POINT('',(56.110750046,2.82853395,0.));
#5553=CARTESIAN_POINT('',(56.110751595,2.828537994,-2.));
#5554=CARTESIAN_POINT('',(56.110751595,2.828537994,0.));
#5555=CARTESIAN_POINT('',(56.110753145,2.828542037,-2.));
#5556=CARTESIAN_POINT('',(56.110753145,2.828542037,0.));
#5557=CARTESIAN_POINT('',(56.110754694,2.828546081,-2.));
#5558=CARTESIAN_POINT('',(56.110754694,2.828546081,0.));
#5559=CARTESIAN_POINT('',(56.288937166,3.293533828,-2.));
#5560=CARTESIAN_POINT('',(56.288937166,3.293533828,0.));
#5561=CARTESIAN_POINT('',(56.464218363,3.756492211,-2.));
#5562=CARTESIAN_POINT('',(56.464218363,3.756492211,0.));
#5563=CARTESIAN_POINT('',(56.636396544,4.2174876,-2.));
#5564=CARTESIAN_POINT('',(56.636396544,4.2174876,0.));
#5565=CARTESIAN_POINT('',(56.805288161,4.67657592,-2.));
#5566=CARTESIAN_POINT('',(56.805288161,4.67657592,0.));
#5567=B_SPLINE_SURFACE_WITH_KNOTS('',4,1,((#5549,#5550),(#5551,#5552),(#5553,#5554),(#5555,#5556),(#5557,#5558),(#5559,#5560),(#5561,#5562),(#5563,#5564),(#5565,#5566)),.UNSPECIFIED.,.F.,.F.,.U.,(5,4,5),(2,2),(0.011906407,0.011906476,0.019817075),(0.,1.),.UNSPECIFIED.);
#5568=CARTESIAN_POINT('',(56.110748029,2.828530086,0.));
#5569=VERTEX_POINT('',#5568);
#5570=CARTESIAN_POINT('',(56.110754694,2.828546081,0.));
#5571=CARTESIAN_POINT('',(56.288937166,3.293533828,0.));
#5572=CARTESIAN_POINT('',(56.464218363,3.756492211,0.));
#5573=CARTESIAN_POINT('',(56.636396544,4.2174876,0.));
#5574=CARTESIAN_POINT('',(56.805288161,4.67657592,0.));
#5575=B_SPLINE_CURVE_WITH_KNOTS('',4,(#5570,#5571,#5572,#5573,#5574),.UNSPECIFIED.,.F.,.F.,(5,5),(0.011906476,0.019817075),.UNSPECIFIED.);
#5576=EDGE_CURVE('',#5569,#5506,#5575,.T.);
#5577=ORIENTED_EDGE('',*,*,#5576,.T.);
#5578=ORIENTED_EDGE('',*,*,#5544,.F.);
#5579=CARTESIAN_POINT('',(56.110748029,2.828530086,-2.));
#5580=VERTEX_POINT('',#5579);
#5581=CARTESIAN_POINT('',(56.110754694,2.828546081,-2.));
#5582=CARTESIAN_POINT('',(56.288937166,3.293533828,-2.));
#5583=CARTESIAN_POINT('',(56.464218363,3.756492211,-2.));
#5584=CARTESIAN_POINT('',(56.636396544,4.2174876,-2.));
#5585=CARTESIAN_POINT('',(56.805288161,4.67657592,-2.));
#5586=B_SPLINE_CURVE_WITH_KNOTS('',4,(#5581,#5582,#5583,#5584,#5585),.UNSPECIFIED.,.F.,.F.,(5,5),(0.011906476,0.019817075),.UNSPECIFIED.);
#5587=EDGE_CURVE('',#5580,#5528,#5586,.T.);
#5588=ORIENTED_EDGE('',*,*,#5587,.F.);
#5589=CARTESIAN_POINT('',(56.110748496,2.828529907,-2.));
#5590=CARTESIAN_POINT('',(56.110748496,2.828529907,-1.333333333));
#5591=CARTESIAN_POINT('',(56.110748496,2.828529907,-0.666666667));
#5592=CARTESIAN_POINT('',(56.110748496,2.828529907,0.));
#5593=B_SPLINE_CURVE_WITH_KNOTS('',3,(#5589,#5590,#5591,#5592),.UNSPECIFIED.,.F.,.F.,(4,4),(0.,1.),.UNSPECIFIED.);
#5594=EDGE_CURVE('',#5580,#5569,#5593,.T.);
#5595=ORIENTED_EDGE('',*,*,#5594,.T.);
#5596=EDGE_LOOP('',(#5577,#5578,#5588,#5595));
#5597=FACE_BOUND('',#5596,.T.);
#5598=ADVANCED_FACE('',(#5597),#5567,.F.);
#5599=CARTESIAN_POINT('',(56.110748033,2.828530085,-2.));
#5600=CARTESIAN_POINT('',(56.110748033,2.828530085,0.));
#5601=CARTESIAN_POINT('',(55.1205101,0.000537232,-2.));
#5602=CARTESIAN_POINT('',(55.1205101,0.000537232,0.));
#5603=CARTESIAN_POINT('',(55.773089494,0.000543592,-2.));
#5604=CARTESIAN_POINT('',(55.773089494,0.000543592,0.));
#5605=CARTESIAN_POINT('',(60.001413257,0.000584804,-2.));
#5606=CARTESIAN_POINT('',(60.001413257,0.000584804,0.));
#5607=B_SPLINE_SURFACE_WITH_KNOTS('',3,1,((#5599,#5600),(#5601,#5602),(#5603,#5604),(#5605,#5606)),.UNSPECIFIED.,.F.,.F.,.U.,(4,4),(2,2),(0.154335247,1.),(0.,1.),.UNSPECIFIED.);
#5608=CARTESIAN_POINT('',(60.001413257,0.000584804,0.));
#5609=VERTEX_POINT('',#5608);
#5610=CARTESIAN_POINT('',(56.110748033,2.828530084,0.));
#5611=CARTESIAN_POINT('',(55.1205101,0.000537232,0.));
#5612=CARTESIAN_POINT('',(55.773089494,0.000543592,0.));
#5613=CARTESIAN_POINT('',(60.001413257,0.000584804,0.));
#5614=B_SPLINE_CURVE_WITH_KNOTS('',3,(#5610,#5611,#5612,#5613),.UNSPECIFIED.,.F.,.F.,(4,4),(0.154335247,1.),.UNSPECIFIED.);
#5615=EDGE_CURVE('',#5569,#5609,#5614,.T.);
#5616=ORIENTED_EDGE('',*,*,#5615,.F.);
#5617=ORIENTED_EDGE('',*,*,#5594,.F.);
#5618=CARTESIAN_POINT('',(60.001413257,0.000584804,-2.));
#5619=VERTEX_POINT('',#5618);
#5620=CARTESIAN_POINT('',(56.110748033,2.828530084,-2.));
#5621=CARTESIAN_POINT('',(55.1205101,0.000537232,-2.));
#5622=CARTESIAN_POINT('',(55.773089494,0.000543592,-2.));
#5623=CARTESIAN_POINT('',(60.001413257,0.000584804,-2.));
#5624=B_SPLINE_CURVE_WITH_KNOTS('',3,(#5620,#5621,#5622,#5623),.UNSPECIFIED.,.F.,.F.,(4,4),(0.154335247,1.),.UNSPECIFIED.);
#5625=EDGE_CURVE('',#5580,#5619,#5624,.T.);
#5626=ORIENTED_EDGE('',*,*,#5625,.T.);
#5627=CARTESIAN_POINT('',(60.001413257,0.000584804,-2.));
#5628=DIRECTION('',(0.,0.,1.));
#5629=VECTOR('',#5628,2.);
#5630=LINE('',#5627,#5629);
#5631=EDGE_CURVE('',#5619,#5609,#5630,.T.);
#5632=ORIENTED_EDGE('',*,*,#5631,.T.);
#5633=EDGE_LOOP('',(#5616,#5617,#5626,#5632));
#5634=FACE_BOUND('',#5633,.T.);
#5635=ADVANCED_FACE('',(#5634),#5607,.T.);
#5636=CARTESIAN_POINT('',(80.001413256,0.000779736,-2.));
#5637=DIRECTION('',(-0.000009747,1.,0.));
#5638=DIRECTION('',(-1.,-0.000009747,0.));
#5639=AXIS2_PLACEMENT_3D('',#5636,#5637,#5638);
#5640=PLANE('',#5639);
#5641=CARTESIAN_POINT('',(100.001413255,0.000974669,-2.));
#5642=VERTEX_POINT('',#5641);
#5643=CARTESIAN_POINT('',(100.001413255,0.000974669,0.));
#5644=VERTEX_POINT('',#5643);
#5645=CARTESIAN_POINT('',(100.001413255,0.000974669,-2.));
#5646=DIRECTION('',(0.,0.,1.));
#5647=VECTOR('',#5646,2.);
#5648=LINE('',#5645,#5647);
#5649=EDGE_CURVE('',#5642,#5644,#5648,.T.);
#5650=ORIENTED_EDGE('',*,*,#5649,.T.);
#5651=CARTESIAN_POINT('',(100.001413255,0.000974669,5.));
#5652=DIRECTION('',(0.,0.,-1.));
#5653=VECTOR('',#5652,5.);
#5654=LINE('',#5651,#5653);
#5655=EDGE_CURVE('',#3159,#5644,#5654,.T.);
#5656=ORIENTED_EDGE('',*,*,#5655,.F.);
#5657=ORIENTED_EDGE('',*,*,#3164,.T.);
#5658=CARTESIAN_POINT('',(60.001413257,0.000584804,5.));
#5659=DIRECTION('',(0.,0.,-1.));
#5660=VECTOR('',#5659,5.);
#5661=LINE('',#5658,#5660);
#5662=EDGE_CURVE('',#3114,#5609,#5661,.T.);
#5663=ORIENTED_EDGE('',*,*,#5662,.T.);
#5664=ORIENTED_EDGE('',*,*,#5631,.F.);
#5665=CARTESIAN_POINT('',(60.001413257,0.000584804,-3.));
#5666=DIRECTION('',(0.,0.,1.));
#5667=VECTOR('',#5666,1.);
#5668=LINE('',#5665,#5667);
#5669=EDGE_CURVE('',#1520,#5619,#5668,.T.);
#5670=ORIENTED_EDGE('',*,*,#5669,.F.);
#5671=ORIENTED_EDGE('',*,*,#1525,.F.);
#5672=CARTESIAN_POINT('',(100.001413255,0.000974669,-3.));
#5673=DIRECTION('',(0.,0.,1.));
#5674=VECTOR('',#5673,1.);
#5675=LINE('',#5672,#5674);
#5676=EDGE_CURVE('',#1466,#5642,#5675,.T.);
#5677=ORIENTED_EDGE('',*,*,#5676,.T.);
#5678=EDGE_LOOP('',(#5650,#5656,#5657,#5663,#5664,#5670,#5671,#5677));
#5679=FACE_BOUND('',#5678,.T.);
#5680=ADVANCED_FACE('',(#5679),#5640,.F.);
#5681=CARTESIAN_POINT('',(107.184596968,3.698204856,-2.));
#5682=CARTESIAN_POINT('',(107.184596968,3.698204856,0.));
#5683=CARTESIAN_POINT('',(108.880177363,0.001061206,-2.));
#5684=CARTESIAN_POINT('',(108.880177363,0.001061206,0.));
#5685=CARTESIAN_POINT('',(107.956844914,0.001052207,-2.));
#5686=CARTESIAN_POINT('',(107.956844914,0.001052207,0.));
#5687=CARTESIAN_POINT('',(100.001413255,0.000974669,-2.));
#5688=CARTESIAN_POINT('',(100.001413255,0.000974669,0.));
#5689=B_SPLINE_SURFACE_WITH_KNOTS('',3,1,((#5681,#5682),(#5683,#5684),(#5685,#5686),(#5687,#5688)),.UNSPECIFIED.,.F.,.F.,.U.,(4,4),(2,2),(0.116063149,1.),(0.,1.),.UNSPECIFIED.);
#5690=CARTESIAN_POINT('',(107.184596017,3.698204525,0.));
#5691=VERTEX_POINT('',#5690);
#5692=CARTESIAN_POINT('',(107.184596968,3.698204856,0.));
#5693=CARTESIAN_POINT('',(108.880177363,0.001061206,0.));
#5694=CARTESIAN_POINT('',(107.956844914,0.001052207,0.));
#5695=CARTESIAN_POINT('',(100.001413255,0.000974669,0.));
#5696=B_SPLINE_CURVE_WITH_KNOTS('',3,(#5692,#5693,#5694,#5695),.UNSPECIFIED.,.F.,.F.,(4,4),(0.116063149,1.),.UNSPECIFIED.);
#5697=EDGE_CURVE('',#5691,#5644,#5696,.T.);
#5698=ORIENTED_EDGE('',*,*,#5697,.T.);
#5699=ORIENTED_EDGE('',*,*,#5649,.F.);
#5700=CARTESIAN_POINT('',(107.184596017,3.698204525,-2.));
#5701=VERTEX_POINT('',#5700);
#5702=CARTESIAN_POINT('',(107.184596968,3.698204856,-2.));
#5703=CARTESIAN_POINT('',(108.880177363,0.001061206,-2.));
#5704=CARTESIAN_POINT('',(107.956844914,0.001052207,-2.));
#5705=CARTESIAN_POINT('',(100.001413255,0.000974669,-2.));
#5706=B_SPLINE_CURVE_WITH_KNOTS('',3,(#5702,#5703,#5704,#5705),.UNSPECIFIED.,.F.,.F.,(4,4),(0.116063149,1.),.UNSPECIFIED.);
#5707=EDGE_CURVE('',#5701,#5642,#5706,.T.);
#5708=ORIENTED_EDGE('',*,*,#5707,.F.);
#5709=CARTESIAN_POINT('',(107.184596968,3.698204856,-2.));
#5710=CARTESIAN_POINT('',(107.184596968,3.698204856,-1.333333333));
#5711=CARTESIAN_POINT('',(107.184596968,3.698204856,-0.666666667));
#5712=CARTESIAN_POINT('',(107.184596968,3.698204856,0.));
#5713=B_SPLINE_CURVE_WITH_KNOTS('',3,(#5709,#5710,#5711,#5712),.UNSPECIFIED.,.F.,.F.,(4,4),(0.,1.),.UNSPECIFIED.);
#5714=EDGE_CURVE('',#5701,#5691,#5713,.T.);
#5715=ORIENTED_EDGE('',*,*,#5714,.T.);
#5716=EDGE_LOOP('',(#5698,#5699,#5708,#5715));
#5717=FACE_BOUND('',#5716,.T.);
#5718=ADVANCED_FACE('',(#5717),#5689,.F.);
#5719=CARTESIAN_POINT('',(106.391253804,5.354081375,-2.));
#5720=CARTESIAN_POINT('',(106.391253804,5.354081375,0.));
#5721=CARTESIAN_POINT('',(106.391259222,5.354069977,-2.));
#5722=CARTESIAN_POINT('',(106.391259222,5.354069977,0.));
#5723=CARTESIAN_POINT('',(106.39126464,5.354058579,-2.));
#5724=CARTESIAN_POINT('',(106.39126464,5.354058579,0.));
#5725=CARTESIAN_POINT('',(106.391270058,5.354047181,-2.));
#5726=CARTESIAN_POINT('',(106.391270058,5.354047181,0.));
#5727=CARTESIAN_POINT('',(106.391275476,5.354035783,-2.));
#5728=CARTESIAN_POINT('',(106.391275476,5.354035783,0.));
#5729=CARTESIAN_POINT('',(106.586436616,4.943474258,-2.));
#5730=CARTESIAN_POINT('',(106.586436616,4.943474258,0.));
#5731=CARTESIAN_POINT('',(106.783684635,4.530657337,-2.));
#5732=CARTESIAN_POINT('',(106.783684635,4.530657337,0.));
#5733=CARTESIAN_POINT('',(106.983058059,4.115571776,-2.));
#5734=CARTESIAN_POINT('',(106.983058059,4.115571776,0.));
#5735=CARTESIAN_POINT('',(107.184596017,3.698204525,-2.));
#5736=CARTESIAN_POINT('',(107.184596017,3.698204525,0.));
#5737=B_SPLINE_SURFACE_WITH_KNOTS('',4,1,((#5719,#5720),(#5721,#5722),(#5723,#5724),(#5725,#5726),(#5727,#5728),(#5729,#5730),(#5731,#5732),(#5733,#5734),(#5735,#5736)),.UNSPECIFIED.,.F.,.F.,.U.,(5,4,5),(2,2),(0.965669786,0.965670086,0.976481179),(0.,1.),.UNSPECIFIED.);
#5738=CARTESIAN_POINT('',(106.391253804,5.354081375,0.));
#5739=VERTEX_POINT('',#5738);
#5740=CARTESIAN_POINT('',(106.391275476,5.354035783,0.));
#5741=CARTESIAN_POINT('',(106.586436616,4.943474258,0.));
#5742=CARTESIAN_POINT('',(106.783684635,4.530657337,0.));
#5743=CARTESIAN_POINT('',(106.983058059,4.115571776,0.));
#5744=CARTESIAN_POINT('',(107.184596017,3.698204525,0.));
#5745=B_SPLINE_CURVE_WITH_KNOTS('',4,(#5740,#5741,#5742,#5743,#5744),.UNSPECIFIED.,.F.,.F.,(5,5),(0.965670086,0.976481179),.UNSPECIFIED.);
#5746=EDGE_CURVE('',#5739,#5691,#5745,.T.);
#5747=ORIENTED_EDGE('',*,*,#5746,.T.);
#5748=ORIENTED_EDGE('',*,*,#5714,.F.);
#5749=CARTESIAN_POINT('',(106.391271691,5.354043748,-2.));
#5750=VERTEX_POINT('',#5749);
#5751=CARTESIAN_POINT('',(106.391275476,5.354035783,-2.));
#5752=CARTESIAN_POINT('',(106.586436616,4.943474258,-2.));
#5753=CARTESIAN_POINT('',(106.783684635,4.530657337,-2.));
#5754=CARTESIAN_POINT('',(106.983058059,4.115571776,-2.));
#5755=CARTESIAN_POINT('',(107.184596017,3.698204525,-2.));
#5756=B_SPLINE_CURVE_WITH_KNOTS('',4,(#5751,#5752,#5753,#5754,#5755),.UNSPECIFIED.,.F.,.F.,(5,5),(0.965670086,0.976481179),.UNSPECIFIED.);
#5757=EDGE_CURVE('',#5750,#5701,#5756,.T.);
#5758=ORIENTED_EDGE('',*,*,#5757,.F.);
#5759=CARTESIAN_POINT('',(106.391253804,5.354081375,-2.));
#5760=CARTESIAN_POINT('',(106.391253804,5.354081375,-1.333333333));
#5761=CARTESIAN_POINT('',(106.391253804,5.354081375,-0.666666667));
#5762=CARTESIAN_POINT('',(106.391253804,5.354081375,0.));
#5763=B_SPLINE_CURVE_WITH_KNOTS('',3,(#5759,#5760,#5761,#5762),.UNSPECIFIED.,.F.,.F.,(4,4),(0.,1.),.UNSPECIFIED.);
#5764=EDGE_CURVE('',#5750,#5739,#5763,.T.);
#5765=ORIENTED_EDGE('',*,*,#5764,.T.);
#5766=EDGE_LOOP('',(#5747,#5748,#5758,#5765));
#5767=FACE_BOUND('',#5766,.T.);
#5768=ADVANCED_FACE('',(#5767),#5737,.F.);
#5769=CARTESIAN_POINT('',(53.488636282,81.601597529,-2.));
#5770=CARTESIAN_POINT('',(53.488636282,81.601597529,0.));
#5771=CARTESIAN_POINT('',(72.58786534,79.712244823,-2.));
#5772=CARTESIAN_POINT('',(72.58786534,79.712244823,0.));
#5773=CARTESIAN_POINT('',(83.155794942,64.196520945,-2.));
#5774=CARTESIAN_POINT('',(83.155794942,64.196520945,0.));
#5775=CARTESIAN_POINT('',(89.020851821,49.726237771,-2.));
#5776=CARTESIAN_POINT('',(89.020851821,49.726237771,0.));
#5777=CARTESIAN_POINT('',(97.985027702,23.038305174,-2.));
#5778=CARTESIAN_POINT('',(97.985027702,23.038305174,0.));
#5779=CARTESIAN_POINT('',(106.391271691,5.354043747,-2.));
#5780=CARTESIAN_POINT('',(106.391271691,5.354043747,0.));
#5781=B_SPLINE_SURFACE_WITH_KNOTS('',4,1,((#5769,#5770),(#5771,#5772),(#5773,#5774),(#5775,#5776),(#5777,#5778),(#5779,#5780)),.UNSPECIFIED.,.F.,.F.,.U.,(5,1,5),(2,2),(0.045080366,0.5,0.965670034),(0.,1.),.UNSPECIFIED.);
#5782=CARTESIAN_POINT('',(53.488636283,81.601597529,0.));
#5783=VERTEX_POINT('',#5782);
#5784=CARTESIAN_POINT('',(53.488636283,81.601597529,0.));
#5785=CARTESIAN_POINT('',(72.58786534,79.712244823,0.));
#5786=CARTESIAN_POINT('',(83.155792098,64.19652512,0.));
#5787=CARTESIAN_POINT('',(89.020848665,49.726245558,0.));
#5788=CARTESIAN_POINT('',(97.985020466,23.038326717,0.));
#5789=CARTESIAN_POINT('',(106.391253804,5.354081375,0.));
#5790=B_SPLINE_CURVE_WITH_KNOTS('',4,(#5784,#5785,#5786,#5787,#5788,#5789),.UNSPECIFIED.,.F.,.F.,(5,1,5),(0.045080366,0.5,0.965669786),.UNSPECIFIED.);
#5791=EDGE_CURVE('',#5783,#5739,#5790,.T.);
#5792=ORIENTED_EDGE('',*,*,#5791,.T.);
#5793=ORIENTED_EDGE('',*,*,#5764,.F.);
#5794=CARTESIAN_POINT('',(53.488636283,81.601597529,-2.));
#5795=VERTEX_POINT('',#5794);
#5796=CARTESIAN_POINT('',(53.488636283,81.601597529,-2.));
#5797=CARTESIAN_POINT('',(72.58786534,79.712244823,-2.));
#5798=CARTESIAN_POINT('',(83.155792098,64.19652512,-2.));
#5799=CARTESIAN_POINT('',(89.020848665,49.726245558,-2.));
#5800=CARTESIAN_POINT('',(97.985020466,23.038326717,-2.));
#5801=CARTESIAN_POINT('',(106.391253804,5.354081375,-2.));
#5802=B_SPLINE_CURVE_WITH_KNOTS('',4,(#5796,#5797,#5798,#5799,#5800,#5801),.UNSPECIFIED.,.F.,.F.,(5,1,5),(0.045080366,0.5,0.965669786),.UNSPECIFIED.);
#5803=EDGE_CURVE('',#5795,#5750,#5802,.T.);
#5804=ORIENTED_EDGE('',*,*,#5803,.F.);
#5805=CARTESIAN_POINT('',(53.488636283,81.601597529,-2.));
#5806=DIRECTION('',(0.,0.,1.));
#5807=VECTOR('',#5806,2.);
#5808=LINE('',#5805,#5807);
#5809=EDGE_CURVE('',#5795,#5783,#5808,.T.);
#5810=ORIENTED_EDGE('',*,*,#5809,.T.);
#5811=EDGE_LOOP('',(#5792,#5793,#5804,#5810));
#5812=FACE_BOUND('',#5811,.T.);
#5813=ADVANCED_FACE('',(#5812),#5781,.F.);
#5814=CARTESIAN_POINT('',(45.998293119,81.98206999,-2.));
#5815=DIRECTION('',(0.,0.,1.));
#5816=DIRECTION('',(1.,0.,-0.));
#5817=AXIS2_PLACEMENT_3D('',#5814,#5815,#5816);
#5818=CYLINDRICAL_SURFACE('',#5817,7.5);
#5819=CARTESIAN_POINT('',(53.498293119,81.98206999,5.));
#5820=DIRECTION('',(-0.,-0.,-1.));
#5821=VECTOR('',#5820,8.);
#5822=LINE('',#5819,#5821);
#5823=EDGE_CURVE('',#2622,#1376,#5822,.T.);
#5824=ORIENTED_EDGE('',*,*,#5823,.T.);
#5825=ORIENTED_EDGE('',*,*,#1382,.T.);
#5826=CARTESIAN_POINT('',(45.499158999,89.465442567,-2.));
#5827=VERTEX_POINT('',#5826);
#5828=CARTESIAN_POINT('',(45.499158999,89.465442567,-3.));
#5829=DIRECTION('',(0.,0.,1.));
#5830=VECTOR('',#5829,1.);
#5831=LINE('',#5828,#5830);
#5832=EDGE_CURVE('',#1367,#5827,#5831,.T.);
#5833=ORIENTED_EDGE('',*,*,#5832,.T.);
#5834=CARTESIAN_POINT('',(45.499158999,89.465442567,0.));
#5835=VERTEX_POINT('',#5834);
#5836=CARTESIAN_POINT('',(45.499158999,89.465442567,-2.));
#5837=DIRECTION('',(0.,0.,1.));
#5838=VECTOR('',#5837,2.);
#5839=LINE('',#5836,#5838);
#5840=EDGE_CURVE('',#5827,#5835,#5839,.T.);
#5841=ORIENTED_EDGE('',*,*,#5840,.T.);
#5842=CARTESIAN_POINT('',(45.499158999,89.465442567,5.));
#5843=DIRECTION('',(-0.,-0.,-1.));
#5844=VECTOR('',#5843,5.);
#5845=LINE('',#5842,#5844);
#5846=EDGE_CURVE('',#2631,#5835,#5845,.T.);
#5847=ORIENTED_EDGE('',*,*,#5846,.F.);
#5848=ORIENTED_EDGE('',*,*,#2637,.F.);
#5849=EDGE_LOOP('',(#5824,#5825,#5833,#5841,#5847,#5848));
#5850=FACE_BOUND('',#5849,.T.);
#5851=ADVANCED_FACE('',(#5850),#5818,.T.);
#5852=CARTESIAN_POINT('',(24.998248679,94.016559808,-2.));
#5853=DIRECTION('',(0.,0.,1.));
#5854=DIRECTION('',(1.,0.,-0.));
#5855=AXIS2_PLACEMENT_3D('',#5852,#5853,#5854);
#5856=CYLINDRICAL_SURFACE('',#5855,20.999999812);
#5857=CARTESIAN_POINT('',(45.998248491,94.016559808,5.));
#5858=DIRECTION('',(-0.,-0.,-1.));
#5859=VECTOR('',#5858,8.);
#5860=LINE('',#5857,#5859);
#5861=EDGE_CURVE('',#2640,#1358,#5860,.T.);
#5862=ORIENTED_EDGE('',*,*,#5861,.T.);
#5863=ORIENTED_EDGE('',*,*,#1364,.T.);
#5864=CARTESIAN_POINT('',(27.958804616,114.806824373,-3.));
#5865=DIRECTION('',(0.,0.,1.));
#5866=VECTOR('',#5865,8.);
#5867=LINE('',#5864,#5866);
#5868=EDGE_CURVE('',#1349,#2649,#5867,.T.);
#5869=ORIENTED_EDGE('',*,*,#5868,.T.);
#5870=ORIENTED_EDGE('',*,*,#2655,.F.);
#5871=EDGE_LOOP('',(#5862,#5863,#5869,#5870));
#5872=FACE_BOUND('',#5871,.T.);
#5873=ADVANCED_FACE('',(#5872),#5856,.T.);
#5874=CARTESIAN_POINT('',(23.000370614,113.991524138,-2.));
#5875=DIRECTION('',(0.,0.,1.));
#5876=DIRECTION('',(1.,0.,-0.));
#5877=AXIS2_PLACEMENT_3D('',#5874,#5875,#5876);
#5878=CYLINDRICAL_SURFACE('',#5877,5.025015645);
#5879=CARTESIAN_POINT('',(23.000321637,119.016539782,-3.));
#5880=DIRECTION('',(0.,0.,1.));
#5881=VECTOR('',#5880,8.);
#5882=LINE('',#5879,#5881);
#5883=EDGE_CURVE('',#1341,#2658,#5882,.T.);
#5884=ORIENTED_EDGE('',*,*,#5883,.T.);
#5885=ORIENTED_EDGE('',*,*,#2664,.F.);
#5886=ORIENTED_EDGE('',*,*,#5868,.F.);
#5887=ORIENTED_EDGE('',*,*,#1355,.T.);
#5888=EDGE_LOOP('',(#5884,#5885,#5886,#5887));
#5889=FACE_BOUND('',#5888,.T.);
#5890=ADVANCED_FACE('',(#5889),#5878,.T.);
#5891=CARTESIAN_POINT('',(18.000321637,119.016491049,-2.));
#5892=DIRECTION('',(-0.000009747,1.,0.));
#5893=DIRECTION('',(-1.,-0.000009747,0.));
#5894=AXIS2_PLACEMENT_3D('',#5891,#5892,#5893);
#5895=PLANE('',#5894);
#5896=CARTESIAN_POINT('',(13.000321638,119.016442316,-3.));
#5897=DIRECTION('',(0.,0.,1.));
#5898=VECTOR('',#5897,8.);
#5899=LINE('',#5896,#5898);
#5900=EDGE_CURVE('',#1333,#2667,#5899,.T.);
#5901=ORIENTED_EDGE('',*,*,#5900,.T.);
#5902=ORIENTED_EDGE('',*,*,#2672,.F.);
#5903=ORIENTED_EDGE('',*,*,#5883,.F.);
#5904=ORIENTED_EDGE('',*,*,#1346,.T.);
#5905=EDGE_LOOP('',(#5901,#5902,#5903,#5904));
#5906=FACE_BOUND('',#5905,.T.);
#5907=ADVANCED_FACE('',(#5906),#5895,.T.);
#5908=CARTESIAN_POINT('',(6.500241229,119.016237123,-2.));
#5909=DIRECTION('',(-0.000031568,1.,0.));
#5910=DIRECTION('',(-1.,-0.000031568,0.));
#5911=AXIS2_PLACEMENT_3D('',#5908,#5909,#5910);
#5912=PLANE('',#5911);
#5913=CARTESIAN_POINT('',(0.000160821,119.016031931,-3.));
#5914=DIRECTION('',(0.,0.,1.));
#5915=VECTOR('',#5914,8.);
#5916=LINE('',#5913,#5915);
#5917=EDGE_CURVE('',#1325,#2675,#5916,.T.);
#5918=ORIENTED_EDGE('',*,*,#5917,.T.);
#5919=ORIENTED_EDGE('',*,*,#2680,.F.);
#5920=ORIENTED_EDGE('',*,*,#5900,.F.);
#5921=ORIENTED_EDGE('',*,*,#1338,.T.);
#5922=EDGE_LOOP('',(#5918,#5919,#5920,#5921));
#5923=FACE_BOUND('',#5922,.T.);
#5924=ADVANCED_FACE('',(#5923),#5912,.T.);
#5925=CARTESIAN_POINT('',(-6.49991959,119.01617377,-2.));
#5926=DIRECTION('',(-0.000021821,-1.,0.));
#5927=DIRECTION('',(1.,-0.000021821,0.));
#5928=AXIS2_PLACEMENT_3D('',#5925,#5926,#5927);
#5929=PLANE('',#5928);
#5930=CARTESIAN_POINT('',(-13.,119.016315608,-3.));
#5931=DIRECTION('',(0.,0.,1.));
#5932=VECTOR('',#5931,8.);
#5933=LINE('',#5930,#5932);
#5934=EDGE_CURVE('',#1317,#2683,#5933,.T.);
#5935=ORIENTED_EDGE('',*,*,#5934,.T.);
#5936=ORIENTED_EDGE('',*,*,#2688,.T.);
#5937=ORIENTED_EDGE('',*,*,#5917,.F.);
#5938=ORIENTED_EDGE('',*,*,#1330,.F.);
#5939=EDGE_LOOP('',(#5935,#5936,#5937,#5938));
#5940=FACE_BOUND('',#5939,.T.);
#5941=ADVANCED_FACE('',(#5940),#5929,.F.);
#5942=CARTESIAN_POINT('',(-18.,119.016315608,-2.));
#5943=DIRECTION('',(0.,-1.,0.));
#5944=DIRECTION('',(1.,0.,0.));
#5945=AXIS2_PLACEMENT_3D('',#5942,#5943,#5944);
#5946=PLANE('',#5945);
#5947=CARTESIAN_POINT('',(-23.,119.016315608,-3.));
#5948=DIRECTION('',(0.,0.,1.));
#5949=VECTOR('',#5948,8.);
#5950=LINE('',#5947,#5949);
#5951=EDGE_CURVE('',#1308,#2691,#5950,.T.);
#5952=ORIENTED_EDGE('',*,*,#5951,.T.);
#5953=ORIENTED_EDGE('',*,*,#2696,.T.);
#5954=ORIENTED_EDGE('',*,*,#5934,.F.);
#5955=ORIENTED_EDGE('',*,*,#1322,.F.);
#5956=EDGE_LOOP('',(#5952,#5953,#5954,#5955));
#5957=FACE_BOUND('',#5956,.T.);
#5958=ADVANCED_FACE('',(#5957),#5946,.F.);
#5959=CARTESIAN_POINT('',(-23.000000077,113.991299964,-2.));
#5960=DIRECTION('',(0.,0.,1.));
#5961=DIRECTION('',(1.,0.,-0.));
#5962=AXIS2_PLACEMENT_3D('',#5959,#5960,#5961);
#5963=CYLINDRICAL_SURFACE('',#5962,5.025015645);
#5964=CARTESIAN_POINT('',(-27.958441942,114.806552379,-3.));
#5965=DIRECTION('',(0.,0.,1.));
#5966=VECTOR('',#5965,8.);
#5967=LINE('',#5964,#5966);
#5968=EDGE_CURVE('',#1299,#2699,#5967,.T.);
#5969=ORIENTED_EDGE('',*,*,#5968,.T.);
#5970=ORIENTED_EDGE('',*,*,#2705,.F.);
#5971=ORIENTED_EDGE('',*,*,#5951,.F.);
#5972=ORIENTED_EDGE('',*,*,#1314,.T.);
#5973=EDGE_LOOP('',(#5969,#5970,#5971,#5972));
#5974=FACE_BOUND('',#5973,.T.);
#5975=ADVANCED_FACE('',(#5974),#5963,.T.);
#5976=CARTESIAN_POINT('',(-24.997686937,94.016316163,-2.));
#5977=DIRECTION('',(0.,0.,1.));
#5978=DIRECTION('',(1.,0.,-0.));
#5979=AXIS2_PLACEMENT_3D('',#5976,#5977,#5978);
#5980=CYLINDRICAL_SURFACE('',#5979,20.999999812);
#5981=CARTESIAN_POINT('',(-45.498551924,89.464994718,-2.));
#5982=VERTEX_POINT('',#5981);
#5983=CARTESIAN_POINT('',(-45.498551924,89.464994718,0.));
#5984=VERTEX_POINT('',#5983);
#5985=CARTESIAN_POINT('',(-45.498551924,89.464994718,-2.));
#5986=DIRECTION('',(0.,0.,1.));
#5987=VECTOR('',#5986,2.);
#5988=LINE('',#5985,#5987);
#5989=EDGE_CURVE('',#5982,#5984,#5988,.T.);
#5990=ORIENTED_EDGE('',*,*,#5989,.T.);
#5991=CARTESIAN_POINT('',(-45.498551924,89.464994718,5.));
#5992=DIRECTION('',(-0.,-0.,-1.));
#5993=VECTOR('',#5992,5.);
#5994=LINE('',#5991,#5993);
#5995=EDGE_CURVE('',#2708,#5984,#5994,.T.);
#5996=ORIENTED_EDGE('',*,*,#5995,.F.);
#5997=ORIENTED_EDGE('',*,*,#2714,.F.);
#5998=ORIENTED_EDGE('',*,*,#5968,.F.);
#5999=ORIENTED_EDGE('',*,*,#1305,.T.);
#6000=CARTESIAN_POINT('',(-45.498551924,89.464994718,-3.));
#6001=DIRECTION('',(0.,0.,1.));
#6002=VECTOR('',#6001,1.);
#6003=LINE('',#6000,#6002);
#6004=EDGE_CURVE('',#1288,#5982,#6003,.T.);
#6005=ORIENTED_EDGE('',*,*,#6004,.T.);
#6006=EDGE_LOOP('',(#5990,#5996,#5997,#5998,#5999,#6005));
#6007=FACE_BOUND('',#6006,.T.);
#6008=ADVANCED_FACE('',(#6007),#5980,.T.);
#6009=CARTESIAN_POINT('',(-45.997678905,81.981621665,-2.));
#6010=DIRECTION('',(0.,0.,1.));
#6011=DIRECTION('',(1.,0.,-0.));
#6012=AXIS2_PLACEMENT_3D('',#6009,#6010,#6011);
#6013=CYLINDRICAL_SURFACE('',#6012,7.5);
#6014=CARTESIAN_POINT('',(-53.48801836,81.601076199,-2.));
#6015=VERTEX_POINT('',#6014);
#6016=CARTESIAN_POINT('',(-53.48801836,81.601076199,0.));
#6017=VERTEX_POINT('',#6016);
#6018=CARTESIAN_POINT('',(-53.48801836,81.601076199,-2.));
#6019=DIRECTION('',(0.,0.,1.));
#6020=VECTOR('',#6019,2.);
#6021=LINE('',#6018,#6020);
#6022=EDGE_CURVE('',#6015,#6017,#6021,.T.);
#6023=ORIENTED_EDGE('',*,*,#6022,.T.);
#6024=CARTESIAN_POINT('',(-53.48801836,81.601076199,5.));
#6025=DIRECTION('',(-0.,-0.,-1.));
#6026=VECTOR('',#6025,5.);
#6027=LINE('',#6024,#6026);
#6028=EDGE_CURVE('',#2717,#6017,#6027,.T.);
#6029=ORIENTED_EDGE('',*,*,#6028,.F.);
#6030=ORIENTED_EDGE('',*,*,#2723,.F.);
#6031=ORIENTED_EDGE('',*,*,#5995,.T.);
#6032=ORIENTED_EDGE('',*,*,#5989,.F.);
#6033=ORIENTED_EDGE('',*,*,#6004,.F.);
#6034=ORIENTED_EDGE('',*,*,#1296,.T.);
#6035=CARTESIAN_POINT('',(-53.48801836,81.601076199,-3.));
#6036=DIRECTION('',(0.,0.,1.));
#6037=VECTOR('',#6036,1.);
#6038=LINE('',#6035,#6037);
#6039=EDGE_CURVE('',#1290,#6015,#6038,.T.);
#6040=ORIENTED_EDGE('',*,*,#6039,.T.);
#6041=EDGE_LOOP('',(#6023,#6029,#6030,#6031,#6032,#6033,#6034,#6040));
#6042=FACE_BOUND('',#6041,.T.);
#6043=ADVANCED_FACE('',(#6042),#6013,.T.);
#6044=CARTESIAN_POINT('',(-53.48801836,81.601076199,-2.));
#6045=CARTESIAN_POINT('',(-53.48801836,81.601076199,0.));
#6046=CARTESIAN_POINT('',(-72.587229002,79.71153734,-2.));
#6047=CARTESIAN_POINT('',(-72.587229002,79.71153734,0.));
#6048=CARTESIAN_POINT('',(-83.155007979,64.195709578,-2.));
#6049=CARTESIAN_POINT('',(-83.155007979,64.195709578,0.));
#6050=CARTESIAN_POINT('',(-89.019923888,49.725368475,-2.));
#6051=CARTESIAN_POINT('',(-89.019923888,49.725368475,0.));
#6052=CARTESIAN_POINT('',(-97.983840515,23.037345597,-2.));
#6053=CARTESIAN_POINT('',(-97.983840515,23.037345597,0.));
#6054=CARTESIAN_POINT('',(-106.389914396,5.352998835,-2.));
#6055=CARTESIAN_POINT('',(-106.389914396,5.352998835,0.));
#6056=B_SPLINE_SURFACE_WITH_KNOTS('',4,1,((#6044,#6045),(#6046,#6047),(#6048,#6049),(#6050,#6051),(#6052,#6053),(#6054,#6055)),.UNSPECIFIED.,.F.,.F.,.U.,(5,1,5),(2,2),(0.045080366,0.5,0.965670086),(0.,1.),.UNSPECIFIED.);
#6057=CARTESIAN_POINT('',(-106.389914396,5.352998835,0.));
#6058=VERTEX_POINT('',#6057);
#6059=CARTESIAN_POINT('',(-53.48801836,81.601076199,0.));
#6060=CARTESIAN_POINT('',(-72.587229002,79.71153734,0.));
#6061=CARTESIAN_POINT('',(-83.155007979,64.195709578,0.));
#6062=CARTESIAN_POINT('',(-89.019923888,49.725368475,0.));
#6063=CARTESIAN_POINT('',(-97.983840515,23.037345597,0.));
#6064=CARTESIAN_POINT('',(-106.389914396,5.352998835,0.));
#6065=B_SPLINE_CURVE_WITH_KNOTS('',4,(#6059,#6060,#6061,#6062,#6063,#6064),.UNSPECIFIED.,.F.,.F.,(5,1,5),(0.045080366,0.5,0.965670086),.UNSPECIFIED.);
#6066=EDGE_CURVE('',#6017,#6058,#6065,.T.);
#6067=ORIENTED_EDGE('',*,*,#6066,.F.);
#6068=ORIENTED_EDGE('',*,*,#6022,.F.);
#6069=CARTESIAN_POINT('',(-106.389914396,5.352998835,-2.));
#6070=VERTEX_POINT('',#6069);
#6071=CARTESIAN_POINT('',(-53.48801836,81.601076199,-2.));
#6072=CARTESIAN_POINT('',(-72.587229002,79.71153734,-2.));
#6073=CARTESIAN_POINT('',(-83.155007979,64.195709578,-2.));
#6074=CARTESIAN_POINT('',(-89.019923888,49.725368475,-2.));
#6075=CARTESIAN_POINT('',(-97.983840515,23.037345597,-2.));
#6076=CARTESIAN_POINT('',(-106.389914396,5.352998835,-2.));
#6077=B_SPLINE_CURVE_WITH_KNOTS('',4,(#6071,#6072,#6073,#6074,#6075,#6076),.UNSPECIFIED.,.F.,.F.,(5,1,5),(0.045080366,0.5,0.965670086),.UNSPECIFIED.);
#6078=EDGE_CURVE('',#6015,#6070,#6077,.T.);
#6079=ORIENTED_EDGE('',*,*,#6078,.T.);
#6080=CARTESIAN_POINT('',(-106.389914396,5.352998835,-2.));
#6081=CARTESIAN_POINT('',(-106.389914396,5.352998835,-1.333333333));
#6082=CARTESIAN_POINT('',(-106.389914396,5.352998835,-0.666666667));
#6083=CARTESIAN_POINT('',(-106.389914396,5.352998835,0.));
#6084=B_SPLINE_CURVE_WITH_KNOTS('',3,(#6080,#6081,#6082,#6083),.UNSPECIFIED.,.F.,.F.,(4,4),(0.,1.),.UNSPECIFIED.);
#6085=EDGE_CURVE('',#6070,#6058,#6084,.T.);
#6086=ORIENTED_EDGE('',*,*,#6085,.T.);
#6087=EDGE_LOOP('',(#6067,#6068,#6079,#6086));
#6088=FACE_BOUND('',#6087,.T.);
#6089=ADVANCED_FACE('',(#6088),#6056,.T.);
#6090=CARTESIAN_POINT('',(-106.389914396,5.352998835,-2.));
#6091=CARTESIAN_POINT('',(-106.389914396,5.352998835,0.));
#6092=CARTESIAN_POINT('',(-106.585071534,4.942435408,-2.));
#6093=CARTESIAN_POINT('',(-106.585071534,4.942435408,0.));
#6094=CARTESIAN_POINT('',(-106.782315529,4.529616564,-2.));
#6095=CARTESIAN_POINT('',(-106.782315529,4.529616564,0.));
#6096=CARTESIAN_POINT('',(-106.981684908,4.11452906,-2.));
#6097=CARTESIAN_POINT('',(-106.981684908,4.11452906,0.));
#6098=CARTESIAN_POINT('',(-107.183218798,3.697159845,-2.));
#6099=CARTESIAN_POINT('',(-107.183218798,3.697159845,0.));
#6100=CARTESIAN_POINT('',(-107.183221541,3.697154164,-2.));
#6101=CARTESIAN_POINT('',(-107.183221541,3.697154164,0.));
#6102=CARTESIAN_POINT('',(-107.183224284,3.697148483,-2.));
#6103=CARTESIAN_POINT('',(-107.183224284,3.697148483,0.));
#6104=CARTESIAN_POINT('',(-107.183227027,3.697142801,-2.));
#6105=CARTESIAN_POINT('',(-107.183227027,3.697142801,0.));
#6106=CARTESIAN_POINT('',(-107.183229771,3.69713712,-2.));
#6107=CARTESIAN_POINT('',(-107.183229771,3.69713712,0.));
#6108=B_SPLINE_SURFACE_WITH_KNOTS('',4,1,((#6090,#6091),(#6092,#6093),(#6094,#6095),(#6096,#6097),(#6098,#6099),(#6100,#6101),(#6102,#6103),(#6104,#6105),(#6106,#6107)),.UNSPECIFIED.,.F.,.F.,.U.,(5,4,5),(2,2),(0.965670086,0.976481179,0.976481326),(0.,1.),.UNSPECIFIED.);
#6109=CARTESIAN_POINT('',(-107.183230221,3.697137338,0.));
#6110=VERTEX_POINT('',#6109);
#6111=CARTESIAN_POINT('',(-106.389914396,5.352998835,0.));
#6112=CARTESIAN_POINT('',(-106.585071534,4.942435408,0.));
#6113=CARTESIAN_POINT('',(-106.782315529,4.529616564,0.));
#6114=CARTESIAN_POINT('',(-106.981684908,4.11452906,0.));
#6115=CARTESIAN_POINT('',(-107.183218798,3.697159845,0.));
#6116=B_SPLINE_CURVE_WITH_KNOTS('',4,(#6111,#6112,#6113,#6114,#6115),.UNSPECIFIED.,.F.,.F.,(5,5),(0.965670086,0.976481179),.UNSPECIFIED.);
#6117=EDGE_CURVE('',#6058,#6110,#6116,.T.);
#6118=ORIENTED_EDGE('',*,*,#6117,.F.);
#6119=ORIENTED_EDGE('',*,*,#6085,.F.);
#6120=CARTESIAN_POINT('',(-107.183230221,3.697137338,-2.));
#6121=VERTEX_POINT('',#6120);
#6122=CARTESIAN_POINT('',(-106.389914396,5.352998835,-2.));
#6123=CARTESIAN_POINT('',(-106.585071534,4.942435408,-2.));
#6124=CARTESIAN_POINT('',(-106.782315529,4.529616564,-2.));
#6125=CARTESIAN_POINT('',(-106.981684908,4.11452906,-2.));
#6126=CARTESIAN_POINT('',(-107.183218798,3.697159845,-2.));
#6127=B_SPLINE_CURVE_WITH_KNOTS('',4,(#6122,#6123,#6124,#6125,#6126),.UNSPECIFIED.,.F.,.F.,(5,5),(0.965670086,0.976481179),.UNSPECIFIED.);
#6128=EDGE_CURVE('',#6070,#6121,#6127,.T.);
#6129=ORIENTED_EDGE('',*,*,#6128,.T.);
#6130=CARTESIAN_POINT('',(-107.183229771,3.69713712,-2.));
#6131=CARTESIAN_POINT('',(-107.183229771,3.69713712,-1.333333333));
#6132=CARTESIAN_POINT('',(-107.183229771,3.69713712,-0.666666667));
#6133=CARTESIAN_POINT('',(-107.183229771,3.69713712,0.));
#6134=B_SPLINE_CURVE_WITH_KNOTS('',3,(#6130,#6131,#6132,#6133),.UNSPECIFIED.,.F.,.F.,(4,4),(0.,1.),.UNSPECIFIED.);
#6135=EDGE_CURVE('',#6121,#6110,#6134,.T.);
#6136=ORIENTED_EDGE('',*,*,#6135,.T.);
#6137=EDGE_LOOP('',(#6118,#6119,#6129,#6136));
#6138=FACE_BOUND('',#6137,.T.);
#6139=ADVANCED_FACE('',(#6138),#6108,.T.);
#6140=CARTESIAN_POINT('',(-107.183230222,3.697137338,-2.));
#6141=CARTESIAN_POINT('',(-107.183230222,3.697137338,0.));
#6142=CARTESIAN_POINT('',(-108.878760307,0.,-2.));
#6143=CARTESIAN_POINT('',(-108.878760307,0.,0.));
#6144=CARTESIAN_POINT('',(-107.95541528,0.,-2.));
#6145=CARTESIAN_POINT('',(-107.95541528,0.,0.));
#6146=CARTESIAN_POINT('',(-100.,0.,-2.));
#6147=CARTESIAN_POINT('',(-100.,0.,0.));
#6148=B_SPLINE_SURFACE_WITH_KNOTS('',3,1,((#6140,#6141),(#6142,#6143),(#6144,#6145),(#6146,#6147)),.UNSPECIFIED.,.F.,.F.,.U.,(4,4),(2,2),(0.116064969,1.),(0.,1.),.UNSPECIFIED.);
#6149=CARTESIAN_POINT('',(-100.,0.,0.));
#6150=VERTEX_POINT('',#6149);
#6151=CARTESIAN_POINT('',(-107.183230222,3.697137338,0.));
#6152=CARTESIAN_POINT('',(-108.878760307,0.,0.));
#6153=CARTESIAN_POINT('',(-107.95541528,0.,0.));
#6154=CARTESIAN_POINT('',(-100.,0.,0.));
#6155=B_SPLINE_CURVE_WITH_KNOTS('',3,(#6151,#6152,#6153,#6154),.UNSPECIFIED.,.F.,.F.,(4,4),(0.116064969,1.),.UNSPECIFIED.);
#6156=EDGE_CURVE('',#6110,#6150,#6155,.T.);
#6157=ORIENTED_EDGE('',*,*,#6156,.F.);
#6158=ORIENTED_EDGE('',*,*,#6135,.F.);
#6159=CARTESIAN_POINT('',(-100.,0.,-2.));
#6160=VERTEX_POINT('',#6159);
#6161=CARTESIAN_POINT('',(-107.183230222,3.697137338,-2.));
#6162=CARTESIAN_POINT('',(-108.878760307,0.,-2.));
#6163=CARTESIAN_POINT('',(-107.95541528,0.,-2.));
#6164=CARTESIAN_POINT('',(-100.,0.,-2.));
#6165=B_SPLINE_CURVE_WITH_KNOTS('',3,(#6161,#6162,#6163,#6164),.UNSPECIFIED.,.F.,.F.,(4,4),(0.116064969,1.),.UNSPECIFIED.);
#6166=EDGE_CURVE('',#6121,#6160,#6165,.T.);
#6167=ORIENTED_EDGE('',*,*,#6166,.T.);
#6168=CARTESIAN_POINT('',(-100.,0.,-2.));
#6169=DIRECTION('',(0.,0.,1.));
#6170=VECTOR('',#6169,2.);
#6171=LINE('',#6168,#6170);
#6172=EDGE_CURVE('',#6160,#6150,#6171,.T.);
#6173=ORIENTED_EDGE('',*,*,#6172,.T.);
#6174=EDGE_LOOP('',(#6157,#6158,#6167,#6173));
#6175=FACE_BOUND('',#6174,.T.);
#6176=ADVANCED_FACE('',(#6175),#6148,.T.);
#6177=CARTESIAN_POINT('',(-80.,0.,-2.));
#6178=DIRECTION('',(0.,-1.,0.));
#6179=DIRECTION('',(0.,0.,-1.));
#6180=AXIS2_PLACEMENT_3D('',#6177,#6178,#6179);
#6181=PLANE('',#6180);
#6182=CARTESIAN_POINT('',(-60.,0.,-2.));
#6183=VERTEX_POINT('',#6182);
#6184=CARTESIAN_POINT('',(-60.,0.,0.));
#6185=VERTEX_POINT('',#6184);
#6186=CARTESIAN_POINT('',(-60.,0.,-2.));
#6187=DIRECTION('',(0.,0.,1.));
#6188=VECTOR('',#6187,2.);
#6189=LINE('',#6186,#6188);
#6190=EDGE_CURVE('',#6183,#6185,#6189,.T.);
#6191=ORIENTED_EDGE('',*,*,#6190,.T.);
#6192=CARTESIAN_POINT('',(-60.,0.,5.));
#6193=DIRECTION('',(0.,0.,-1.));
#6194=VECTOR('',#6193,5.);
#6195=LINE('',#6192,#6194);
#6196=EDGE_CURVE('',#2843,#6185,#6195,.T.);
#6197=ORIENTED_EDGE('',*,*,#6196,.F.);
#6198=ORIENTED_EDGE('',*,*,#2848,.F.);
#6199=CARTESIAN_POINT('',(-100.,0.,5.));
#6200=DIRECTION('',(0.,0.,-1.));
#6201=VECTOR('',#6200,5.);
#6202=LINE('',#6199,#6201);
#6203=EDGE_CURVE('',#2798,#6150,#6202,.T.);
#6204=ORIENTED_EDGE('',*,*,#6203,.T.);
#6205=ORIENTED_EDGE('',*,*,#6172,.F.);
#6206=CARTESIAN_POINT('',(-100.,0.,-3.));
#6207=DIRECTION('',(0.,0.,1.));
#6208=VECTOR('',#6207,1.);
#6209=LINE('',#6206,#6208);
#6210=EDGE_CURVE('',#1836,#6160,#6209,.T.);
#6211=ORIENTED_EDGE('',*,*,#6210,.F.);
#6212=ORIENTED_EDGE('',*,*,#1841,.T.);
#6213=CARTESIAN_POINT('',(-60.,0.,-3.));
#6214=DIRECTION('',(0.,0.,1.));
#6215=VECTOR('',#6214,1.);
#6216=LINE('',#6213,#6215);
#6217=EDGE_CURVE('',#1791,#6183,#6216,.T.);
#6218=ORIENTED_EDGE('',*,*,#6217,.T.);
#6219=EDGE_LOOP('',(#6191,#6197,#6198,#6204,#6205,#6211,#6212,#6218));
#6220=FACE_BOUND('',#6219,.T.);
#6221=ADVANCED_FACE('',(#6220),#6181,.T.);
#6222=CARTESIAN_POINT('',(-56.10936234,2.827983201,-2.));
#6223=CARTESIAN_POINT('',(-56.10936234,2.827983201,0.));
#6224=CARTESIAN_POINT('',(-55.119096843,0.,-2.));
#6225=CARTESIAN_POINT('',(-55.119096843,0.,0.));
#6226=CARTESIAN_POINT('',(-55.771676237,0.,-2.));
#6227=CARTESIAN_POINT('',(-55.771676237,0.,0.));
#6228=CARTESIAN_POINT('',(-60.,0.,-2.));
#6229=CARTESIAN_POINT('',(-60.,0.,0.));
#6230=B_SPLINE_SURFACE_WITH_KNOTS('',3,1,((#6222,#6223),(#6224,#6225),(#6226,#6227),(#6228,#6229)),.UNSPECIFIED.,.F.,.F.,.U.,(4,4),(2,2),(0.154335247,1.),(0.,1.),.UNSPECIFIED.);
#6231=CARTESIAN_POINT('',(-56.109362336,2.827983203,0.));
#6232=VERTEX_POINT('',#6231);
#6233=CARTESIAN_POINT('',(-56.10936234,2.827983201,0.));
#6234=CARTESIAN_POINT('',(-55.119096843,0.,0.));
#6235=CARTESIAN_POINT('',(-55.771676237,0.,0.));
#6236=CARTESIAN_POINT('',(-60.,0.,0.));
#6237=B_SPLINE_CURVE_WITH_KNOTS('',3,(#6233,#6234,#6235,#6236),.UNSPECIFIED.,.F.,.F.,(4,4),(0.154335247,1.),.UNSPECIFIED.);
#6238=EDGE_CURVE('',#6232,#6185,#6237,.T.);
#6239=ORIENTED_EDGE('',*,*,#6238,.T.);
#6240=ORIENTED_EDGE('',*,*,#6190,.F.);
#6241=CARTESIAN_POINT('',(-56.109362336,2.827983203,-2.));
#6242=VERTEX_POINT('',#6241);
#6243=CARTESIAN_POINT('',(-56.10936234,2.827983201,-2.));
#6244=CARTESIAN_POINT('',(-55.119096843,0.,-2.));
#6245=CARTESIAN_POINT('',(-55.771676237,0.,-2.));
#6246=CARTESIAN_POINT('',(-60.,0.,-2.));
#6247=B_SPLINE_CURVE_WITH_KNOTS('',3,(#6243,#6244,#6245,#6246),.UNSPECIFIED.,.F.,.F.,(4,4),(0.154335247,1.),.UNSPECIFIED.);
#6248=EDGE_CURVE('',#6242,#6183,#6247,.T.);
#6249=ORIENTED_EDGE('',*,*,#6248,.F.);
#6250=CARTESIAN_POINT('',(-56.10936234,2.827983201,-2.));
#6251=CARTESIAN_POINT('',(-56.10936234,2.827983201,-1.333333333));
#6252=CARTESIAN_POINT('',(-56.10936234,2.827983201,-0.666666667));
#6253=CARTESIAN_POINT('',(-56.10936234,2.827983201,0.));
#6254=B_SPLINE_CURVE_WITH_KNOTS('',3,(#6250,#6251,#6252,#6253),.UNSPECIFIED.,.F.,.F.,(4,4),(0.,1.),.UNSPECIFIED.);
#6255=EDGE_CURVE('',#6242,#6232,#6254,.T.);
#6256=ORIENTED_EDGE('',*,*,#6255,.T.);
#6257=EDGE_LOOP('',(#6239,#6240,#6249,#6256));
#6258=FACE_BOUND('',#6257,.T.);
#6259=ADVANCED_FACE('',(#6258),#6230,.F.);
#6260=CARTESIAN_POINT('',(-56.109362803,2.827983024,-2.));
#6261=CARTESIAN_POINT('',(-56.109362803,2.827983024,0.));
#6262=CARTESIAN_POINT('',(-56.109364352,2.827987067,-2.));
#6263=CARTESIAN_POINT('',(-56.109364352,2.827987067,0.));
#6264=CARTESIAN_POINT('',(-56.109365902,2.827991111,-2.));
#6265=CARTESIAN_POINT('',(-56.109365902,2.827991111,0.));
#6266=CARTESIAN_POINT('',(-56.109367451,2.827995154,-2.));
#6267=CARTESIAN_POINT('',(-56.109367451,2.827995154,0.));
#6268=CARTESIAN_POINT('',(-56.109369001,2.827999197,-2.));
#6269=CARTESIAN_POINT('',(-56.109369001,2.827999197,0.));
#6270=CARTESIAN_POINT('',(-56.287556005,3.292985208,-2.));
#6271=CARTESIAN_POINT('',(-56.287556005,3.292985208,0.));
#6272=CARTESIAN_POINT('',(-56.462841714,3.755941883,-2.));
#6273=CARTESIAN_POINT('',(-56.462841714,3.755941883,0.));
#6274=CARTESIAN_POINT('',(-56.635024388,4.216935594,-2.));
#6275=CARTESIAN_POINT('',(-56.635024388,4.216935594,0.));
#6276=CARTESIAN_POINT('',(-56.80392048,4.676022267,-2.));
#6277=CARTESIAN_POINT('',(-56.80392048,4.676022267,0.));
#6278=CARTESIAN_POINT('',(-56.803923236,4.676029759,-2.));
#6279=CARTESIAN_POINT('',(-56.803923236,4.676029759,0.));
#6280=CARTESIAN_POINT('',(-56.803925992,4.67603725,-2.));
#6281=CARTESIAN_POINT('',(-56.803925992,4.67603725,0.));
#6282=CARTESIAN_POINT('',(-56.803928748,4.676044741,-2.));
#6283=CARTESIAN_POINT('',(-56.803928748,4.676044741,0.));
#6284=CARTESIAN_POINT('',(-56.803931504,4.676052232,-2.));
#6285=CARTESIAN_POINT('',(-56.803931504,4.676052232,0.));
#6286=B_SPLINE_SURFACE_WITH_KNOTS('',4,1,((#6260,#6261),(#6262,#6263),(#6264,#6265),(#6266,#6267),(#6268,#6269),(#6270,#6271),(#6272,#6273),(#6274,#6275),(#6276,#6277),(#6278,#6279),(#6280,#6281),(#6282,#6283),(#6284,#6285)),.UNSPECIFIED.,.F.,.F.,.U.,(5,4,4,5),(2,2),(0.011906407,0.011906476,0.019817075,0.019817204),(0.,1.),.UNSPECIFIED.);
#6287=CARTESIAN_POINT('',(-56.803931504,4.676052232,0.));
#6288=VERTEX_POINT('',#6287);
#6289=CARTESIAN_POINT('',(-56.109369001,2.827999197,0.));
#6290=CARTESIAN_POINT('',(-56.287556005,3.292985208,0.));
#6291=CARTESIAN_POINT('',(-56.462841714,3.755941883,0.));
#6292=CARTESIAN_POINT('',(-56.635024388,4.216935594,0.));
#6293=CARTESIAN_POINT('',(-56.80392048,4.676022267,0.));
#6294=B_SPLINE_CURVE_WITH_KNOTS('',4,(#6289,#6290,#6291,#6292,#6293),.UNSPECIFIED.,.F.,.F.,(5,5),(0.011906476,0.019817075),.UNSPECIFIED.);
#6295=EDGE_CURVE('',#6232,#6288,#6294,.T.);
#6296=ORIENTED_EDGE('',*,*,#6295,.F.);
#6297=ORIENTED_EDGE('',*,*,#6255,.F.);
#6298=CARTESIAN_POINT('',(-56.80392048,4.676022267,-2.));
#6299=VERTEX_POINT('',#6298);
#6300=CARTESIAN_POINT('',(-56.109369001,2.827999197,-2.));
#6301=CARTESIAN_POINT('',(-56.287556005,3.292985208,-2.));
#6302=CARTESIAN_POINT('',(-56.462841714,3.755941883,-2.));
#6303=CARTESIAN_POINT('',(-56.635024388,4.216935594,-2.));
#6304=CARTESIAN_POINT('',(-56.80392048,4.676022267,-2.));
#6305=B_SPLINE_CURVE_WITH_KNOTS('',4,(#6300,#6301,#6302,#6303,#6304),.UNSPECIFIED.,.F.,.F.,(5,5),(0.011906476,0.019817075),.UNSPECIFIED.);
#6306=EDGE_CURVE('',#6242,#6299,#6305,.T.);
#6307=ORIENTED_EDGE('',*,*,#6306,.T.);
#6308=CARTESIAN_POINT('',(-56.803931504,4.676052232,-2.));
#6309=CARTESIAN_POINT('',(-56.803931504,4.676052232,-1.333333333));
#6310=CARTESIAN_POINT('',(-56.803931504,4.676052232,-0.666666667));
#6311=CARTESIAN_POINT('',(-56.803931504,4.676052232,0.));
#6312=B_SPLINE_CURVE_WITH_KNOTS('',3,(#6308,#6309,#6310,#6311),.UNSPECIFIED.,.F.,.F.,(4,4),(0.,1.),.UNSPECIFIED.);
#6313=EDGE_CURVE('',#6299,#6288,#6312,.T.);
#6314=ORIENTED_EDGE('',*,*,#6313,.T.);
#6315=EDGE_LOOP('',(#6296,#6297,#6307,#6314));
#6316=FACE_BOUND('',#6315,.T.);
#6317=ADVANCED_FACE('',(#6316),#6286,.T.);
#6318=CARTESIAN_POINT('',(-56.803931504,4.676052232,-2.));
#6319=CARTESIAN_POINT('',(-56.803931504,4.676052232,0.));
#6320=CARTESIAN_POINT('',(-59.939253709,13.198367364,-2.));
#6321=CARTESIAN_POINT('',(-59.939253709,13.198367364,0.));
#6322=CARTESIAN_POINT('',(-64.214993354,29.990029504,-2.));
#6323=CARTESIAN_POINT('',(-64.214993354,29.990029504,0.));
#6324=CARTESIAN_POINT('',(-57.788892231,45.880854547,-2.));
#6325=CARTESIAN_POINT('',(-57.788892231,45.880854547,0.));
#6326=CARTESIAN_POINT('',(-50.390470403,51.211111503,-2.));
#6327=CARTESIAN_POINT('',(-50.390470403,51.211111503,0.));
#6328=CARTESIAN_POINT('',(-46.927726347,52.605541947,-2.));
#6329=CARTESIAN_POINT('',(-46.927726347,52.605541947,0.));
#6330=CARTESIAN_POINT('',(-46.744111628,52.676092245,-2.));
#6331=CARTESIAN_POINT('',(-46.744111628,52.676092245,0.));
#6332=B_SPLINE_SURFACE_WITH_KNOTS('',4,1,((#6318,#6319),(#6320,#6321),(#6322,#6323),(#6324,#6325),(#6326,#6327),(#6328,#6329),(#6330,#6331)),.UNSPECIFIED.,.F.,.F.,.U.,(5,1,1,5),(2,2),(0.019817204,0.166666667,0.333333333,0.342760077),(0.,1.),.UNSPECIFIED.);
#6333=CARTESIAN_POINT('',(-46.744111628,52.676092245,-2.));
#6334=VERTEX_POINT('',#6333);
#6335=CARTESIAN_POINT('',(-56.803931504,4.676052232,-2.));
#6336=CARTESIAN_POINT('',(-59.939253709,13.198367364,-2.));
#6337=CARTESIAN_POINT('',(-64.214993354,29.990029504,-2.));
#6338=CARTESIAN_POINT('',(-57.788892231,45.880854547,-2.));
#6339=CARTESIAN_POINT('',(-50.390470403,51.211111503,-2.));
#6340=CARTESIAN_POINT('',(-46.927726347,52.605541947,-2.));
#6341=CARTESIAN_POINT('',(-46.744111628,52.676092245,-2.));
#6342=B_SPLINE_CURVE_WITH_KNOTS('',4,(#6335,#6336,#6337,#6338,#6339,#6340,#6341),.UNSPECIFIED.,.F.,.F.,(5,1,1,5),(0.019817204,0.166666667,0.333333333,0.342760077),.UNSPECIFIED.);
#6343=EDGE_CURVE('',#6299,#6334,#6342,.T.);
#6344=ORIENTED_EDGE('',*,*,#6343,.T.);
#6345=CARTESIAN_POINT('',(-46.744111628,52.676092245,0.));
#6346=VERTEX_POINT('',#6345);
#6347=CARTESIAN_POINT('',(-46.744111628,52.676092245,-2.));
#6348=DIRECTION('',(0.,0.,1.));
#6349=VECTOR('',#6348,2.);
#6350=LINE('',#6347,#6349);
#6351=EDGE_CURVE('',#6334,#6346,#6350,.T.);
#6352=ORIENTED_EDGE('',*,*,#6351,.T.);
#6353=CARTESIAN_POINT('',(-56.803931504,4.676052232,0.));
#6354=CARTESIAN_POINT('',(-59.939253709,13.198367364,0.));
#6355=CARTESIAN_POINT('',(-64.214993354,29.990029504,0.));
#6356=CARTESIAN_POINT('',(-57.788892231,45.880854547,0.));
#6357=CARTESIAN_POINT('',(-50.390470403,51.211111503,0.));
#6358=CARTESIAN_POINT('',(-46.927726347,52.605541947,0.));
#6359=CARTESIAN_POINT('',(-46.744111628,52.676092245,0.));
#6360=B_SPLINE_CURVE_WITH_KNOTS('',4,(#6353,#6354,#6355,#6356,#6357,#6358,#6359),.UNSPECIFIED.,.F.,.F.,(5,1,1,5),(0.019817204,0.166666667,0.333333333,0.342760077),.UNSPECIFIED.);
#6361=EDGE_CURVE('',#6288,#6346,#6360,.T.);
#6362=ORIENTED_EDGE('',*,*,#6361,.F.);
#6363=ORIENTED_EDGE('',*,*,#6313,.F.);
#6364=EDGE_LOOP('',(#6344,#6352,#6362,#6363));
#6365=FACE_BOUND('',#6364,.T.);
#6366=ADVANCED_FACE('',(#6365),#6332,.T.);
#6367=CARTESIAN_POINT('',(-31.,58.5,-2.));
#6368=DIRECTION('',(0.,0.,1.));
#6369=DIRECTION('',(1.,0.,-0.));
#6370=AXIS2_PLACEMENT_3D('',#6367,#6368,#6369);
#6371=CYLINDRICAL_SURFACE('',#6370,13.5);
#6372=ORIENTED_EDGE('',*,*,#2989,.F.);
#6373=CARTESIAN_POINT('',(-42.308705085,51.126860282,5.));
#6374=DIRECTION('',(-0.,-0.,-1.));
#6375=VECTOR('',#6374,8.);
#6376=LINE('',#6373,#6375);
#6377=EDGE_CURVE('',#2974,#1695,#6376,.T.);
#6378=ORIENTED_EDGE('',*,*,#6377,.T.);
#6379=ORIENTED_EDGE('',*,*,#1701,.T.);
#6380=CARTESIAN_POINT('',(-17.751970611,55.903903446,-3.));
#6381=DIRECTION('',(0.,0.,1.));
#6382=VECTOR('',#6381,8.);
#6383=LINE('',#6380,#6382);
#6384=EDGE_CURVE('',#1686,#2983,#6383,.T.);
#6385=ORIENTED_EDGE('',*,*,#6384,.T.);
#6386=EDGE_LOOP('',(#6372,#6378,#6379,#6385));
#6387=FACE_BOUND('',#6386,.T.);
#6388=ADVANCED_FACE('',(#6387),#6371,.T.);
#6389=CARTESIAN_POINT('',(53.408128242,69.091938774,-2.));
#6390=DIRECTION('',(0.500008441,-0.86602053,0.));
#6391=DIRECTION('',(0.86602053,0.500008441,0.));
#6392=AXIS2_PLACEMENT_3D('',#6389,#6390,#6391);
#6393=PLANE('',#6392);
#6394=ORIENTED_EDGE('',*,*,#4146,.T.);
#6395=ORIENTED_EDGE('',*,*,#3973,.F.);
#6396=ORIENTED_EDGE('',*,*,#4421,.F.);
#6397=ORIENTED_EDGE('',*,*,#2609,.T.);
#6398=EDGE_LOOP('',(#6394,#6395,#6396,#6397));
#6399=FACE_BOUND('',#6398,.T.);
#6400=ADVANCED_FACE('',(#6399),#6393,.T.);
#6401=CARTESIAN_POINT('',(77.411009395,11.630249564,-2.));
#6402=DIRECTION('',(0.500008441,-0.86602053,0.));
#6403=DIRECTION('',(0.86602053,0.500008441,0.));
#6404=AXIS2_PLACEMENT_3D('',#6401,#6402,#6403);
#6405=PLANE('',#6404);
#6406=ORIENTED_EDGE('',*,*,#4445,.T.);
#6407=ORIENTED_EDGE('',*,*,#3812,.F.);
#6408=ORIENTED_EDGE('',*,*,#4720,.F.);
#6409=ORIENTED_EDGE('',*,*,#2448,.T.);
#6410=EDGE_LOOP('',(#6406,#6407,#6408,#6409));
#6411=FACE_BOUND('',#6410,.T.);
#6412=ADVANCED_FACE('',(#6411),#6405,.T.);
#6413=CARTESIAN_POINT('',(-82.706329387,8.571490151,-2.));
#6414=DIRECTION('',(-1.,0.,0.));
#6415=DIRECTION('',(0.,0.,1.));
#6416=AXIS2_PLACEMENT_3D('',#6413,#6414,#6415);
#6417=PLANE('',#6416);
#6418=ORIENTED_EDGE('',*,*,#4744,.T.);
#6419=ORIENTED_EDGE('',*,*,#3651,.T.);
#6420=ORIENTED_EDGE('',*,*,#5019,.F.);
#6421=ORIENTED_EDGE('',*,*,#2163,.F.);
#6422=EDGE_LOOP('',(#6418,#6419,#6420,#6421));
#6423=FACE_BOUND('',#6422,.T.);
#6424=ADVANCED_FACE('',(#6423),#6417,.F.);
#6425=CARTESIAN_POINT('',(-58.704008292,66.033413304,-2.));
#6426=DIRECTION('',(-1.,0.,0.));
#6427=DIRECTION('',(-0.,-1.,0.));
#6428=AXIS2_PLACEMENT_3D('',#6425,#6426,#6427);
#6429=PLANE('',#6428);
#6430=ORIENTED_EDGE('',*,*,#5043,.T.);
#6431=ORIENTED_EDGE('',*,*,#3490,.T.);
#6432=ORIENTED_EDGE('',*,*,#5318,.F.);
#6433=ORIENTED_EDGE('',*,*,#2002,.F.);
#6434=EDGE_LOOP('',(#6430,#6431,#6432,#6433));
#6435=FACE_BOUND('',#6434,.T.);
#6436=ADVANCED_FACE('',(#6435),#6429,.F.);
#6437=CARTESIAN_POINT('',(-11.498664294,77.01632373,-2.));
#6438=DIRECTION('',(-0.000000002,-1.,0.));
#6439=DIRECTION('',(1.,-0.000000002,0.));
#6440=AXIS2_PLACEMENT_3D('',#6437,#6438,#6439);
#6441=PLANE('',#6440);
#6442=ORIENTED_EDGE('',*,*,#5352,.T.);
#6443=ORIENTED_EDGE('',*,*,#3329,.T.);
#6444=ORIENTED_EDGE('',*,*,#5460,.F.);
#6445=ORIENTED_EDGE('',*,*,#1189,.F.);
#6446=EDGE_LOOP('',(#6442,#6443,#6444,#6445));
#6447=FACE_BOUND('',#6446,.T.);
#6448=ADVANCED_FACE('',(#6447),#6441,.F.);
#6449=CARTESIAN_POINT('',(0.000463245,59.942448806,-2.));
#6450=DIRECTION('',(0.000004873,-1.,0.));
#6451=DIRECTION('',(1.,0.000004873,0.));
#6452=AXIS2_PLACEMENT_3D('',#6449,#6450,#6451);
#6453=PLANE('',#6452);
#6454=ORIENTED_EDGE('',*,*,#3006,.F.);
#6455=CARTESIAN_POINT('',(-12.845317426,59.942386204,5.));
#6456=DIRECTION('',(0.,0.,-1.));
#6457=VECTOR('',#6456,8.);
#6458=LINE('',#6455,#6457);
#6459=EDGE_CURVE('',#2992,#1678,#6458,.T.);
#6460=ORIENTED_EDGE('',*,*,#6459,.T.);
#6461=ORIENTED_EDGE('',*,*,#1683,.T.);
#6462=CARTESIAN_POINT('',(12.846243916,59.942511407,-3.));
#6463=DIRECTION('',(-0.,-0.,1.));
#6464=VECTOR('',#6463,8.);
#6465=LINE('',#6462,#6464);
#6466=EDGE_CURVE('',#1669,#3001,#6465,.T.);
#6467=ORIENTED_EDGE('',*,*,#6466,.T.);
#6468=EDGE_LOOP('',(#6454,#6460,#6461,#6467));
#6469=FACE_BOUND('',#6468,.T.);
#6470=ADVANCED_FACE('',(#6469),#6453,.T.);
#6471=CARTESIAN_POINT('',(-53.48801836,81.601076199,5.));
#6472=CARTESIAN_POINT('',(-53.48801836,81.601076199,4.));
#6473=CARTESIAN_POINT('',(-53.48801836,81.601076199,0.));
#6474=CARTESIAN_POINT('',(-72.587229002,79.71153734,5.));
#6475=CARTESIAN_POINT('',(-72.587229002,79.71153734,4.));
#6476=CARTESIAN_POINT('',(-72.587229002,79.71153734,0.));
#6477=CARTESIAN_POINT('',(-83.155007979,64.195709578,5.));
#6478=CARTESIAN_POINT('',(-83.155007979,64.195709578,4.));
#6479=CARTESIAN_POINT('',(-83.155007979,64.195709578,0.));
#6480=CARTESIAN_POINT('',(-89.019923888,49.725368475,5.));
#6481=CARTESIAN_POINT('',(-89.019923888,49.725368475,4.));
#6482=CARTESIAN_POINT('',(-89.019923888,49.725368475,0.));
#6483=CARTESIAN_POINT('',(-97.983840515,23.037345597,5.));
#6484=CARTESIAN_POINT('',(-97.983840515,23.037345597,4.));
#6485=CARTESIAN_POINT('',(-97.983840515,23.037345597,0.));
#6486=CARTESIAN_POINT('',(-106.389914396,5.352998835,5.));
#6487=CARTESIAN_POINT('',(-106.389914396,5.352998835,4.));
#6488=CARTESIAN_POINT('',(-106.389914396,5.352998835,0.));
#6489=B_SPLINE_SURFACE_WITH_KNOTS('',4,1,((#6471,#6472,#6473),(#6474,#6475,#6476),(#6477,#6478,#6479),(#6480,#6481,#6482),(#6483,#6484,#6485),(#6486,#6487,#6488)),.UNSPECIFIED.,.F.,.F.,.U.,(5,1,5),(2,1,2),(0.045080366,0.5,0.965670086),(-0.25,0.,1.),.UNSPECIFIED.);
#6490=ORIENTED_EDGE('',*,*,#6066,.T.);
#6491=CARTESIAN_POINT('',(-106.389914396,5.352998835,5.));
#6492=CARTESIAN_POINT('',(-106.389914396,5.352998835,3.333333333));
#6493=CARTESIAN_POINT('',(-106.389914396,5.352998835,1.666666667));
#6494=CARTESIAN_POINT('',(-106.389914396,5.352998835,0.));
#6495=B_SPLINE_CURVE_WITH_KNOTS('',3,(#6491,#6492,#6493,#6494),.UNSPECIFIED.,.F.,.F.,(4,4),(-0.,1.25),.UNSPECIFIED.);
#6496=EDGE_CURVE('',#2726,#6058,#6495,.T.);
#6497=ORIENTED_EDGE('',*,*,#6496,.F.);
#6498=ORIENTED_EDGE('',*,*,#2786,.F.);
#6499=ORIENTED_EDGE('',*,*,#6028,.T.);
#6500=EDGE_LOOP('',(#6490,#6497,#6498,#6499));
#6501=FACE_BOUND('',#6500,.T.);
#6502=ADVANCED_FACE('',(#6501),#6489,.F.);
#6503=CARTESIAN_POINT('',(-106.389914396,5.352998835,5.));
#6504=CARTESIAN_POINT('',(-106.389914396,5.352998835,4.));
#6505=CARTESIAN_POINT('',(-106.389914396,5.352998835,0.));
#6506=CARTESIAN_POINT('',(-106.585071534,4.942435408,5.));
#6507=CARTESIAN_POINT('',(-106.585071534,4.942435408,4.));
#6508=CARTESIAN_POINT('',(-106.585071534,4.942435408,0.));
#6509=CARTESIAN_POINT('',(-106.782315529,4.529616564,5.));
#6510=CARTESIAN_POINT('',(-106.782315529,4.529616564,4.));
#6511=CARTESIAN_POINT('',(-106.782315529,4.529616564,0.));
#6512=CARTESIAN_POINT('',(-106.981684908,4.11452906,5.));
#6513=CARTESIAN_POINT('',(-106.981684908,4.11452906,4.));
#6514=CARTESIAN_POINT('',(-106.981684908,4.11452906,0.));
#6515=CARTESIAN_POINT('',(-107.183218798,3.697159845,5.));
#6516=CARTESIAN_POINT('',(-107.183218798,3.697159845,4.));
#6517=CARTESIAN_POINT('',(-107.183218798,3.697159845,0.));
#6518=CARTESIAN_POINT('',(-107.183221541,3.697154164,5.));
#6519=CARTESIAN_POINT('',(-107.183221541,3.697154164,4.));
#6520=CARTESIAN_POINT('',(-107.183221541,3.697154164,0.));
#6521=CARTESIAN_POINT('',(-107.183224284,3.697148483,5.));
#6522=CARTESIAN_POINT('',(-107.183224284,3.697148483,4.));
#6523=CARTESIAN_POINT('',(-107.183224284,3.697148483,0.));
#6524=CARTESIAN_POINT('',(-107.183227027,3.697142801,5.));
#6525=CARTESIAN_POINT('',(-107.183227027,3.697142801,4.));
#6526=CARTESIAN_POINT('',(-107.183227027,3.697142801,0.));
#6527=CARTESIAN_POINT('',(-107.183229771,3.69713712,5.));
#6528=CARTESIAN_POINT('',(-107.183229771,3.69713712,4.));
#6529=CARTESIAN_POINT('',(-107.183229771,3.69713712,0.));
#6530=B_SPLINE_SURFACE_WITH_KNOTS('',4,1,((#6503,#6504,#6505),(#6506,#6507,#6508),(#6509,#6510,#6511),(#6512,#6513,#6514),(#6515,#6516,#6517),(#6518,#6519,#6520),(#6521,#6522,#6523),(#6524,#6525,#6526),(#6527,#6528,#6529)),.UNSPECIFIED.,.F.,.F.,.U.,(5,4,5),(2,1,2),(0.965670086,0.976481179,0.976481326),(-0.25,0.,1.),.UNSPECIFIED.);
#6531=ORIENTED_EDGE('',*,*,#6117,.T.);
#6532=CARTESIAN_POINT('',(-107.183229771,3.69713712,5.));
#6533=CARTESIAN_POINT('',(-107.183229771,3.69713712,3.333333333));
#6534=CARTESIAN_POINT('',(-107.183229771,3.69713712,1.666666667));
#6535=CARTESIAN_POINT('',(-107.183229771,3.69713712,0.));
#6536=B_SPLINE_CURVE_WITH_KNOTS('',3,(#6532,#6533,#6534,#6535),.UNSPECIFIED.,.F.,.F.,(4,4),(-0.,1.25),.UNSPECIFIED.);
#6537=EDGE_CURVE('',#2789,#6110,#6536,.T.);
#6538=ORIENTED_EDGE('',*,*,#6537,.F.);
#6539=ORIENTED_EDGE('',*,*,#2795,.F.);
#6540=ORIENTED_EDGE('',*,*,#6496,.T.);
#6541=EDGE_LOOP('',(#6531,#6538,#6539,#6540));
#6542=FACE_BOUND('',#6541,.T.);
#6543=ADVANCED_FACE('',(#6542),#6530,.F.);
#6544=CARTESIAN_POINT('',(-107.183230222,3.697137338,5.));
#6545=CARTESIAN_POINT('',(-107.183230222,3.697137338,4.));
#6546=CARTESIAN_POINT('',(-107.183230222,3.697137338,0.));
#6547=CARTESIAN_POINT('',(-108.878760307,0.,5.));
#6548=CARTESIAN_POINT('',(-108.878760307,0.,4.));
#6549=CARTESIAN_POINT('',(-108.878760307,0.,0.));
#6550=CARTESIAN_POINT('',(-107.95541528,0.,5.));
#6551=CARTESIAN_POINT('',(-107.95541528,0.,4.));
#6552=CARTESIAN_POINT('',(-107.95541528,0.,0.));
#6553=CARTESIAN_POINT('',(-100.,0.,5.));
#6554=CARTESIAN_POINT('',(-100.,0.,4.));
#6555=CARTESIAN_POINT('',(-100.,0.,0.));
#6556=B_SPLINE_SURFACE_WITH_KNOTS('',3,1,((#6544,#6545,#6546),(#6547,#6548,#6549),(#6550,#6551,#6552),(#6553,#6554,#6555)),.UNSPECIFIED.,.F.,.F.,.U.,(4,4),(2,1,2),(0.116064969,1.),(-0.25,0.,1.),.UNSPECIFIED.);
#6557=ORIENTED_EDGE('',*,*,#6156,.T.);
#6558=ORIENTED_EDGE('',*,*,#6203,.F.);
#6559=ORIENTED_EDGE('',*,*,#2840,.F.);
#6560=ORIENTED_EDGE('',*,*,#6537,.T.);
#6561=EDGE_LOOP('',(#6557,#6558,#6559,#6560));
#6562=FACE_BOUND('',#6561,.T.);
#6563=ADVANCED_FACE('',(#6562),#6556,.F.);
#6564=CARTESIAN_POINT('',(-56.10936234,2.827983201,5.));
#6565=CARTESIAN_POINT('',(-56.10936234,2.827983201,4.));
#6566=CARTESIAN_POINT('',(-56.10936234,2.827983201,0.));
#6567=CARTESIAN_POINT('',(-55.119096843,0.,5.));
#6568=CARTESIAN_POINT('',(-55.119096843,0.,4.));
#6569=CARTESIAN_POINT('',(-55.119096843,0.,0.));
#6570=CARTESIAN_POINT('',(-55.771676237,0.,5.));
#6571=CARTESIAN_POINT('',(-55.771676237,0.,4.));
#6572=CARTESIAN_POINT('',(-55.771676237,0.,0.));
#6573=CARTESIAN_POINT('',(-60.,0.,5.));
#6574=CARTESIAN_POINT('',(-60.,0.,4.));
#6575=CARTESIAN_POINT('',(-60.,0.,0.));
#6576=B_SPLINE_SURFACE_WITH_KNOTS('',3,1,((#6564,#6565,#6566),(#6567,#6568,#6569),(#6570,#6571,#6572),(#6573,#6574,#6575)),.UNSPECIFIED.,.F.,.F.,.U.,(4,4),(2,1,2),(0.154335247,1.),(-0.25,0.,1.),.UNSPECIFIED.);
#6577=ORIENTED_EDGE('',*,*,#6238,.F.);
#6578=CARTESIAN_POINT('',(-56.10936234,2.827983201,5.));
#6579=CARTESIAN_POINT('',(-56.10936234,2.827983201,3.333333333));
#6580=CARTESIAN_POINT('',(-56.10936234,2.827983201,1.666666667));
#6581=CARTESIAN_POINT('',(-56.10936234,2.827983201,0.));
#6582=B_SPLINE_CURVE_WITH_KNOTS('',3,(#6578,#6579,#6580,#6581),.UNSPECIFIED.,.F.,.F.,(4,4),(-0.,1.25),.UNSPECIFIED.);
#6583=EDGE_CURVE('',#2851,#6232,#6582,.T.);
#6584=ORIENTED_EDGE('',*,*,#6583,.F.);
#6585=ORIENTED_EDGE('',*,*,#2893,.T.);
#6586=ORIENTED_EDGE('',*,*,#6196,.T.);
#6587=EDGE_LOOP('',(#6577,#6584,#6585,#6586));
#6588=FACE_BOUND('',#6587,.T.);
#6589=ADVANCED_FACE('',(#6588),#6576,.T.);
#6590=CARTESIAN_POINT('',(-56.109362803,2.827983024,5.));
#6591=CARTESIAN_POINT('',(-56.109362803,2.827983024,4.));
#6592=CARTESIAN_POINT('',(-56.109362803,2.827983024,0.));
#6593=CARTESIAN_POINT('',(-56.109364352,2.827987067,5.));
#6594=CARTESIAN_POINT('',(-56.109364352,2.827987067,4.));
#6595=CARTESIAN_POINT('',(-56.109364352,2.827987067,0.));
#6596=CARTESIAN_POINT('',(-56.109365902,2.827991111,5.));
#6597=CARTESIAN_POINT('',(-56.109365902,2.827991111,4.));
#6598=CARTESIAN_POINT('',(-56.109365902,2.827991111,0.));
#6599=CARTESIAN_POINT('',(-56.109367451,2.827995154,5.));
#6600=CARTESIAN_POINT('',(-56.109367451,2.827995154,4.));
#6601=CARTESIAN_POINT('',(-56.109367451,2.827995154,0.));
#6602=CARTESIAN_POINT('',(-56.109369001,2.827999197,5.));
#6603=CARTESIAN_POINT('',(-56.109369001,2.827999197,4.));
#6604=CARTESIAN_POINT('',(-56.109369001,2.827999197,0.));
#6605=CARTESIAN_POINT('',(-56.287556005,3.292985208,5.));
#6606=CARTESIAN_POINT('',(-56.287556005,3.292985208,4.));
#6607=CARTESIAN_POINT('',(-56.287556005,3.292985208,0.));
#6608=CARTESIAN_POINT('',(-56.462841714,3.755941883,5.));
#6609=CARTESIAN_POINT('',(-56.462841714,3.755941883,4.));
#6610=CARTESIAN_POINT('',(-56.462841714,3.755941883,0.));
#6611=CARTESIAN_POINT('',(-56.635024388,4.216935594,5.));
#6612=CARTESIAN_POINT('',(-56.635024388,4.216935594,4.));
#6613=CARTESIAN_POINT('',(-56.635024388,4.216935594,0.));
#6614=CARTESIAN_POINT('',(-56.80392048,4.676022267,5.));
#6615=CARTESIAN_POINT('',(-56.80392048,4.676022267,4.));
#6616=CARTESIAN_POINT('',(-56.80392048,4.676022267,0.));
#6617=CARTESIAN_POINT('',(-56.803923236,4.676029759,5.));
#6618=CARTESIAN_POINT('',(-56.803923236,4.676029759,4.));
#6619=CARTESIAN_POINT('',(-56.803923236,4.676029759,0.));
#6620=CARTESIAN_POINT('',(-56.803925992,4.67603725,5.));
#6621=CARTESIAN_POINT('',(-56.803925992,4.67603725,4.));
#6622=CARTESIAN_POINT('',(-56.803925992,4.67603725,0.));
#6623=CARTESIAN_POINT('',(-56.803928748,4.676044741,5.));
#6624=CARTESIAN_POINT('',(-56.803928748,4.676044741,4.));
#6625=CARTESIAN_POINT('',(-56.803928748,4.676044741,0.));
#6626=CARTESIAN_POINT('',(-56.803931504,4.676052232,5.));
#6627=CARTESIAN_POINT('',(-56.803931504,4.676052232,4.));
#6628=CARTESIAN_POINT('',(-56.803931504,4.676052232,0.));
#6629=B_SPLINE_SURFACE_WITH_KNOTS('',4,1,((#6590,#6591,#6592),(#6593,#6594,#6595),(#6596,#6597,#6598),(#6599,#6600,#6601),(#6602,#6603,#6604),(#6605,#6606,#6607),(#6608,#6609,#6610),(#6611,#6612,#6613),(#6614,#6615,#6616),(#6617,#6618,#6619),(#6620,#6621,#6622),(#6623,#6624,#6625),(#6626,#6627,#6628)),.UNSPECIFIED.,.F.,.F.,.U.,(5,4,4,5),(2,1,2),(0.011906407,0.011906476,0.019817075,0.019817204),(-0.25,0.,1.),.UNSPECIFIED.);
#6630=ORIENTED_EDGE('',*,*,#6295,.T.);
#6631=CARTESIAN_POINT('',(-56.803931504,4.676052232,5.));
#6632=CARTESIAN_POINT('',(-56.803931504,4.676052232,3.333333333));
#6633=CARTESIAN_POINT('',(-56.803931504,4.676052232,1.666666667));
#6634=CARTESIAN_POINT('',(-56.803931504,4.676052232,0.));
#6635=B_SPLINE_CURVE_WITH_KNOTS('',3,(#6631,#6632,#6633,#6634),.UNSPECIFIED.,.F.,.F.,(4,4),(-0.,1.25),.UNSPECIFIED.);
#6636=EDGE_CURVE('',#2896,#6288,#6635,.T.);
#6637=ORIENTED_EDGE('',*,*,#6636,.F.);
#6638=ORIENTED_EDGE('',*,*,#2902,.F.);
#6639=ORIENTED_EDGE('',*,*,#6583,.T.);
#6640=EDGE_LOOP('',(#6630,#6637,#6638,#6639));
#6641=FACE_BOUND('',#6640,.T.);
#6642=ADVANCED_FACE('',(#6641),#6629,.F.);
#6643=CARTESIAN_POINT('',(-56.803931504,4.676052232,5.));
#6644=CARTESIAN_POINT('',(-56.803931504,4.676052232,4.));
#6645=CARTESIAN_POINT('',(-56.803931504,4.676052232,0.));
#6646=CARTESIAN_POINT('',(-59.939253709,13.198367364,5.));
#6647=CARTESIAN_POINT('',(-59.939253709,13.198367364,4.));
#6648=CARTESIAN_POINT('',(-59.939253709,13.198367364,0.));
#6649=CARTESIAN_POINT('',(-64.214993354,29.990029504,5.));
#6650=CARTESIAN_POINT('',(-64.214993354,29.990029504,4.));
#6651=CARTESIAN_POINT('',(-64.214993354,29.990029504,0.));
#6652=CARTESIAN_POINT('',(-57.788892231,45.880854547,5.));
#6653=CARTESIAN_POINT('',(-57.788892231,45.880854547,4.));
#6654=CARTESIAN_POINT('',(-57.788892231,45.880854547,0.));
#6655=CARTESIAN_POINT('',(-50.390470403,51.211111503,5.));
#6656=CARTESIAN_POINT('',(-50.390470403,51.211111503,4.));
#6657=CARTESIAN_POINT('',(-50.390470403,51.211111503,0.));
#6658=CARTESIAN_POINT('',(-46.927726347,52.605541947,5.));
#6659=CARTESIAN_POINT('',(-46.927726347,52.605541947,4.));
#6660=CARTESIAN_POINT('',(-46.927726347,52.605541947,0.));
#6661=CARTESIAN_POINT('',(-46.744111628,52.676092245,5.));
#6662=CARTESIAN_POINT('',(-46.744111628,52.676092245,4.));
#6663=CARTESIAN_POINT('',(-46.744111628,52.676092245,0.));
#6664=B_SPLINE_SURFACE_WITH_KNOTS('',4,1,((#6643,#6644,#6645),(#6646,#6647,#6648),(#6649,#6650,#6651),(#6652,#6653,#6654),(#6655,#6656,#6657),(#6658,#6659,#6660),(#6661,#6662,#6663)),.UNSPECIFIED.,.F.,.F.,.U.,(5,1,1,5),(2,1,2),(0.019817204,0.166666667,0.333333333,0.342760077),(-0.25,0.,1.),.UNSPECIFIED.);
#6665=ORIENTED_EDGE('',*,*,#6361,.T.);
#6666=CARTESIAN_POINT('',(-46.744111628,52.676092245,0.));
#6667=DIRECTION('',(-0.,-0.,1.));
#6668=VECTOR('',#6667,5.);
#6669=LINE('',#6666,#6668);
#6670=EDGE_CURVE('',#6346,#2905,#6669,.T.);
#6671=ORIENTED_EDGE('',*,*,#6670,.T.);
#6672=ORIENTED_EDGE('',*,*,#2962,.F.);
#6673=ORIENTED_EDGE('',*,*,#6636,.T.);
#6674=EDGE_LOOP('',(#6665,#6671,#6672,#6673));
#6675=FACE_BOUND('',#6674,.T.);
#6676=ADVANCED_FACE('',(#6675),#6664,.F.);
#6677=CARTESIAN_POINT('',(56.805288161,4.67657592,5.));
#6678=CARTESIAN_POINT('',(56.805288161,4.67657592,4.));
#6679=CARTESIAN_POINT('',(56.805288161,4.67657592,0.));
#6680=CARTESIAN_POINT('',(59.940533045,13.198930835,5.));
#6681=CARTESIAN_POINT('',(59.940533045,13.198930835,4.));
#6682=CARTESIAN_POINT('',(59.940533045,13.198930835,0.));
#6683=CARTESIAN_POINT('',(64.216119446,29.990642685,5.));
#6684=CARTESIAN_POINT('',(64.216119446,29.990642685,4.));
#6685=CARTESIAN_POINT('',(64.216119446,29.990642685,0.));
#6686=CARTESIAN_POINT('',(57.789861262,45.881415667,5.));
#6687=CARTESIAN_POINT('',(57.789861262,45.881415667,4.));
#6688=CARTESIAN_POINT('',(57.789861262,45.881415667,0.));
#6689=CARTESIAN_POINT('',(50.391384525,51.211602644,5.));
#6690=CARTESIAN_POINT('',(50.391384525,51.211602644,4.));
#6691=CARTESIAN_POINT('',(50.391384525,51.211602644,0.));
#6692=CARTESIAN_POINT('',(46.928626879,52.605999338,5.));
#6693=CARTESIAN_POINT('',(46.928626879,52.605999338,4.));
#6694=CARTESIAN_POINT('',(46.928626879,52.605999338,0.));
#6695=CARTESIAN_POINT('',(46.745011472,52.676547846,5.));
#6696=CARTESIAN_POINT('',(46.745011472,52.676547846,4.));
#6697=CARTESIAN_POINT('',(46.745011472,52.676547846,0.));
#6698=B_SPLINE_SURFACE_WITH_KNOTS('',4,1,((#6677,#6678,#6679),(#6680,#6681,#6682),(#6683,#6684,#6685),(#6686,#6687,#6688),(#6689,#6690,#6691),(#6692,#6693,#6694),(#6695,#6696,#6697)),.UNSPECIFIED.,.F.,.F.,.U.,(5,1,1,5),(2,1,2),(0.019817075,0.166666667,0.333333333,0.342760077),(-0.25,0.,1.),.UNSPECIFIED.);
#6699=ORIENTED_EDGE('',*,*,#3102,.T.);
#6700=CARTESIAN_POINT('',(46.745011472,52.676547846,5.));
#6701=DIRECTION('',(0.,0.,-1.));
#6702=VECTOR('',#6701,5.);
#6703=LINE('',#6700,#6702);
#6704=EDGE_CURVE('',#3036,#5508,#6703,.T.);
#6705=ORIENTED_EDGE('',*,*,#6704,.T.);
#6706=ORIENTED_EDGE('',*,*,#5517,.F.);
#6707=CARTESIAN_POINT('',(56.805288161,4.67657592,5.));
#6708=CARTESIAN_POINT('',(56.805288161,4.67657592,3.333333333));
#6709=CARTESIAN_POINT('',(56.805288161,4.67657592,1.666666667));
#6710=CARTESIAN_POINT('',(56.805288161,4.67657592,0.));
#6711=B_SPLINE_CURVE_WITH_KNOTS('',3,(#6707,#6708,#6709,#6710),.UNSPECIFIED.,.F.,.F.,(4,4),(-0.,1.25),.UNSPECIFIED.);
#6712=EDGE_CURVE('',#3045,#5506,#6711,.T.);
#6713=ORIENTED_EDGE('',*,*,#6712,.F.);
#6714=EDGE_LOOP('',(#6699,#6705,#6706,#6713));
#6715=FACE_BOUND('',#6714,.T.);
#6716=ADVANCED_FACE('',(#6715),#6698,.T.);
#6717=CARTESIAN_POINT('',(56.110748496,2.828529907,5.));
#6718=CARTESIAN_POINT('',(56.110748496,2.828529907,4.));
#6719=CARTESIAN_POINT('',(56.110748496,2.828529907,0.));
#6720=CARTESIAN_POINT('',(56.110750046,2.82853395,5.));
#6721=CARTESIAN_POINT('',(56.110750046,2.82853395,4.));
#6722=CARTESIAN_POINT('',(56.110750046,2.82853395,0.));
#6723=CARTESIAN_POINT('',(56.110751595,2.828537994,5.));
#6724=CARTESIAN_POINT('',(56.110751595,2.828537994,4.));
#6725=CARTESIAN_POINT('',(56.110751595,2.828537994,0.));
#6726=CARTESIAN_POINT('',(56.110753145,2.828542037,5.));
#6727=CARTESIAN_POINT('',(56.110753145,2.828542037,4.));
#6728=CARTESIAN_POINT('',(56.110753145,2.828542037,0.));
#6729=CARTESIAN_POINT('',(56.110754694,2.828546081,5.));
#6730=CARTESIAN_POINT('',(56.110754694,2.828546081,4.));
#6731=CARTESIAN_POINT('',(56.110754694,2.828546081,0.));
#6732=CARTESIAN_POINT('',(56.288937166,3.293533828,5.));
#6733=CARTESIAN_POINT('',(56.288937166,3.293533828,4.));
#6734=CARTESIAN_POINT('',(56.288937166,3.293533828,0.));
#6735=CARTESIAN_POINT('',(56.464218363,3.756492211,5.));
#6736=CARTESIAN_POINT('',(56.464218363,3.756492211,4.));
#6737=CARTESIAN_POINT('',(56.464218363,3.756492211,0.));
#6738=CARTESIAN_POINT('',(56.636396544,4.2174876,5.));
#6739=CARTESIAN_POINT('',(56.636396544,4.2174876,4.));
#6740=CARTESIAN_POINT('',(56.636396544,4.2174876,0.));
#6741=CARTESIAN_POINT('',(56.805288161,4.67657592,5.));
#6742=CARTESIAN_POINT('',(56.805288161,4.67657592,4.));
#6743=CARTESIAN_POINT('',(56.805288161,4.67657592,0.));
#6744=B_SPLINE_SURFACE_WITH_KNOTS('',4,1,((#6717,#6718,#6719),(#6720,#6721,#6722),(#6723,#6724,#6725),(#6726,#6727,#6728),(#6729,#6730,#6731),(#6732,#6733,#6734),(#6735,#6736,#6737),(#6738,#6739,#6740),(#6741,#6742,#6743)),.UNSPECIFIED.,.F.,.F.,.U.,(5,4,5),(2,1,2),(0.011906407,0.011906476,0.019817075),(-0.25,0.,1.),.UNSPECIFIED.);
#6745=ORIENTED_EDGE('',*,*,#5576,.F.);
#6746=CARTESIAN_POINT('',(56.110748496,2.828529907,5.));
#6747=CARTESIAN_POINT('',(56.110748496,2.828529907,3.333333333));
#6748=CARTESIAN_POINT('',(56.110748496,2.828529907,1.666666667));
#6749=CARTESIAN_POINT('',(56.110748496,2.828529907,0.));
#6750=B_SPLINE_CURVE_WITH_KNOTS('',3,(#6746,#6747,#6748,#6749),.UNSPECIFIED.,.F.,.F.,(4,4),(-0.,1.25),.UNSPECIFIED.);
#6751=EDGE_CURVE('',#3105,#5569,#6750,.T.);
#6752=ORIENTED_EDGE('',*,*,#6751,.F.);
#6753=ORIENTED_EDGE('',*,*,#3111,.T.);
#6754=ORIENTED_EDGE('',*,*,#6712,.T.);
#6755=EDGE_LOOP('',(#6745,#6752,#6753,#6754));
#6756=FACE_BOUND('',#6755,.T.);
#6757=ADVANCED_FACE('',(#6756),#6744,.T.);
#6758=CARTESIAN_POINT('',(56.110748033,2.828530085,5.));
#6759=CARTESIAN_POINT('',(56.110748033,2.828530085,4.));
#6760=CARTESIAN_POINT('',(56.110748033,2.828530085,0.));
#6761=CARTESIAN_POINT('',(55.1205101,0.000537232,5.));
#6762=CARTESIAN_POINT('',(55.1205101,0.000537232,4.));
#6763=CARTESIAN_POINT('',(55.1205101,0.000537232,0.));
#6764=CARTESIAN_POINT('',(55.773089494,0.000543592,5.));
#6765=CARTESIAN_POINT('',(55.773089494,0.000543592,4.));
#6766=CARTESIAN_POINT('',(55.773089494,0.000543592,0.));
#6767=CARTESIAN_POINT('',(60.001413257,0.000584804,5.));
#6768=CARTESIAN_POINT('',(60.001413257,0.000584804,4.));
#6769=CARTESIAN_POINT('',(60.001413257,0.000584804,0.));
#6770=B_SPLINE_SURFACE_WITH_KNOTS('',3,1,((#6758,#6759,#6760),(#6761,#6762,#6763),(#6764,#6765,#6766),(#6767,#6768,#6769)),.UNSPECIFIED.,.F.,.F.,.U.,(4,4),(2,1,2),(0.154335247,1.),(-0.25,0.,1.),.UNSPECIFIED.);
#6771=ORIENTED_EDGE('',*,*,#5615,.T.);
#6772=ORIENTED_EDGE('',*,*,#5662,.F.);
#6773=ORIENTED_EDGE('',*,*,#3156,.F.);
#6774=ORIENTED_EDGE('',*,*,#6751,.T.);
#6775=EDGE_LOOP('',(#6771,#6772,#6773,#6774));
#6776=FACE_BOUND('',#6775,.T.);
#6777=ADVANCED_FACE('',(#6776),#6770,.F.);
#6778=CARTESIAN_POINT('',(107.184596968,3.698204856,5.));
#6779=CARTESIAN_POINT('',(107.184596968,3.698204856,4.));
#6780=CARTESIAN_POINT('',(107.184596968,3.698204856,0.));
#6781=CARTESIAN_POINT('',(108.880177363,0.001061206,5.));
#6782=CARTESIAN_POINT('',(108.880177363,0.001061206,4.));
#6783=CARTESIAN_POINT('',(108.880177363,0.001061206,0.));
#6784=CARTESIAN_POINT('',(107.956844914,0.001052207,5.));
#6785=CARTESIAN_POINT('',(107.956844914,0.001052207,4.));
#6786=CARTESIAN_POINT('',(107.956844914,0.001052207,0.));
#6787=CARTESIAN_POINT('',(100.001413255,0.000974669,5.));
#6788=CARTESIAN_POINT('',(100.001413255,0.000974669,4.));
#6789=CARTESIAN_POINT('',(100.001413255,0.000974669,0.));
#6790=B_SPLINE_SURFACE_WITH_KNOTS('',3,1,((#6778,#6779,#6780),(#6781,#6782,#6783),(#6784,#6785,#6786),(#6787,#6788,#6789)),.UNSPECIFIED.,.F.,.F.,.U.,(4,4),(2,1,2),(0.116063149,1.),(-0.25,0.,1.),.UNSPECIFIED.);
#6791=ORIENTED_EDGE('',*,*,#5697,.F.);
#6792=CARTESIAN_POINT('',(107.184596968,3.698204856,5.));
#6793=CARTESIAN_POINT('',(107.184596968,3.698204856,3.333333333));
#6794=CARTESIAN_POINT('',(107.184596968,3.698204856,1.666666667));
#6795=CARTESIAN_POINT('',(107.184596968,3.698204856,0.));
#6796=B_SPLINE_CURVE_WITH_KNOTS('',3,(#6792,#6793,#6794,#6795),.UNSPECIFIED.,.F.,.F.,(4,4),(-0.,1.25),.UNSPECIFIED.);
#6797=EDGE_CURVE('',#3167,#5691,#6796,.T.);
#6798=ORIENTED_EDGE('',*,*,#6797,.F.);
#6799=ORIENTED_EDGE('',*,*,#3209,.T.);
#6800=ORIENTED_EDGE('',*,*,#5655,.T.);
#6801=EDGE_LOOP('',(#6791,#6798,#6799,#6800));
#6802=FACE_BOUND('',#6801,.T.);
#6803=ADVANCED_FACE('',(#6802),#6790,.T.);
#6804=CARTESIAN_POINT('',(106.391253804,5.354081375,5.));
#6805=CARTESIAN_POINT('',(106.391253804,5.354081375,4.));
#6806=CARTESIAN_POINT('',(106.391253804,5.354081375,0.));
#6807=CARTESIAN_POINT('',(106.391259222,5.354069977,5.));
#6808=CARTESIAN_POINT('',(106.391259222,5.354069977,4.));
#6809=CARTESIAN_POINT('',(106.391259222,5.354069977,0.));
#6810=CARTESIAN_POINT('',(106.39126464,5.354058579,5.));
#6811=CARTESIAN_POINT('',(106.39126464,5.354058579,4.));
#6812=CARTESIAN_POINT('',(106.39126464,5.354058579,0.));
#6813=CARTESIAN_POINT('',(106.391270058,5.354047181,5.));
#6814=CARTESIAN_POINT('',(106.391270058,5.354047181,4.));
#6815=CARTESIAN_POINT('',(106.391270058,5.354047181,0.));
#6816=CARTESIAN_POINT('',(106.391275476,5.354035783,5.));
#6817=CARTESIAN_POINT('',(106.391275476,5.354035783,4.));
#6818=CARTESIAN_POINT('',(106.391275476,5.354035783,0.));
#6819=CARTESIAN_POINT('',(106.586436616,4.943474258,5.));
#6820=CARTESIAN_POINT('',(106.586436616,4.943474258,4.));
#6821=CARTESIAN_POINT('',(106.586436616,4.943474258,0.));
#6822=CARTESIAN_POINT('',(106.783684635,4.530657337,5.));
#6823=CARTESIAN_POINT('',(106.783684635,4.530657337,4.));
#6824=CARTESIAN_POINT('',(106.783684635,4.530657337,0.));
#6825=CARTESIAN_POINT('',(106.983058059,4.115571776,5.));
#6826=CARTESIAN_POINT('',(106.983058059,4.115571776,4.));
#6827=CARTESIAN_POINT('',(106.983058059,4.115571776,0.));
#6828=CARTESIAN_POINT('',(107.184596017,3.698204525,5.));
#6829=CARTESIAN_POINT('',(107.184596017,3.698204525,4.));
#6830=CARTESIAN_POINT('',(107.184596017,3.698204525,0.));
#6831=B_SPLINE_SURFACE_WITH_KNOTS('',4,1,((#6804,#6805,#6806),(#6807,#6808,#6809),(#6810,#6811,#6812),(#6813,#6814,#6815),(#6816,#6817,#6818),(#6819,#6820,#6821),(#6822,#6823,#6824),(#6825,#6826,#6827),(#6828,#6829,#6830)),.UNSPECIFIED.,.F.,.F.,.U.,(5,4,5),(2,1,2),(0.965669786,0.965670086,0.976481179),(-0.25,0.,1.),.UNSPECIFIED.);
#6832=ORIENTED_EDGE('',*,*,#5746,.F.);
#6833=CARTESIAN_POINT('',(106.391253804,5.354081375,5.));
#6834=CARTESIAN_POINT('',(106.391253804,5.354081375,3.333333333));
#6835=CARTESIAN_POINT('',(106.391253804,5.354081375,1.666666667));
#6836=CARTESIAN_POINT('',(106.391253804,5.354081375,0.));
#6837=B_SPLINE_CURVE_WITH_KNOTS('',3,(#6833,#6834,#6835,#6836),.UNSPECIFIED.,.F.,.F.,(4,4),(-0.,1.25),.UNSPECIFIED.);
#6838=EDGE_CURVE('',#3212,#5739,#6837,.T.);
#6839=ORIENTED_EDGE('',*,*,#6838,.F.);
#6840=ORIENTED_EDGE('',*,*,#3218,.T.);
#6841=ORIENTED_EDGE('',*,*,#6797,.T.);
#6842=EDGE_LOOP('',(#6832,#6839,#6840,#6841));
#6843=FACE_BOUND('',#6842,.T.);
#6844=ADVANCED_FACE('',(#6843),#6831,.T.);
#6845=CARTESIAN_POINT('',(53.488637447,81.601597414,5.));
#6846=CARTESIAN_POINT('',(53.488637447,81.601597414,4.));
#6847=CARTESIAN_POINT('',(53.488637447,81.601597414,0.));
#6848=CARTESIAN_POINT('',(72.587865579,79.712244472,5.));
#6849=CARTESIAN_POINT('',(72.587865579,79.712244472,4.));
#6850=CARTESIAN_POINT('',(72.587865579,79.712244472,0.));
#6851=CARTESIAN_POINT('',(83.155792187,64.196524902,5.));
#6852=CARTESIAN_POINT('',(83.155792187,64.196524902,4.));
#6853=CARTESIAN_POINT('',(83.155792187,64.196524902,0.));
#6854=CARTESIAN_POINT('',(89.020848733,49.726245357,5.));
#6855=CARTESIAN_POINT('',(89.020848733,49.726245357,4.));
#6856=CARTESIAN_POINT('',(89.020848733,49.726245357,0.));
#6857=CARTESIAN_POINT('',(97.985020466,23.038326717,5.));
#6858=CARTESIAN_POINT('',(97.985020466,23.038326717,4.));
#6859=CARTESIAN_POINT('',(97.985020466,23.038326717,0.));
#6860=CARTESIAN_POINT('',(106.391253804,5.354081375,5.));
#6861=CARTESIAN_POINT('',(106.391253804,5.354081375,4.));
#6862=CARTESIAN_POINT('',(106.391253804,5.354081375,0.));
#6863=B_SPLINE_SURFACE_WITH_KNOTS('',4,1,((#6845,#6846,#6847),(#6848,#6849,#6850),(#6851,#6852,#6853),(#6854,#6855,#6856),(#6857,#6858,#6859),(#6860,#6861,#6862)),.UNSPECIFIED.,.F.,.F.,.U.,(5,1,5),(2,1,2),(0.045080373,0.5,0.965669786),(-0.25,0.,1.),.UNSPECIFIED.);
#6864=ORIENTED_EDGE('',*,*,#5791,.F.);
#6865=CARTESIAN_POINT('',(53.48863628,81.601597473,5.));
#6866=CARTESIAN_POINT('',(53.488636281,81.601597492,3.333333333));
#6867=CARTESIAN_POINT('',(53.488636282,81.60159751,1.666666667));
#6868=CARTESIAN_POINT('',(53.488636283,81.601597529,0.));
#6869=B_SPLINE_CURVE_WITH_KNOTS('',3,(#6865,#6866,#6867,#6868),.UNSPECIFIED.,.F.,.F.,(4,4),(-0.25,1.),.UNSPECIFIED.);
#6870=EDGE_CURVE('',#2620,#5783,#6869,.T.);
#6871=ORIENTED_EDGE('',*,*,#6870,.F.);
#6872=ORIENTED_EDGE('',*,*,#3279,.T.);
#6873=ORIENTED_EDGE('',*,*,#6838,.T.);
#6874=EDGE_LOOP('',(#6864,#6871,#6872,#6873));
#6875=FACE_BOUND('',#6874,.T.);
#6876=ADVANCED_FACE('',(#6875),#6863,.T.);
#6877=CARTESIAN_POINT('',(-33.5078125,72.130422437,0.));
#6878=DIRECTION('',(1.,0.,0.));
#6879=DIRECTION('',(0.,0.,-1.));
#6880=AXIS2_PLACEMENT_3D('',#6877,#6878,#6879);
#6881=PLANE('',#6880);
#6882=CARTESIAN_POINT('',(-33.5078125,74.421543765,3.263628269));
#6883=VERTEX_POINT('',#6882);
#6884=CARTESIAN_POINT('',(-33.5078125,69.723229324,3.263628269));
#6885=DIRECTION('',(0.,1.,0.));
#6886=VECTOR('',#6885,4.698314441);
#6887=LINE('',#6884,#6886);
#6888=EDGE_CURVE('',#4077,#6883,#6887,.T.);
#6889=ORIENTED_EDGE('',*,*,#6888,.F.);
#6890=ORIENTED_EDGE('',*,*,#4082,.T.);
#6891=ORIENTED_EDGE('',*,*,#1239,.F.);
#6892=CARTESIAN_POINT('',(-33.5078125,74.421543765,3.263628269));
#6893=DIRECTION('',(0.,0.,-1.));
#6894=VECTOR('',#6893,6.263628269);
#6895=LINE('',#6892,#6894);
#6896=EDGE_CURVE('',#6883,#1228,#6895,.T.);
#6897=ORIENTED_EDGE('',*,*,#6896,.F.);
#6898=EDGE_LOOP('',(#6889,#6890,#6891,#6897));
#6899=FACE_BOUND('',#6898,.T.);
#6900=ADVANCED_FACE('',(#6899),#6881,.T.);
#6901=CARTESIAN_POINT('',(-31.0078125,74.421543765,0.));
#6902=DIRECTION('',(0.,-1.,0.));
#6903=DIRECTION('',(0.,0.,-1.));
#6904=AXIS2_PLACEMENT_3D('',#6901,#6902,#6903);
#6905=PLANE('',#6904);
#6906=CARTESIAN_POINT('',(-33.5078125,74.421543765,3.263628269));
#6907=DIRECTION('',(1.,0.,-0.));
#6908=VECTOR('',#6907,5.);
#6909=LINE('',#6906,#6908);
#6910=EDGE_CURVE('',#6883,#4014,#6909,.T.);
#6911=ORIENTED_EDGE('',*,*,#6910,.F.);
#6912=ORIENTED_EDGE('',*,*,#6896,.T.);
#6913=ORIENTED_EDGE('',*,*,#1233,.F.);
#6914=ORIENTED_EDGE('',*,*,#4025,.F.);
#6915=EDGE_LOOP('',(#6911,#6912,#6913,#6914));
#6916=FACE_BOUND('',#6915,.T.);
#6917=ADVANCED_FACE('',(#6916),#6905,.T.);
#6918=CARTESIAN_POINT('',(28.3421875,70.628750467,0.));
#6919=DIRECTION('',(1.,0.,0.));
#6920=DIRECTION('',(0.,0.,-1.));
#6921=AXIS2_PLACEMENT_3D('',#6918,#6919,#6920);
#6922=PLANE('',#6921);
#6923=CARTESIAN_POINT('',(28.3421875,74.421543765,3.263628269));
#6924=VERTEX_POINT('',#6923);
#6925=CARTESIAN_POINT('',(28.3421875,69.688735116,3.263628269));
#6926=DIRECTION('',(0.,1.,0.));
#6927=VECTOR('',#6926,4.73280865);
#6928=LINE('',#6925,#6927);
#6929=EDGE_CURVE('',#4111,#6924,#6928,.T.);
#6930=ORIENTED_EDGE('',*,*,#6929,.F.);
#6931=ORIENTED_EDGE('',*,*,#4116,.T.);
#6932=ORIENTED_EDGE('',*,*,#1283,.F.);
#6933=CARTESIAN_POINT('',(28.3421875,74.421543765,3.263628269));
#6934=DIRECTION('',(0.,0.,-1.));
#6935=VECTOR('',#6934,6.263628269);
#6936=LINE('',#6933,#6935);
#6937=EDGE_CURVE('',#6924,#1272,#6936,.T.);
#6938=ORIENTED_EDGE('',*,*,#6937,.F.);
#6939=EDGE_LOOP('',(#6930,#6931,#6932,#6938));
#6940=FACE_BOUND('',#6939,.T.);
#6941=ADVANCED_FACE('',(#6940),#6922,.T.);
#6942=CARTESIAN_POINT('',(30.8421875,74.421543765,0.));
#6943=DIRECTION('',(0.,-1.,0.));
#6944=DIRECTION('',(0.,0.,-1.));
#6945=AXIS2_PLACEMENT_3D('',#6942,#6943,#6944);
#6946=PLANE('',#6945);
#6947=CARTESIAN_POINT('',(28.3421875,74.421543765,3.263628269));
#6948=DIRECTION('',(1.,0.,-0.));
#6949=VECTOR('',#6948,5.);
#6950=LINE('',#6947,#6949);
#6951=EDGE_CURVE('',#6924,#4045,#6950,.T.);
#6952=ORIENTED_EDGE('',*,*,#6951,.F.);
#6953=ORIENTED_EDGE('',*,*,#6937,.T.);
#6954=ORIENTED_EDGE('',*,*,#1277,.F.);
#6955=ORIENTED_EDGE('',*,*,#4056,.F.);
#6956=EDGE_LOOP('',(#6952,#6953,#6954,#6955));
#6957=FACE_BOUND('',#6956,.T.);
#6958=ADVANCED_FACE('',(#6957),#6946,.T.);
#6959=CARTESIAN_POINT('',(53.488636283,81.601597529,-3.));
#6960=CARTESIAN_POINT('',(53.488636283,81.601597529,-2.));
#6961=CARTESIAN_POINT('',(72.58786534,79.712244823,-3.));
#6962=CARTESIAN_POINT('',(72.58786534,79.712244823,-2.));
#6963=CARTESIAN_POINT('',(83.155792098,64.19652512,-3.));
#6964=CARTESIAN_POINT('',(83.155792098,64.19652512,-2.));
#6965=CARTESIAN_POINT('',(89.020848665,49.726245558,-3.));
#6966=CARTESIAN_POINT('',(89.020848665,49.726245558,-2.));
#6967=CARTESIAN_POINT('',(97.985020466,23.038326717,-3.));
#6968=CARTESIAN_POINT('',(97.985020466,23.038326717,-2.));
#6969=CARTESIAN_POINT('',(106.391253804,5.354081375,-3.));
#6970=CARTESIAN_POINT('',(106.391253804,5.354081375,-2.));
#6971=CARTESIAN_POINT('',(106.391259222,5.354069977,-3.));
#6972=CARTESIAN_POINT('',(106.391259222,5.354069977,-2.));
#6973=CARTESIAN_POINT('',(106.39126464,5.354058579,-3.));
#6974=CARTESIAN_POINT('',(106.39126464,5.354058579,-2.));
#6975=CARTESIAN_POINT('',(106.391270058,5.354047181,-3.));
#6976=CARTESIAN_POINT('',(106.391270058,5.354047181,-2.));
#6977=CARTESIAN_POINT('',(106.391275476,5.354035783,-3.));
#6978=CARTESIAN_POINT('',(106.391275476,5.354035783,-2.));
#6979=B_SPLINE_SURFACE_WITH_KNOTS('',4,1,((#6959,#6960),(#6961,#6962),(#6963,#6964),(#6965,#6966),(#6967,#6968),(#6969,#6970),(#6971,#6972),(#6973,#6974),(#6975,#6976),(#6977,#6978)),.UNSPECIFIED.,.F.,.F.,.U.,(5,1,4,5),(2,2),(0.045080366,0.5,0.965669786,0.965670086),(0.8,1.),.UNSPECIFIED.);
#6980=ORIENTED_EDGE('',*,*,#5803,.T.);
#6981=CARTESIAN_POINT('',(106.391275476,5.354035783,-3.));
#6982=CARTESIAN_POINT('',(106.391275476,5.354035783,-2.666666667));
#6983=CARTESIAN_POINT('',(106.391275476,5.354035783,-2.333333333));
#6984=CARTESIAN_POINT('',(106.391275476,5.354035783,-2.));
#6985=B_SPLINE_CURVE_WITH_KNOTS('',3,(#6981,#6982,#6983,#6984),.UNSPECIFIED.,.F.,.F.,(4,4),(0.,0.2),.UNSPECIFIED.);
#6986=EDGE_CURVE('',#1394,#5750,#6985,.T.);
#6987=ORIENTED_EDGE('',*,*,#6986,.F.);
#6988=ORIENTED_EDGE('',*,*,#1454,.F.);
#6989=CARTESIAN_POINT('',(53.488636283,81.601597529,-3.));
#6990=DIRECTION('',(0.,0.,1.));
#6991=VECTOR('',#6990,1.);
#6992=LINE('',#6989,#6991);
#6993=EDGE_CURVE('',#1385,#5795,#6992,.T.);
#6994=ORIENTED_EDGE('',*,*,#6993,.T.);
#6995=EDGE_LOOP('',(#6980,#6987,#6988,#6994));
#6996=FACE_BOUND('',#6995,.T.);
#6997=ADVANCED_FACE('',(#6996),#6979,.F.);
#6998=CARTESIAN_POINT('',(106.391275476,5.354035783,-3.));
#6999=CARTESIAN_POINT('',(106.391275476,5.354035783,-2.));
#7000=CARTESIAN_POINT('',(106.586436616,4.943474258,-3.));
#7001=CARTESIAN_POINT('',(106.586436616,4.943474258,-2.));
#7002=CARTESIAN_POINT('',(106.783684635,4.530657337,-3.));
#7003=CARTESIAN_POINT('',(106.783684635,4.530657337,-2.));
#7004=CARTESIAN_POINT('',(106.983058059,4.115571776,-3.));
#7005=CARTESIAN_POINT('',(106.983058059,4.115571776,-2.));
#7006=CARTESIAN_POINT('',(107.184596017,3.698204525,-3.));
#7007=CARTESIAN_POINT('',(107.184596017,3.698204525,-2.));
#7008=B_SPLINE_SURFACE_WITH_KNOTS('',4,1,((#6998,#6999),(#7000,#7001),(#7002,#7003),(#7004,#7005),(#7006,#7007)),.UNSPECIFIED.,.F.,.F.,.U.,(5,5),(2,2),(0.965670086,0.976481179),(0.8,1.),.UNSPECIFIED.);
#7009=ORIENTED_EDGE('',*,*,#5757,.T.);
#7010=CARTESIAN_POINT('',(107.184596968,3.698204856,-3.));
#7011=DIRECTION('',(0.,0.,1.));
#7012=VECTOR('',#7011,1.);
#7013=LINE('',#7010,#7012);
#7014=EDGE_CURVE('',#1457,#5701,#7013,.T.);
#7015=ORIENTED_EDGE('',*,*,#7014,.F.);
#7016=ORIENTED_EDGE('',*,*,#1463,.F.);
#7017=ORIENTED_EDGE('',*,*,#6986,.T.);
#7018=EDGE_LOOP('',(#7009,#7015,#7016,#7017));
#7019=FACE_BOUND('',#7018,.T.);
#7020=ADVANCED_FACE('',(#7019),#7008,.F.);
#7021=CARTESIAN_POINT('',(107.184596968,3.698204856,-3.));
#7022=CARTESIAN_POINT('',(107.184596968,3.698204856,-2.));
#7023=CARTESIAN_POINT('',(108.880177363,0.001061206,-3.));
#7024=CARTESIAN_POINT('',(108.880177363,0.001061206,-2.));
#7025=CARTESIAN_POINT('',(107.956844914,0.001052207,-3.));
#7026=CARTESIAN_POINT('',(107.956844914,0.001052207,-2.));
#7027=CARTESIAN_POINT('',(100.001413255,0.000974669,-3.));
#7028=CARTESIAN_POINT('',(100.001413255,0.000974669,-2.));
#7029=B_SPLINE_SURFACE_WITH_KNOTS('',3,1,((#7021,#7022),(#7023,#7024),(#7025,#7026),(#7027,#7028)),.UNSPECIFIED.,.F.,.F.,.U.,(4,4),(2,2),(0.116063149,1.),(0.8,1.),.UNSPECIFIED.);
#7030=ORIENTED_EDGE('',*,*,#5707,.T.);
#7031=ORIENTED_EDGE('',*,*,#5676,.F.);
#7032=ORIENTED_EDGE('',*,*,#1517,.F.);
#7033=ORIENTED_EDGE('',*,*,#7014,.T.);
#7034=EDGE_LOOP('',(#7030,#7031,#7032,#7033));
#7035=FACE_BOUND('',#7034,.T.);
#7036=ADVANCED_FACE('',(#7035),#7029,.F.);
#7037=CARTESIAN_POINT('',(56.110748033,2.828530084,-3.));
#7038=CARTESIAN_POINT('',(56.110748033,2.828530084,-2.));
#7039=CARTESIAN_POINT('',(55.1205101,0.000537232,-3.));
#7040=CARTESIAN_POINT('',(55.1205101,0.000537232,-2.));
#7041=CARTESIAN_POINT('',(55.773089494,0.000543592,-3.));
#7042=CARTESIAN_POINT('',(55.773089494,0.000543592,-2.));
#7043=CARTESIAN_POINT('',(60.001413257,0.000584804,-3.));
#7044=CARTESIAN_POINT('',(60.001413257,0.000584804,-2.));
#7045=B_SPLINE_SURFACE_WITH_KNOTS('',3,1,((#7037,#7038),(#7039,#7040),(#7041,#7042),(#7043,#7044)),.UNSPECIFIED.,.F.,.F.,.U.,(4,4),(2,2),(0.154335247,1.),(0.8,1.),.UNSPECIFIED.);
#7046=ORIENTED_EDGE('',*,*,#5625,.F.);
#7047=CARTESIAN_POINT('',(56.110748033,2.828530084,-3.));
#7048=CARTESIAN_POINT('',(56.110748033,2.828530084,-2.666666667));
#7049=CARTESIAN_POINT('',(56.110748033,2.828530084,-2.333333333));
#7050=CARTESIAN_POINT('',(56.110748033,2.828530084,-2.));
#7051=B_SPLINE_CURVE_WITH_KNOTS('',3,(#7047,#7048,#7049,#7050),.UNSPECIFIED.,.F.,.F.,(4,4),(0.,0.2),.UNSPECIFIED.);
#7052=EDGE_CURVE('',#1528,#5580,#7051,.T.);
#7053=ORIENTED_EDGE('',*,*,#7052,.F.);
#7054=ORIENTED_EDGE('',*,*,#1570,.T.);
#7055=ORIENTED_EDGE('',*,*,#5669,.T.);
#7056=EDGE_LOOP('',(#7046,#7053,#7054,#7055));
#7057=FACE_BOUND('',#7056,.T.);
#7058=ADVANCED_FACE('',(#7057),#7045,.T.);
#7059=CARTESIAN_POINT('',(56.110754694,2.828546081,-3.));
#7060=CARTESIAN_POINT('',(56.110754694,2.828546081,-2.));
#7061=CARTESIAN_POINT('',(56.288937166,3.293533828,-3.));
#7062=CARTESIAN_POINT('',(56.288937166,3.293533828,-2.));
#7063=CARTESIAN_POINT('',(56.464218363,3.756492211,-3.));
#7064=CARTESIAN_POINT('',(56.464218363,3.756492211,-2.));
#7065=CARTESIAN_POINT('',(56.636396544,4.2174876,-3.));
#7066=CARTESIAN_POINT('',(56.636396544,4.2174876,-2.));
#7067=CARTESIAN_POINT('',(56.805288161,4.67657592,-3.));
#7068=CARTESIAN_POINT('',(56.805288161,4.67657592,-2.));
#7069=B_SPLINE_SURFACE_WITH_KNOTS('',4,1,((#7059,#7060),(#7061,#7062),(#7063,#7064),(#7065,#7066),(#7067,#7068)),.UNSPECIFIED.,.F.,.F.,.U.,(5,5),(2,2),(0.011906476,0.019817075),(0.8,1.),.UNSPECIFIED.);
#7070=ORIENTED_EDGE('',*,*,#5587,.T.);
#7071=CARTESIAN_POINT('',(56.805288161,4.67657592,-3.));
#7072=DIRECTION('',(0.,0.,1.));
#7073=VECTOR('',#7072,1.);
#7074=LINE('',#7071,#7073);
#7075=EDGE_CURVE('',#1573,#5528,#7074,.T.);
#7076=ORIENTED_EDGE('',*,*,#7075,.F.);
#7077=ORIENTED_EDGE('',*,*,#1579,.F.);
#7078=ORIENTED_EDGE('',*,*,#7052,.T.);
#7079=EDGE_LOOP('',(#7070,#7076,#7077,#7078));
#7080=FACE_BOUND('',#7079,.T.);
#7081=ADVANCED_FACE('',(#7080),#7069,.F.);
#7082=CARTESIAN_POINT('',(56.805288161,4.67657592,-3.));
#7083=CARTESIAN_POINT('',(56.805288161,4.67657592,-2.));
#7084=CARTESIAN_POINT('',(59.940533045,13.198930835,-3.));
#7085=CARTESIAN_POINT('',(59.940533045,13.198930835,-2.));
#7086=CARTESIAN_POINT('',(64.216119446,29.990642685,-3.));
#7087=CARTESIAN_POINT('',(64.216119446,29.990642685,-2.));
#7088=CARTESIAN_POINT('',(57.789861262,45.881415667,-3.));
#7089=CARTESIAN_POINT('',(57.789861262,45.881415667,-2.));
#7090=CARTESIAN_POINT('',(50.391384525,51.211602644,-3.));
#7091=CARTESIAN_POINT('',(50.391384525,51.211602644,-2.));
#7092=CARTESIAN_POINT('',(46.928626879,52.605999338,-3.));
#7093=CARTESIAN_POINT('',(46.928626879,52.605999338,-2.));
#7094=CARTESIAN_POINT('',(46.745011472,52.676547846,-3.));
#7095=CARTESIAN_POINT('',(46.745011472,52.676547846,-2.));
#7096=B_SPLINE_SURFACE_WITH_KNOTS('',4,1,((#7082,#7083),(#7084,#7085),(#7086,#7087),(#7088,#7089),(#7090,#7091),(#7092,#7093),(#7094,#7095)),.UNSPECIFIED.,.F.,.F.,.U.,(5,1,1,5),(2,2),(0.019817075,0.166666667,0.333333333,0.342760077),(0.8,1.),.UNSPECIFIED.);
#7097=ORIENTED_EDGE('',*,*,#5537,.T.);
#7098=CARTESIAN_POINT('',(46.745011472,52.676547846,-2.));
#7099=DIRECTION('',(-0.,-0.,-1.));
#7100=VECTOR('',#7099,1.);
#7101=LINE('',#7098,#7100);
#7102=EDGE_CURVE('',#5520,#1582,#7101,.T.);
#7103=ORIENTED_EDGE('',*,*,#7102,.T.);
#7104=ORIENTED_EDGE('',*,*,#1639,.F.);
#7105=ORIENTED_EDGE('',*,*,#7075,.T.);
#7106=EDGE_LOOP('',(#7097,#7103,#7104,#7105));
#7107=FACE_BOUND('',#7106,.T.);
#7108=ADVANCED_FACE('',(#7107),#7096,.F.);
#7109=CARTESIAN_POINT('',(-56.803931504,4.676052232,-3.));
#7110=CARTESIAN_POINT('',(-56.803931504,4.676052232,-2.));
#7111=CARTESIAN_POINT('',(-59.939253709,13.198367364,-3.));
#7112=CARTESIAN_POINT('',(-59.939253709,13.198367364,-2.));
#7113=CARTESIAN_POINT('',(-64.214993354,29.990029504,-3.));
#7114=CARTESIAN_POINT('',(-64.214993354,29.990029504,-2.));
#7115=CARTESIAN_POINT('',(-57.788892231,45.880854547,-3.));
#7116=CARTESIAN_POINT('',(-57.788892231,45.880854547,-2.));
#7117=CARTESIAN_POINT('',(-50.390470403,51.211111503,-3.));
#7118=CARTESIAN_POINT('',(-50.390470403,51.211111503,-2.));
#7119=CARTESIAN_POINT('',(-46.927726347,52.605541947,-3.));
#7120=CARTESIAN_POINT('',(-46.927726347,52.605541947,-2.));
#7121=CARTESIAN_POINT('',(-46.744111628,52.676092245,-3.));
#7122=CARTESIAN_POINT('',(-46.744111628,52.676092245,-2.));
#7123=B_SPLINE_SURFACE_WITH_KNOTS('',4,1,((#7109,#7110),(#7111,#7112),(#7113,#7114),(#7115,#7116),(#7117,#7118),(#7119,#7120),(#7121,#7122)),.UNSPECIFIED.,.F.,.F.,.U.,(5,1,1,5),(2,2),(0.019817204,0.166666667,0.333333333,0.342760077),(0.8,1.),.UNSPECIFIED.);
#7124=ORIENTED_EDGE('',*,*,#1779,.T.);
#7125=CARTESIAN_POINT('',(-46.744111628,52.676092245,-3.));
#7126=DIRECTION('',(0.,0.,1.));
#7127=VECTOR('',#7126,1.);
#7128=LINE('',#7125,#7127);
#7129=EDGE_CURVE('',#1713,#6334,#7128,.T.);
#7130=ORIENTED_EDGE('',*,*,#7129,.T.);
#7131=ORIENTED_EDGE('',*,*,#6343,.F.);
#7132=CARTESIAN_POINT('',(-56.803931504,4.676052232,-3.));
#7133=CARTESIAN_POINT('',(-56.803931504,4.676052232,-2.666666667));
#7134=CARTESIAN_POINT('',(-56.803931504,4.676052232,-2.333333333));
#7135=CARTESIAN_POINT('',(-56.803931504,4.676052232,-2.));
#7136=B_SPLINE_CURVE_WITH_KNOTS('',3,(#7132,#7133,#7134,#7135),.UNSPECIFIED.,.F.,.F.,(4,4),(0.,0.2),.UNSPECIFIED.);
#7137=EDGE_CURVE('',#1722,#6299,#7136,.T.);
#7138=ORIENTED_EDGE('',*,*,#7137,.F.);
#7139=EDGE_LOOP('',(#7124,#7130,#7131,#7138));
#7140=FACE_BOUND('',#7139,.T.);
#7141=ADVANCED_FACE('',(#7140),#7123,.T.);
#7142=CARTESIAN_POINT('',(-56.109369001,2.827999197,-3.));
#7143=CARTESIAN_POINT('',(-56.109369001,2.827999197,-2.));
#7144=CARTESIAN_POINT('',(-56.287556005,3.292985208,-3.));
#7145=CARTESIAN_POINT('',(-56.287556005,3.292985208,-2.));
#7146=CARTESIAN_POINT('',(-56.462841714,3.755941883,-3.));
#7147=CARTESIAN_POINT('',(-56.462841714,3.755941883,-2.));
#7148=CARTESIAN_POINT('',(-56.635024388,4.216935594,-3.));
#7149=CARTESIAN_POINT('',(-56.635024388,4.216935594,-2.));
#7150=CARTESIAN_POINT('',(-56.80392048,4.676022267,-3.));
#7151=CARTESIAN_POINT('',(-56.80392048,4.676022267,-2.));
#7152=B_SPLINE_SURFACE_WITH_KNOTS('',4,1,((#7142,#7143),(#7144,#7145),(#7146,#7147),(#7148,#7149),(#7150,#7151)),.UNSPECIFIED.,.F.,.F.,.U.,(5,5),(2,2),(0.011906476,0.019817075),(0.8,1.),.UNSPECIFIED.);
#7153=ORIENTED_EDGE('',*,*,#6306,.F.);
#7154=CARTESIAN_POINT('',(-56.109369001,2.827999197,-3.));
#7155=CARTESIAN_POINT('',(-56.109369001,2.827999197,-2.666666667));
#7156=CARTESIAN_POINT('',(-56.109369001,2.827999197,-2.333333333));
#7157=CARTESIAN_POINT('',(-56.109369001,2.827999197,-2.));
#7158=B_SPLINE_CURVE_WITH_KNOTS('',3,(#7154,#7155,#7156,#7157),.UNSPECIFIED.,.F.,.F.,(4,4),(0.,0.2),.UNSPECIFIED.);
#7159=EDGE_CURVE('',#1782,#6242,#7158,.T.);
#7160=ORIENTED_EDGE('',*,*,#7159,.F.);
#7161=ORIENTED_EDGE('',*,*,#1788,.T.);
#7162=ORIENTED_EDGE('',*,*,#7137,.T.);
#7163=EDGE_LOOP('',(#7153,#7160,#7161,#7162));
#7164=FACE_BOUND('',#7163,.T.);
#7165=ADVANCED_FACE('',(#7164),#7152,.T.);
#7166=CARTESIAN_POINT('',(-56.10936234,2.827983201,-3.));
#7167=CARTESIAN_POINT('',(-56.10936234,2.827983201,-2.));
#7168=CARTESIAN_POINT('',(-55.119096843,0.,-3.));
#7169=CARTESIAN_POINT('',(-55.119096843,0.,-2.));
#7170=CARTESIAN_POINT('',(-55.771676237,0.,-3.));
#7171=CARTESIAN_POINT('',(-55.771676237,0.,-2.));
#7172=CARTESIAN_POINT('',(-60.,0.,-3.));
#7173=CARTESIAN_POINT('',(-60.,0.,-2.));
#7174=B_SPLINE_SURFACE_WITH_KNOTS('',3,1,((#7166,#7167),(#7168,#7169),(#7170,#7171),(#7172,#7173)),.UNSPECIFIED.,.F.,.F.,.U.,(4,4),(2,2),(0.154335247,1.),(0.8,1.),.UNSPECIFIED.);
#7175=ORIENTED_EDGE('',*,*,#6248,.T.);
#7176=ORIENTED_EDGE('',*,*,#6217,.F.);
#7177=ORIENTED_EDGE('',*,*,#1833,.F.);
#7178=ORIENTED_EDGE('',*,*,#7159,.T.);
#7179=EDGE_LOOP('',(#7175,#7176,#7177,#7178));
#7180=FACE_BOUND('',#7179,.T.);
#7181=ADVANCED_FACE('',(#7180),#7174,.F.);
#7182=CARTESIAN_POINT('',(-107.183230222,3.697137338,-3.));
#7183=CARTESIAN_POINT('',(-107.183230222,3.697137338,-2.));
#7184=CARTESIAN_POINT('',(-108.878760307,0.,-3.));
#7185=CARTESIAN_POINT('',(-108.878760307,0.,-2.));
#7186=CARTESIAN_POINT('',(-107.95541528,0.,-3.));
#7187=CARTESIAN_POINT('',(-107.95541528,0.,-2.));
#7188=CARTESIAN_POINT('',(-100.,0.,-3.));
#7189=CARTESIAN_POINT('',(-100.,0.,-2.));
#7190=B_SPLINE_SURFACE_WITH_KNOTS('',3,1,((#7182,#7183),(#7184,#7185),(#7186,#7187),(#7188,#7189)),.UNSPECIFIED.,.F.,.F.,.U.,(4,4),(2,2),(0.116064969,1.),(0.8,1.),.UNSPECIFIED.);
#7191=ORIENTED_EDGE('',*,*,#6166,.F.);
#7192=CARTESIAN_POINT('',(-107.183230222,3.697137338,-3.));
#7193=CARTESIAN_POINT('',(-107.183230222,3.697137338,-2.666666667));
#7194=CARTESIAN_POINT('',(-107.183230222,3.697137338,-2.333333333));
#7195=CARTESIAN_POINT('',(-107.183230222,3.697137338,-2.));
#7196=B_SPLINE_CURVE_WITH_KNOTS('',3,(#7192,#7193,#7194,#7195),.UNSPECIFIED.,.F.,.F.,(4,4),(0.,0.2),.UNSPECIFIED.);
#7197=EDGE_CURVE('',#1844,#6121,#7196,.T.);
#7198=ORIENTED_EDGE('',*,*,#7197,.F.);
#7199=ORIENTED_EDGE('',*,*,#1895,.T.);
#7200=ORIENTED_EDGE('',*,*,#6210,.T.);
#7201=EDGE_LOOP('',(#7191,#7198,#7199,#7200));
#7202=FACE_BOUND('',#7201,.T.);
#7203=ADVANCED_FACE('',(#7202),#7190,.T.);
#7204=CARTESIAN_POINT('',(-106.389914396,5.352998835,-3.));
#7205=CARTESIAN_POINT('',(-106.389914396,5.352998835,-2.));
#7206=CARTESIAN_POINT('',(-106.585071534,4.942435408,-3.));
#7207=CARTESIAN_POINT('',(-106.585071534,4.942435408,-2.));
#7208=CARTESIAN_POINT('',(-106.782315529,4.529616564,-3.));
#7209=CARTESIAN_POINT('',(-106.782315529,4.529616564,-2.));
#7210=CARTESIAN_POINT('',(-106.981684908,4.11452906,-3.));
#7211=CARTESIAN_POINT('',(-106.981684908,4.11452906,-2.));
#7212=CARTESIAN_POINT('',(-107.183218798,3.697159845,-3.));
#7213=CARTESIAN_POINT('',(-107.183218798,3.697159845,-2.));
#7214=B_SPLINE_SURFACE_WITH_KNOTS('',4,1,((#7204,#7205),(#7206,#7207),(#7208,#7209),(#7210,#7211),(#7212,#7213)),.UNSPECIFIED.,.F.,.F.,.U.,(5,5),(2,2),(0.965670086,0.976481179),(0.8,1.),.UNSPECIFIED.);
#7215=ORIENTED_EDGE('',*,*,#6128,.F.);
#7216=CARTESIAN_POINT('',(-106.389914396,5.352998835,-3.));
#7217=DIRECTION('',(0.,0.,1.));
#7218=VECTOR('',#7217,1.);
#7219=LINE('',#7216,#7218);
#7220=EDGE_CURVE('',#1898,#6070,#7219,.T.);
#7221=ORIENTED_EDGE('',*,*,#7220,.F.);
#7222=ORIENTED_EDGE('',*,*,#1904,.T.);
#7223=ORIENTED_EDGE('',*,*,#7197,.T.);
#7224=EDGE_LOOP('',(#7215,#7221,#7222,#7223));
#7225=FACE_BOUND('',#7224,.T.);
#7226=ADVANCED_FACE('',(#7225),#7214,.T.);
#7227=CARTESIAN_POINT('',(-53.48801836,81.601076199,-3.));
#7228=CARTESIAN_POINT('',(-53.48801836,81.601076199,-2.));
#7229=CARTESIAN_POINT('',(-72.587229002,79.71153734,-3.));
#7230=CARTESIAN_POINT('',(-72.587229002,79.71153734,-2.));
#7231=CARTESIAN_POINT('',(-83.155007979,64.195709578,-3.));
#7232=CARTESIAN_POINT('',(-83.155007979,64.195709578,-2.));
#7233=CARTESIAN_POINT('',(-89.019923888,49.725368475,-3.));
#7234=CARTESIAN_POINT('',(-89.019923888,49.725368475,-2.));
#7235=CARTESIAN_POINT('',(-97.983840515,23.037345597,-3.));
#7236=CARTESIAN_POINT('',(-97.983840515,23.037345597,-2.));
#7237=CARTESIAN_POINT('',(-106.389914396,5.352998835,-3.));
#7238=CARTESIAN_POINT('',(-106.389914396,5.352998835,-2.));
#7239=B_SPLINE_SURFACE_WITH_KNOTS('',4,1,((#7227,#7228),(#7229,#7230),(#7231,#7232),(#7233,#7234),(#7235,#7236),(#7237,#7238)),.UNSPECIFIED.,.F.,.F.,.U.,(5,1,5),(2,2),(0.045080366,0.5,0.965670086),(0.8,1.),.UNSPECIFIED.);
#7240=ORIENTED_EDGE('',*,*,#6078,.F.);
#7241=ORIENTED_EDGE('',*,*,#6039,.F.);
#7242=ORIENTED_EDGE('',*,*,#1965,.T.);
#7243=ORIENTED_EDGE('',*,*,#7220,.T.);
#7244=EDGE_LOOP('',(#7240,#7241,#7242,#7243));
#7245=FACE_BOUND('',#7244,.T.);
#7246=ADVANCED_FACE('',(#7245),#7239,.T.);
#7247=CARTESIAN_POINT('',(1.2921875,64.921543765,3.263628269));
#7248=DIRECTION('',(0.,0.,1.));
#7249=DIRECTION('',(1.,0.,0.));
#7250=AXIS2_PLACEMENT_3D('',#7247,#7248,#7249);
#7251=PLANE('',#7250);
#7252=ORIENTED_EDGE('',*,*,#4123,.F.);
#7253=ORIENTED_EDGE('',*,*,#6929,.T.);
#7254=ORIENTED_EDGE('',*,*,#6951,.T.);
#7255=ORIENTED_EDGE('',*,*,#4050,.F.);
#7256=EDGE_LOOP('',(#7252,#7253,#7254,#7255));
#7257=FACE_BOUND('',#7256,.T.);
#7258=ADVANCED_FACE('',(#7257),#7251,.F.);
#7259=CARTESIAN_POINT('',(-1.4578125,64.921543765,3.263628269));
#7260=DIRECTION('',(0.,0.,1.));
#7261=DIRECTION('',(1.,0.,0.));
#7262=AXIS2_PLACEMENT_3D('',#7259,#7260,#7261);
#7263=PLANE('',#7262);
#7264=ORIENTED_EDGE('',*,*,#4089,.F.);
#7265=ORIENTED_EDGE('',*,*,#6888,.T.);
#7266=ORIENTED_EDGE('',*,*,#6910,.T.);
#7267=ORIENTED_EDGE('',*,*,#4019,.F.);
#7268=EDGE_LOOP('',(#7264,#7265,#7266,#7267));
#7269=FACE_BOUND('',#7268,.T.);
#7270=ADVANCED_FACE('',(#7269),#7263,.F.);
#7271=CARTESIAN_POINT('',(24.998248679,94.016559808,-3.));
#7272=DIRECTION('',(0.,0.,1.));
#7273=DIRECTION('',(1.,0.,-0.));
#7274=AXIS2_PLACEMENT_3D('',#7271,#7272,#7273);
#7275=SPHERICAL_SURFACE('',#7274,17.);
#7276=CARTESIAN_POINT('',(33.,94.016559808,-17.999065831));
#7277=VERTEX_POINT('',#7276);
#7278=CARTESIAN_POINT('',(24.998248679,94.016559808,-3.));
#7279=DIRECTION('',(-0.,1.,-0.));
#7280=DIRECTION('',(1.,0.,0.));
#7281=AXIS2_PLACEMENT_3D('',#7278,#7279,#7280);
#7282=CIRCLE('',#7281,17.);
#7283=EDGE_CURVE('',#1117,#7277,#7282,.T.);
#7284=ORIENTED_EDGE('',*,*,#7283,.T.);
#7285=CARTESIAN_POINT('',(33.,108.157704592,-8.));
#7286=VERTEX_POINT('',#7285);
#7287=CARTESIAN_POINT('',(33.,94.016559808,-3.));
#7288=DIRECTION('',(-1.,-0.,-0.));
#7289=DIRECTION('',(0.,0.,-1.));
#7290=AXIS2_PLACEMENT_3D('',#7287,#7288,#7289);
#7291=CIRCLE('',#7290,14.999065831);
#7292=EDGE_CURVE('',#7286,#7277,#7291,.T.);
#7293=ORIENTED_EDGE('',*,*,#7292,.F.);
#7294=CARTESIAN_POINT('',(25.,110.264636523,-8.));
#7295=VERTEX_POINT('',#7294);
#7296=CARTESIAN_POINT('',(24.998248679,94.016559808,-8.));
#7297=DIRECTION('',(-0.,-0.,1.));
#7298=DIRECTION('',(-1.,0.,0.));
#7299=AXIS2_PLACEMENT_3D('',#7296,#7297,#7298);
#7300=CIRCLE('',#7299,16.248076809);
#7301=EDGE_CURVE('',#7286,#7295,#7300,.T.);
#7302=ORIENTED_EDGE('',*,*,#7301,.T.);
#7303=CARTESIAN_POINT('',(25.,94.016559808,-19.99999991));
#7304=VERTEX_POINT('',#7303);
#7305=CARTESIAN_POINT('',(25.,94.016559808,-3.));
#7306=DIRECTION('',(1.,-0.,-0.));
#7307=DIRECTION('',(-0.,-1.,0.));
#7308=AXIS2_PLACEMENT_3D('',#7305,#7306,#7307);
#7309=CIRCLE('',#7308,16.99999991);
#7310=EDGE_CURVE('',#7304,#7295,#7309,.T.);
#7311=ORIENTED_EDGE('',*,*,#7310,.F.);
#7312=CARTESIAN_POINT('',(24.998248679,94.016559808,-20.));
#7313=VERTEX_POINT('',#7312);
#7314=CARTESIAN_POINT('',(24.998248679,94.016559808,-3.));
#7315=DIRECTION('',(-0.,1.,-0.));
#7316=DIRECTION('',(1.,0.,0.));
#7317=AXIS2_PLACEMENT_3D('',#7314,#7315,#7316);
#7318=CIRCLE('',#7317,17.);
#7319=EDGE_CURVE('',#7304,#7313,#7318,.T.);
#7320=ORIENTED_EDGE('',*,*,#7319,.T.);
#7321=ORIENTED_EDGE('',*,*,#7319,.F.);
#7322=CARTESIAN_POINT('',(25.,87.,-18.484440106));
#7323=VERTEX_POINT('',#7322);
#7324=CARTESIAN_POINT('',(25.,94.016559808,-3.));
#7325=DIRECTION('',(1.,-0.,-0.));
#7326=DIRECTION('',(-0.,-1.,0.));
#7327=AXIS2_PLACEMENT_3D('',#7324,#7325,#7326);
#7328=CIRCLE('',#7327,16.99999991);
#7329=EDGE_CURVE('',#7323,#7304,#7328,.T.);
#7330=ORIENTED_EDGE('',*,*,#7329,.F.);
#7331=CARTESIAN_POINT('',(33.,87.,-16.256691301));
#7332=VERTEX_POINT('',#7331);
#7333=CARTESIAN_POINT('',(24.998248679,87.,-3.));
#7334=DIRECTION('',(-0.,1.,-0.));
#7335=DIRECTION('',(0.,0.,-1.));
#7336=AXIS2_PLACEMENT_3D('',#7333,#7334,#7335);
#7337=CIRCLE('',#7336,15.484440205);
#7338=EDGE_CURVE('',#7332,#7323,#7337,.T.);
#7339=ORIENTED_EDGE('',*,*,#7338,.F.);
#7340=CARTESIAN_POINT('',(33.,94.016559808,-3.));
#7341=DIRECTION('',(-1.,-0.,-0.));
#7342=DIRECTION('',(0.,0.,-1.));
#7343=AXIS2_PLACEMENT_3D('',#7340,#7341,#7342);
#7344=CIRCLE('',#7343,14.999065831);
#7345=EDGE_CURVE('',#7277,#7332,#7344,.T.);
#7346=ORIENTED_EDGE('',*,*,#7345,.F.);
#7347=ORIENTED_EDGE('',*,*,#7283,.F.);
#7348=ORIENTED_EDGE('',*,*,#1123,.F.);
#7349=ORIENTED_EDGE('',*,*,#5445,.F.);
#7350=ORIENTED_EDGE('',*,*,#5438,.F.);
#7351=ORIENTED_EDGE('',*,*,#1132,.F.);
#7352=EDGE_LOOP('',(#7284,#7293,#7302,#7311,#7320,#7321,#7330,#7339,#7346,#7347,#7348,#7349,#7350,#7351));
#7353=FACE_BOUND('',#7352,.T.);
#7354=ADVANCED_FACE('',(#7353),#7275,.T.);
#7355=CARTESIAN_POINT('',(-24.997686937,94.016316163,-3.));
#7356=DIRECTION('',(0.,0.,1.));
#7357=DIRECTION('',(1.,0.,-0.));
#7358=AXIS2_PLACEMENT_3D('',#7355,#7356,#7357);
#7359=SPHERICAL_SURFACE('',#7358,17.);
#7360=CARTESIAN_POINT('',(-24.997686937,94.016316163,-20.));
#7361=VERTEX_POINT('',#7360);
#7362=CARTESIAN_POINT('',(-24.997686937,94.016316163,-3.));
#7363=DIRECTION('',(-0.,1.,-0.));
#7364=DIRECTION('',(1.,0.,0.));
#7365=AXIS2_PLACEMENT_3D('',#7362,#7363,#7364);
#7366=CIRCLE('',#7365,17.);
#7367=EDGE_CURVE('',#5356,#7361,#7366,.T.);
#7368=ORIENTED_EDGE('',*,*,#7367,.T.);
#7369=ORIENTED_EDGE('',*,*,#7367,.F.);
#7370=ORIENTED_EDGE('',*,*,#5362,.F.);
#7371=ORIENTED_EDGE('',*,*,#1173,.F.);
#7372=ORIENTED_EDGE('',*,*,#5369,.F.);
#7373=EDGE_LOOP('',(#7368,#7369,#7370,#7371,#7372));
#7374=FACE_BOUND('',#7373,.T.);
#7375=CARTESIAN_POINT('',(-33.,87.,-16.256481175));
#7376=VERTEX_POINT('',#7375);
#7377=CARTESIAN_POINT('',(-33.,108.157143071,-8.));
#7378=VERTEX_POINT('',#7377);
#7379=CARTESIAN_POINT('',(-33.,94.016316163,-3.));
#7380=DIRECTION('',(1.,-0.,-0.));
#7381=DIRECTION('',(0.,0.,1.));
#7382=AXIS2_PLACEMENT_3D('',#7379,#7380,#7381);
#7383=CIRCLE('',#7382,14.998766138);
#7384=EDGE_CURVE('',#7376,#7378,#7383,.T.);
#7385=ORIENTED_EDGE('',*,*,#7384,.F.);
#7386=CARTESIAN_POINT('',(-25.,87.,-18.484550434));
#7387=VERTEX_POINT('',#7386);
#7388=CARTESIAN_POINT('',(-24.997686937,87.,-3.));
#7389=DIRECTION('',(-0.,1.,-0.));
#7390=DIRECTION('',(0.,0.,-1.));
#7391=AXIS2_PLACEMENT_3D('',#7388,#7389,#7390);
#7392=CIRCLE('',#7391,15.484550607);
#7393=EDGE_CURVE('',#7387,#7376,#7392,.T.);
#7394=ORIENTED_EDGE('',*,*,#7393,.F.);
#7395=CARTESIAN_POINT('',(-25.,110.264392808,-8.));
#7396=VERTEX_POINT('',#7395);
#7397=CARTESIAN_POINT('',(-25.,94.016316163,-3.));
#7398=DIRECTION('',(-1.,-0.,-0.));
#7399=DIRECTION('',(0.,0.,-1.));
#7400=AXIS2_PLACEMENT_3D('',#7397,#7398,#7399);
#7401=CIRCLE('',#7400,16.999999843);
#7402=EDGE_CURVE('',#7396,#7387,#7401,.T.);
#7403=ORIENTED_EDGE('',*,*,#7402,.F.);
#7404=CARTESIAN_POINT('',(-24.997686937,94.016316163,-8.));
#7405=DIRECTION('',(-0.,-0.,1.));
#7406=DIRECTION('',(-1.,0.,0.));
#7407=AXIS2_PLACEMENT_3D('',#7404,#7405,#7406);
#7408=CIRCLE('',#7407,16.248076809);
#7409=EDGE_CURVE('',#7396,#7378,#7408,.T.);
#7410=ORIENTED_EDGE('',*,*,#7409,.T.);
#7411=EDGE_LOOP('',(#7385,#7394,#7403,#7410));
#7412=FACE_BOUND('',#7411,.T.);
#7413=ADVANCED_FACE('',(#7374,#7412),#7359,.T.);
#7414=CARTESIAN_POINT('',(-12.84529306,54.942386204,-2.));
#7415=DIRECTION('',(0.,0.,1.));
#7416=DIRECTION('',(1.,0.,-0.));
#7417=AXIS2_PLACEMENT_3D('',#7414,#7415,#7416);
#7418=CYLINDRICAL_SURFACE('',#7417,5.);
#7419=ORIENTED_EDGE('',*,*,#1692,.F.);
#7420=ORIENTED_EDGE('',*,*,#6459,.F.);
#7421=ORIENTED_EDGE('',*,*,#2998,.F.);
#7422=ORIENTED_EDGE('',*,*,#6384,.F.);
#7423=EDGE_LOOP('',(#7419,#7420,#7421,#7422));
#7424=FACE_BOUND('',#7423,.T.);
#7425=ADVANCED_FACE('',(#7424),#7418,.F.);
#7426=CARTESIAN_POINT('',(12.846268282,54.942511407,-2.));
#7427=DIRECTION('',(0.,0.,1.));
#7428=DIRECTION('',(1.,0.,-0.));
#7429=AXIS2_PLACEMENT_3D('',#7426,#7427,#7428);
#7430=CYLINDRICAL_SURFACE('',#7429,5.);
#7431=ORIENTED_EDGE('',*,*,#1675,.F.);
#7432=ORIENTED_EDGE('',*,*,#5485,.F.);
#7433=ORIENTED_EDGE('',*,*,#3015,.F.);
#7434=ORIENTED_EDGE('',*,*,#6466,.F.);
#7435=EDGE_LOOP('',(#7431,#7432,#7433,#7434));
#7436=FACE_BOUND('',#7435,.T.);
#7437=ADVANCED_FACE('',(#7436),#7430,.F.);
#7438=CARTESIAN_POINT('',(45.310384915,48.942669615,0.));
#7439=DIRECTION('',(0.,0.,-1.));
#7440=DIRECTION('',(-1.,0.,0.));
#7441=AXIS2_PLACEMENT_3D('',#7438,#7439,#7440);
#7442=CYLINDRICAL_SURFACE('',#7441,4.);
#7443=CARTESIAN_POINT('',(45.485406093,52.938838729,0.));
#7444=VERTEX_POINT('',#7443);
#7445=CARTESIAN_POINT('',(45.310384915,48.942669615,0.));
#7446=DIRECTION('',(0.,0.,1.));
#7447=DIRECTION('',(1.,0.,-0.));
#7448=AXIS2_PLACEMENT_3D('',#7445,#7446,#7447);
#7449=CIRCLE('',#7448,4.);
#7450=EDGE_CURVE('',#5508,#7444,#7449,.T.);
#7451=ORIENTED_EDGE('',*,*,#7450,.F.);
#7452=ORIENTED_EDGE('',*,*,#6704,.F.);
#7453=ORIENTED_EDGE('',*,*,#3042,.F.);
#7454=CARTESIAN_POINT('',(45.485406093,52.938838729,0.));
#7455=DIRECTION('',(-0.,-0.,1.));
#7456=VECTOR('',#7455,5.);
#7457=LINE('',#7454,#7456);
#7458=EDGE_CURVE('',#7444,#3027,#7457,.T.);
#7459=ORIENTED_EDGE('',*,*,#7458,.F.);
#7460=EDGE_LOOP('',(#7451,#7452,#7453,#7459));
#7461=FACE_BOUND('',#7460,.T.);
#7462=ADVANCED_FACE('',(#7461),#7442,.F.);
#7463=CARTESIAN_POINT('',(45.310384915,48.942669615,-2.));
#7464=DIRECTION('',(0.,0.,1.));
#7465=DIRECTION('',(1.,0.,-0.));
#7466=AXIS2_PLACEMENT_3D('',#7463,#7464,#7465);
#7467=CYLINDRICAL_SURFACE('',#7466,4.);
#7468=CARTESIAN_POINT('',(45.485406093,52.938838729,-2.));
#7469=VERTEX_POINT('',#7468);
#7470=CARTESIAN_POINT('',(45.310384915,48.942669615,-2.));
#7471=DIRECTION('',(0.,0.,1.));
#7472=DIRECTION('',(1.,0.,-0.));
#7473=AXIS2_PLACEMENT_3D('',#7470,#7471,#7472);
#7474=CIRCLE('',#7473,4.);
#7475=EDGE_CURVE('',#5520,#7469,#7474,.T.);
#7476=ORIENTED_EDGE('',*,*,#7475,.F.);
#7477=ORIENTED_EDGE('',*,*,#5525,.F.);
#7478=ORIENTED_EDGE('',*,*,#7450,.T.);
#7479=CARTESIAN_POINT('',(45.485406093,52.938838729,-2.));
#7480=DIRECTION('',(0.,0.,1.));
#7481=VECTOR('',#7480,2.);
#7482=LINE('',#7479,#7481);
#7483=EDGE_CURVE('',#7469,#7444,#7482,.T.);
#7484=ORIENTED_EDGE('',*,*,#7483,.F.);
#7485=EDGE_LOOP('',(#7476,#7477,#7478,#7484));
#7486=FACE_BOUND('',#7485,.T.);
#7487=ADVANCED_FACE('',(#7486),#7467,.F.);
#7488=CARTESIAN_POINT('',(45.310384915,48.942669615,-2.));
#7489=DIRECTION('',(0.,0.,1.));
#7490=DIRECTION('',(1.,0.,-0.));
#7491=AXIS2_PLACEMENT_3D('',#7488,#7489,#7490);
#7492=CYLINDRICAL_SURFACE('',#7491,4.);
#7493=ORIENTED_EDGE('',*,*,#7102,.F.);
#7494=ORIENTED_EDGE('',*,*,#7475,.T.);
#7495=CARTESIAN_POINT('',(45.485406093,52.938838729,-3.));
#7496=DIRECTION('',(0.,0.,1.));
#7497=VECTOR('',#7496,1.);
#7498=LINE('',#7495,#7497);
#7499=EDGE_CURVE('',#1642,#7469,#7498,.T.);
#7500=ORIENTED_EDGE('',*,*,#7499,.F.);
#7501=ORIENTED_EDGE('',*,*,#1648,.F.);
#7502=EDGE_LOOP('',(#7493,#7494,#7500,#7501));
#7503=FACE_BOUND('',#7502,.T.);
#7504=ADVANCED_FACE('',(#7503),#7492,.F.);
#7505=CARTESIAN_POINT('',(45.660466219,48.942671321,-2.));
#7506=DIRECTION('',(0.,0.,1.));
#7507=DIRECTION('',(1.,0.,-0.));
#7508=AXIS2_PLACEMENT_3D('',#7505,#7506,#7507);
#7509=CYLINDRICAL_SURFACE('',#7508,4.);
#7510=ORIENTED_EDGE('',*,*,#7483,.T.);
#7511=ORIENTED_EDGE('',*,*,#7458,.T.);
#7512=ORIENTED_EDGE('',*,*,#3033,.F.);
#7513=ORIENTED_EDGE('',*,*,#5478,.F.);
#7514=ORIENTED_EDGE('',*,*,#1657,.F.);
#7515=ORIENTED_EDGE('',*,*,#7499,.T.);
#7516=EDGE_LOOP('',(#7510,#7511,#7512,#7513,#7514,#7515));
#7517=FACE_BOUND('',#7516,.T.);
#7518=ADVANCED_FACE('',(#7517),#7509,.F.);
#7519=CARTESIAN_POINT('',(-45.309448679,48.942227997,-2.));
#7520=DIRECTION('',(0.,0.,1.));
#7521=DIRECTION('',(1.,0.,-0.));
#7522=AXIS2_PLACEMENT_3D('',#7519,#7520,#7521);
#7523=CYLINDRICAL_SURFACE('',#7522,4.);
#7524=CARTESIAN_POINT('',(-45.484460073,52.938397539,-2.));
#7525=VERTEX_POINT('',#7524);
#7526=CARTESIAN_POINT('',(-45.309448679,48.942227997,-2.));
#7527=DIRECTION('',(0.,0.,-1.));
#7528=DIRECTION('',(-1.,0.,0.));
#7529=AXIS2_PLACEMENT_3D('',#7526,#7527,#7528);
#7530=CIRCLE('',#7529,4.);
#7531=EDGE_CURVE('',#6334,#7525,#7530,.T.);
#7532=ORIENTED_EDGE('',*,*,#7531,.F.);
#7533=ORIENTED_EDGE('',*,*,#7129,.F.);
#7534=ORIENTED_EDGE('',*,*,#1719,.F.);
#7535=CARTESIAN_POINT('',(-45.484460073,52.938397539,-2.));
#7536=DIRECTION('',(-0.,-0.,-1.));
#7537=VECTOR('',#7536,1.);
#7538=LINE('',#7535,#7537);
#7539=EDGE_CURVE('',#7525,#1704,#7538,.T.);
#7540=ORIENTED_EDGE('',*,*,#7539,.F.);
#7541=EDGE_LOOP('',(#7532,#7533,#7534,#7540));
#7542=FACE_BOUND('',#7541,.T.);
#7543=ADVANCED_FACE('',(#7542),#7523,.F.);
#7544=CARTESIAN_POINT('',(-45.309448679,48.942227997,0.));
#7545=DIRECTION('',(0.,0.,1.));
#7546=DIRECTION('',(1.,0.,-0.));
#7547=AXIS2_PLACEMENT_3D('',#7544,#7545,#7546);
#7548=CYLINDRICAL_SURFACE('',#7547,4.);
#7549=CARTESIAN_POINT('',(-45.484460073,52.938397539,0.));
#7550=VERTEX_POINT('',#7549);
#7551=CARTESIAN_POINT('',(-45.309448679,48.942227997,0.));
#7552=DIRECTION('',(0.,0.,-1.));
#7553=DIRECTION('',(-1.,0.,0.));
#7554=AXIS2_PLACEMENT_3D('',#7551,#7552,#7553);
#7555=CIRCLE('',#7554,4.);
#7556=EDGE_CURVE('',#6346,#7550,#7555,.T.);
#7557=ORIENTED_EDGE('',*,*,#7556,.F.);
#7558=ORIENTED_EDGE('',*,*,#6351,.F.);
#7559=ORIENTED_EDGE('',*,*,#7531,.T.);
#7560=CARTESIAN_POINT('',(-45.484460073,52.938397539,0.));
#7561=DIRECTION('',(-0.,-0.,-1.));
#7562=VECTOR('',#7561,2.);
#7563=LINE('',#7560,#7562);
#7564=EDGE_CURVE('',#7550,#7525,#7563,.T.);
#7565=ORIENTED_EDGE('',*,*,#7564,.F.);
#7566=EDGE_LOOP('',(#7557,#7558,#7559,#7565));
#7567=FACE_BOUND('',#7566,.T.);
#7568=ADVANCED_FACE('',(#7567),#7548,.F.);
#7569=CARTESIAN_POINT('',(-45.309448679,48.942227997,0.));
#7570=DIRECTION('',(0.,0.,-1.));
#7571=DIRECTION('',(-1.,0.,0.));
#7572=AXIS2_PLACEMENT_3D('',#7569,#7570,#7571);
#7573=CYLINDRICAL_SURFACE('',#7572,4.);
#7574=ORIENTED_EDGE('',*,*,#6670,.F.);
#7575=ORIENTED_EDGE('',*,*,#7556,.T.);
#7576=CARTESIAN_POINT('',(-45.484460073,52.938397539,5.));
#7577=DIRECTION('',(0.,0.,-1.));
#7578=VECTOR('',#7577,5.);
#7579=LINE('',#7576,#7578);
#7580=EDGE_CURVE('',#2965,#7550,#7579,.T.);
#7581=ORIENTED_EDGE('',*,*,#7580,.F.);
#7582=ORIENTED_EDGE('',*,*,#2971,.F.);
#7583=EDGE_LOOP('',(#7574,#7575,#7581,#7582));
#7584=FACE_BOUND('',#7583,.T.);
#7585=ADVANCED_FACE('',(#7584),#7573,.F.);
#7586=CARTESIAN_POINT('',(-45.659432517,48.942226291,-2.));
#7587=DIRECTION('',(0.,0.,1.));
#7588=DIRECTION('',(1.,0.,-0.));
#7589=AXIS2_PLACEMENT_3D('',#7586,#7587,#7588);
#7590=CYLINDRICAL_SURFACE('',#7589,4.);
#7591=ORIENTED_EDGE('',*,*,#1710,.F.);
#7592=ORIENTED_EDGE('',*,*,#6377,.F.);
#7593=ORIENTED_EDGE('',*,*,#2980,.F.);
#7594=ORIENTED_EDGE('',*,*,#7580,.T.);
#7595=ORIENTED_EDGE('',*,*,#7564,.T.);
#7596=ORIENTED_EDGE('',*,*,#7539,.T.);
#7597=EDGE_LOOP('',(#7591,#7592,#7593,#7594,#7595,#7596));
#7598=FACE_BOUND('',#7597,.T.);
#7599=ADVANCED_FACE('',(#7598),#7590,.F.);
#7600=CARTESIAN_POINT('',(25.,102.5,-28.));
#7601=DIRECTION('',(-1.,0.,0.));
#7602=DIRECTION('',(-0.,-1.,0.));
#7603=AXIS2_PLACEMENT_3D('',#7600,#7601,#7602);
#7604=PLANE('',#7603);
#7605=ORIENTED_EDGE('',*,*,#7329,.T.);
#7606=ORIENTED_EDGE('',*,*,#7310,.T.);
#7607=CARTESIAN_POINT('',(25.,87.,-8.));
#7608=VERTEX_POINT('',#7607);
#7609=CARTESIAN_POINT('',(25.,110.264636523,-8.));
#7610=DIRECTION('',(-0.,-1.,0.));
#7611=VECTOR('',#7610,23.264636523);
#7612=LINE('',#7609,#7611);
#7613=EDGE_CURVE('',#7295,#7608,#7612,.T.);
#7614=ORIENTED_EDGE('',*,*,#7613,.T.);
#7615=CARTESIAN_POINT('',(25.,87.,-18.484440106));
#7616=DIRECTION('',(0.,0.,1.));
#7617=VECTOR('',#7616,10.484440106);
#7618=LINE('',#7615,#7617);
#7619=EDGE_CURVE('',#7323,#7608,#7618,.T.);
#7620=ORIENTED_EDGE('',*,*,#7619,.F.);
#7621=EDGE_LOOP('',(#7605,#7606,#7614,#7620));
#7622=FACE_BOUND('',#7621,.T.);
#7623=ADVANCED_FACE('',(#7622),#7604,.F.);
#7624=CARTESIAN_POINT('',(33.,102.5,-28.));
#7625=DIRECTION('',(1.,0.,0.));
#7626=DIRECTION('',(0.,0.,-1.));
#7627=AXIS2_PLACEMENT_3D('',#7624,#7625,#7626);
#7628=PLANE('',#7627);
#7629=ORIENTED_EDGE('',*,*,#7292,.T.);
#7630=ORIENTED_EDGE('',*,*,#7345,.T.);
#7631=CARTESIAN_POINT('',(33.,87.,-8.));
#7632=VERTEX_POINT('',#7631);
#7633=CARTESIAN_POINT('',(33.,87.,-16.256691301));
#7634=DIRECTION('',(0.,0.,1.));
#7635=VECTOR('',#7634,8.256691301);
#7636=LINE('',#7633,#7635);
#7637=EDGE_CURVE('',#7332,#7632,#7636,.T.);
#7638=ORIENTED_EDGE('',*,*,#7637,.T.);
#7639=CARTESIAN_POINT('',(33.,87.,-8.));
#7640=DIRECTION('',(0.,1.,0.));
#7641=VECTOR('',#7640,21.157704592);
#7642=LINE('',#7639,#7641);
#7643=EDGE_CURVE('',#7632,#7286,#7642,.T.);
#7644=ORIENTED_EDGE('',*,*,#7643,.T.);
#7645=EDGE_LOOP('',(#7629,#7630,#7638,#7644));
#7646=FACE_BOUND('',#7645,.T.);
#7647=ADVANCED_FACE('',(#7646),#7628,.F.);
#7648=CARTESIAN_POINT('',(29.,87.,-28.));
#7649=DIRECTION('',(0.,-1.,0.));
#7650=DIRECTION('',(0.,0.,-1.));
#7651=AXIS2_PLACEMENT_3D('',#7648,#7649,#7650);
#7652=PLANE('',#7651);
#7653=ORIENTED_EDGE('',*,*,#7338,.T.);
#7654=ORIENTED_EDGE('',*,*,#7619,.T.);
#7655=CARTESIAN_POINT('',(25.,87.,-8.));
#7656=DIRECTION('',(1.,0.,-0.));
#7657=VECTOR('',#7656,8.);
#7658=LINE('',#7655,#7657);
#7659=EDGE_CURVE('',#7608,#7632,#7658,.T.);
#7660=ORIENTED_EDGE('',*,*,#7659,.T.);
#7661=ORIENTED_EDGE('',*,*,#7637,.F.);
#7662=EDGE_LOOP('',(#7653,#7654,#7660,#7661));
#7663=FACE_BOUND('',#7662,.T.);
#7664=ADVANCED_FACE('',(#7663),#7652,.F.);
#7665=CARTESIAN_POINT('',(0.,0.,-8.));
#7666=DIRECTION('',(0.,0.,-1.));
#7667=DIRECTION('',(-1.,0.,0.));
#7668=AXIS2_PLACEMENT_3D('',#7665,#7666,#7667);
#7669=PLANE('',#7668);
#7670=ORIENTED_EDGE('',*,*,#7643,.F.);
#7671=ORIENTED_EDGE('',*,*,#7659,.F.);
#7672=ORIENTED_EDGE('',*,*,#7613,.F.);
#7673=ORIENTED_EDGE('',*,*,#7301,.F.);
#7674=EDGE_LOOP('',(#7670,#7671,#7672,#7673));
#7675=FACE_BOUND('',#7674,.T.);
#7676=ADVANCED_FACE('',(#7675),#7669,.T.);
#7677=CARTESIAN_POINT('',(-33.,102.5,-28.));
#7678=DIRECTION('',(-1.,0.,0.));
#7679=DIRECTION('',(0.,0.,1.));
#7680=AXIS2_PLACEMENT_3D('',#7677,#7678,#7679);
#7681=PLANE('',#7680);
#7682=ORIENTED_EDGE('',*,*,#7384,.T.);
#7683=CARTESIAN_POINT('',(-33.,87.,-8.));
#7684=VERTEX_POINT('',#7683);
#7685=CARTESIAN_POINT('',(-33.,108.157143071,-8.));
#7686=DIRECTION('',(0.,-1.,0.));
#7687=VECTOR('',#7686,21.157143071);
#7688=LINE('',#7685,#7687);
#7689=EDGE_CURVE('',#7378,#7684,#7688,.T.);
#7690=ORIENTED_EDGE('',*,*,#7689,.T.);
#7691=CARTESIAN_POINT('',(-33.,87.,-16.256481175));
#7692=DIRECTION('',(0.,0.,1.));
#7693=VECTOR('',#7692,8.256481175);
#7694=LINE('',#7691,#7693);
#7695=EDGE_CURVE('',#7376,#7684,#7694,.T.);
#7696=ORIENTED_EDGE('',*,*,#7695,.F.);
#7697=EDGE_LOOP('',(#7682,#7690,#7696));
#7698=FACE_BOUND('',#7697,.T.);
#7699=ADVANCED_FACE('',(#7698),#7681,.F.);
#7700=CARTESIAN_POINT('',(-25.,102.5,-28.));
#7701=DIRECTION('',(1.,0.,0.));
#7702=DIRECTION('',(0.,0.,-1.));
#7703=AXIS2_PLACEMENT_3D('',#7700,#7701,#7702);
#7704=PLANE('',#7703);
#7705=ORIENTED_EDGE('',*,*,#7402,.T.);
#7706=CARTESIAN_POINT('',(-25.,87.,-8.));
#7707=VERTEX_POINT('',#7706);
#7708=CARTESIAN_POINT('',(-25.,87.,-18.484550434));
#7709=DIRECTION('',(0.,0.,1.));
#7710=VECTOR('',#7709,10.484550434);
#7711=LINE('',#7708,#7710);
#7712=EDGE_CURVE('',#7387,#7707,#7711,.T.);
#7713=ORIENTED_EDGE('',*,*,#7712,.T.);
#7714=CARTESIAN_POINT('',(-25.,87.,-8.));
#7715=DIRECTION('',(0.,1.,0.));
#7716=VECTOR('',#7715,23.264392808);
#7717=LINE('',#7714,#7716);
#7718=EDGE_CURVE('',#7707,#7396,#7717,.T.);
#7719=ORIENTED_EDGE('',*,*,#7718,.T.);
#7720=EDGE_LOOP('',(#7705,#7713,#7719));
#7721=FACE_BOUND('',#7720,.T.);
#7722=ADVANCED_FACE('',(#7721),#7704,.F.);
#7723=CARTESIAN_POINT('',(-29.,87.,-28.));
#7724=DIRECTION('',(0.,-1.,0.));
#7725=DIRECTION('',(0.,0.,-1.));
#7726=AXIS2_PLACEMENT_3D('',#7723,#7724,#7725);
#7727=PLANE('',#7726);
#7728=ORIENTED_EDGE('',*,*,#7393,.T.);
#7729=ORIENTED_EDGE('',*,*,#7695,.T.);
#7730=CARTESIAN_POINT('',(-33.,87.,-8.));
#7731=DIRECTION('',(1.,0.,-0.));
#7732=VECTOR('',#7731,8.);
#7733=LINE('',#7730,#7732);
#7734=EDGE_CURVE('',#7684,#7707,#7733,.T.);
#7735=ORIENTED_EDGE('',*,*,#7734,.T.);
#7736=ORIENTED_EDGE('',*,*,#7712,.F.);
#7737=EDGE_LOOP('',(#7728,#7729,#7735,#7736));
#7738=FACE_BOUND('',#7737,.T.);
#7739=ADVANCED_FACE('',(#7738),#7727,.F.);
#7740=CARTESIAN_POINT('',(0.,0.,-8.));
#7741=DIRECTION('',(0.,0.,-1.));
#7742=DIRECTION('',(-1.,0.,0.));
#7743=AXIS2_PLACEMENT_3D('',#7740,#7741,#7742);
#7744=PLANE('',#7743);
#7745=ORIENTED_EDGE('',*,*,#7718,.F.);
#7746=ORIENTED_EDGE('',*,*,#7734,.F.);
#7747=ORIENTED_EDGE('',*,*,#7689,.F.);
#7748=ORIENTED_EDGE('',*,*,#7409,.F.);
#7749=EDGE_LOOP('',(#7745,#7746,#7747,#7748));
#7750=FACE_BOUND('',#7749,.T.);
#7751=ADVANCED_FACE('',(#7750),#7744,.T.);
#7752=CARTESIAN_POINT('',(55.998434637,67.462468945,-2.));
#7753=DIRECTION('',(0.,0.,1.));
#7754=DIRECTION('',(1.,0.,-0.));
#7755=AXIS2_PLACEMENT_3D('',#7752,#7753,#7754);
#7756=CYLINDRICAL_SURFACE('',#7755,3.);
#7757=ORIENTED_EDGE('',*,*,#4246,.T.);
#7758=ORIENTED_EDGE('',*,*,#2544,.F.);
#7759=ORIENTED_EDGE('',*,*,#4270,.T.);
#7760=ORIENTED_EDGE('',*,*,#3884,.T.);
#7761=EDGE_LOOP('',(#7757,#7758,#7759,#7760));
#7762=FACE_BOUND('',#7761,.T.);
#7763=ADVANCED_FACE('',(#7762),#7756,.F.);
#7764=CARTESIAN_POINT('',(80.001315789,10.000779736,-2.));
#7765=DIRECTION('',(0.,0.,1.));
#7766=DIRECTION('',(1.,0.,-0.));
#7767=AXIS2_PLACEMENT_3D('',#7764,#7765,#7766);
#7768=CYLINDRICAL_SURFACE('',#7767,3.);
#7769=ORIENTED_EDGE('',*,*,#4545,.T.);
#7770=ORIENTED_EDGE('',*,*,#2383,.F.);
#7771=ORIENTED_EDGE('',*,*,#4569,.T.);
#7772=ORIENTED_EDGE('',*,*,#3723,.T.);
#7773=EDGE_LOOP('',(#7769,#7770,#7771,#7772));
#7774=FACE_BOUND('',#7773,.T.);
#7775=ADVANCED_FACE('',(#7774),#7768,.F.);
#7776=CARTESIAN_POINT('',(-80.,10.,-2.));
#7777=DIRECTION('',(0.,0.,1.));
#7778=DIRECTION('',(1.,0.,-0.));
#7779=AXIS2_PLACEMENT_3D('',#7776,#7777,#7778);
#7780=CYLINDRICAL_SURFACE('',#7779,3.);
#7781=ORIENTED_EDGE('',*,*,#4895,.T.);
#7782=ORIENTED_EDGE('',*,*,#2230,.F.);
#7783=ORIENTED_EDGE('',*,*,#4919,.T.);
#7784=ORIENTED_EDGE('',*,*,#3587,.T.);
#7785=EDGE_LOOP('',(#7781,#7782,#7783,#7784));
#7786=FACE_BOUND('',#7785,.T.);
#7787=ADVANCED_FACE('',(#7786),#7780,.F.);
#7788=CARTESIAN_POINT('',(-55.997678905,67.461923154,-2.));
#7789=DIRECTION('',(0.,0.,1.));
#7790=DIRECTION('',(1.,0.,-0.));
#7791=AXIS2_PLACEMENT_3D('',#7788,#7789,#7790);
#7792=CYLINDRICAL_SURFACE('',#7791,3.);
#7793=ORIENTED_EDGE('',*,*,#5194,.T.);
#7794=ORIENTED_EDGE('',*,*,#2069,.F.);
#7795=ORIENTED_EDGE('',*,*,#5218,.T.);
#7796=ORIENTED_EDGE('',*,*,#3426,.T.);
#7797=EDGE_LOOP('',(#7793,#7794,#7795,#7796));
#7798=FACE_BOUND('',#7797,.T.);
#7799=ADVANCED_FACE('',(#7798),#7792,.F.);
#7800=CARTESIAN_POINT('',(45.998293119,81.98206999,-2.));
#7801=DIRECTION('',(0.,0.,1.));
#7802=DIRECTION('',(1.,0.,-0.));
#7803=AXIS2_PLACEMENT_3D('',#7800,#7801,#7802);
#7804=CYLINDRICAL_SURFACE('',#7803,7.5);
#7805=ORIENTED_EDGE('',*,*,#5823,.F.);
#7806=ORIENTED_EDGE('',*,*,#2628,.F.);
#7807=ORIENTED_EDGE('',*,*,#6870,.T.);
#7808=ORIENTED_EDGE('',*,*,#5809,.F.);
#7809=ORIENTED_EDGE('',*,*,#6993,.F.);
#7810=ORIENTED_EDGE('',*,*,#1391,.T.);
#7811=EDGE_LOOP('',(#7805,#7806,#7807,#7808,#7809,#7810));
#7812=FACE_BOUND('',#7811,.T.);
#7813=ADVANCED_FACE('',(#7812),#7804,.T.);
#7814=CARTESIAN_POINT('',(24.998248679,94.016559808,-2.));
#7815=DIRECTION('',(0.,0.,1.));
#7816=DIRECTION('',(1.,0.,-0.));
#7817=AXIS2_PLACEMENT_3D('',#7814,#7815,#7816);
#7818=CYLINDRICAL_SURFACE('',#7817,20.999999812);
#7819=ORIENTED_EDGE('',*,*,#5861,.F.);
#7820=ORIENTED_EDGE('',*,*,#2646,.F.);
#7821=ORIENTED_EDGE('',*,*,#5846,.T.);
#7822=ORIENTED_EDGE('',*,*,#5840,.F.);
#7823=ORIENTED_EDGE('',*,*,#5832,.F.);
#7824=ORIENTED_EDGE('',*,*,#1373,.T.);
#7825=EDGE_LOOP('',(#7819,#7820,#7821,#7822,#7823,#7824));
#7826=FACE_BOUND('',#7825,.T.);
#7827=ADVANCED_FACE('',(#7826),#7818,.T.);
#7828=CLOSED_SHELL('',(#2613,#3999,#4030,#4061,#4095,#4129,#4151,#4168,#4185,#4202,#4219,#4236,#4253,#4275,#4292,#4309,#4326,#4343,#4360,#4377,#4394,#4411,#4428,#4450,#4467,#4484,
#4501,#4518,#4535,#4552,#4574,#4591,#4608,#4625,#4642,#4659,#4676,#4693,#4710,#4727,#4749,#4766,#4783,#4800,#4817,#4834,#4851,#4868,#4885,#4902,#4924,
#4941,#4958,#4975,#4992,#5009,#5026,#5048,#5065,#5082,#5099,#5116,#5133,#5150,#5167,#5184,#5201,#5223,#5240,#5257,#5274,#5291,#5308,#5325,#5380,#5399,
#5416,#5450,#5467,#5489,#5548,#5598,#5635,#5680,#5718,#5768,#5813,#5851,#5873,#5890,#5907,#5924,#5941,#5958,#5975,#6008,#6043,#6089,#6139,#6176,#6221,
#6259,#6317,#6366,#6388,#6400,#6412,#6424,#6436,#6448,#6470,#6502,#6543,#6563,#6589,#6642,#6676,#6716,#6757,#6777,#6803,#6844,#6876,#6900,#6917,#6941,
#6958,#6997,#7020,#7036,#7058,#7081,#7108,#7141,#7165,#7181,#7203,#7226,#7246,#7258,#7270,#7354,#7413,#7425,#7437,#7462,#7487,#7504,#7518,#7543,#7568,
#7585,#7599,#7623,#7647,#7664,#7676,#7699,#7722,#7739,#7751,#7763,#7775,#7787,#7799,#7813,#7827));
#7829=MANIFOLD_SOLID_BREP('Frame',#7828);
#1100=STYLED_ITEM('',(#347),#7829);
#685=SHAPE_REPRESENTATION('Frame',(#15),#683);
#686=ADVANCED_BREP_SHAPE_REPRESENTATION('Frame',(#901,#1099,#7829),#683);
#7837=SHAPE_REPRESENTATION_RELATIONSHIP('','',#685,#686);
#7838=CARTESIAN_POINT('',(0.,0.,0.));
#7839=DIRECTION('',(0.,0.,1.));
#7840=DIRECTION('',(1.,0.,0.));
#7841=AXIS2_PLACEMENT_3D('',#7838,#7839,#7840);
#7843=MAPPED_ITEM('',#7842,#7841);
#7842=REPRESENTATION_MAP(#7841,#685);
#693=PRODUCT('Frame','Frame','',(#671));
#7844=PRODUCT_RELATED_PRODUCT_CATEGORY('part','',(#693));
#7845=PRODUCT_DEFINITION_FORMATION_WITH_SPECIFIED_SOURCE('','',#693,.NOT_KNOWN.);
#694=PRODUCT_DEFINITION('design','',#7845,#672);
#692=PRODUCT_DEFINITION_SHAPE('','',#694);
#7846=SHAPE_DEFINITION_REPRESENTATION(#692,#685);
#684=DRAUGHTING_MODEL('',(#7843),#683);
#7847=(NAMED_UNIT(*)PLANE_ANGLE_UNIT()SI_UNIT($,.RADIAN.));
#7848=PLANE_ANGLE_MEASURE_WITH_UNIT(PLANE_ANGLE_MEASURE(0.0174532925),#7847);
#7849=(CONVERSION_BASED_UNIT('DEGREE',#7848)NAMED_UNIT(#7850)PLANE_ANGLE_UNIT());
#7850=DIMENSIONAL_EXPONENTS(0.,0.,0.,0.,0.,0.,0.);
#7851=(NAMED_UNIT(*)SI_UNIT($,.STERADIAN.)SOLID_ANGLE_UNIT());
#7852=(LENGTH_UNIT()NAMED_UNIT(*)SI_UNIT(.MILLI.,.METRE.));
#7853=UNCERTAINTY_MEASURE_WITH_UNIT(LENGTH_MEASURE(1.000000E-05),#7852,'DISTANCE_ACCURACY_VALUE','Maximum Tolerance applied to model');
#7854=(GEOMETRIC_REPRESENTATION_CONTEXT(3)GLOBAL_UNCERTAINTY_ASSIGNED_CONTEXT((#7853))GLOBAL_UNIT_ASSIGNED_CONTEXT((#7852,#7849,#7851))REPRESENTATION_CONTEXT('','Hammer'));
#7866=CARTESIAN_POINT('',(0.,0.,0.));
#7867=DIRECTION('',(0.,0.,1.));
#7868=DIRECTION('',(1.,0.,-0.));
#7869=AXIS2_PLACEMENT_3D('',#7866,#7867,#7868);
#7870=ITEM_DEFINED_TRANSFORMATION('','',#7869,#15);
#7871=(REPRESENTATION_RELATIONSHIP('','',#7856,#16)REPRESENTATION_RELATIONSHIP_WITH_TRANSFORMATION(#7870)SHAPE_REPRESENTATION_RELATIONSHIP());
#7872=NEXT_ASSEMBLY_USAGE_OCCURRENCE('Hammer_3','Hammer','Hammer',#25,#7865,$);
#7873=PRODUCT_DEFINITION_SHAPE('','',#7872);
#7874=CONTEXT_DEPENDENT_SHAPE_REPRESENTATION(#7871,#7873);
#7876=CARTESIAN_POINT('',(-24.957174165,116.563617132,-8.733510587));
#7877=CARTESIAN_POINT('',(-28.957174165,116.563617132,-8.733510587));
#7878=CARTESIAN_POINT('',(-32.957174165,116.563617132,-8.733510587));
#7879=CARTESIAN_POINT('',(-24.957174165,116.974411486,-8.801763958));
#7880=CARTESIAN_POINT('',(-28.957174165,116.974411486,-8.801763958));
#7881=CARTESIAN_POINT('',(-32.957174165,116.974411486,-8.801763958));
#7882=CARTESIAN_POINT('',(-24.957174165,113.951787067,-12.037312434));
#7883=CARTESIAN_POINT('',(-28.957174165,113.951787067,-12.037312434));
#7884=CARTESIAN_POINT('',(-32.957174165,113.951787067,-12.037312434));
#7885=CARTESIAN_POINT('',(-24.957174165,113.837848965,-14.840728043));
#7886=CARTESIAN_POINT('',(-28.957174165,113.837848965,-14.840728043));
#7887=CARTESIAN_POINT('',(-32.957174165,113.837848965,-14.840728043));
#7888=CARTESIAN_POINT('',(-24.957174165,113.819131657,-16.657866259));
#7889=CARTESIAN_POINT('',(-28.957174165,113.819131657,-16.657866259));
#7890=CARTESIAN_POINT('',(-32.957174165,113.819131657,-16.657866259));
#7891=CARTESIAN_POINT('',(-24.957174165,114.819345708,-18.34990329));
#7892=CARTESIAN_POINT('',(-28.957174165,114.819345708,-18.34990329));
#7893=CARTESIAN_POINT('',(-32.957174165,114.819345708,-18.34990329));
#7894=CARTESIAN_POINT('',(-24.957174165,117.110955783,-20.251453827));
#7895=CARTESIAN_POINT('',(-28.957174165,117.110955783,-20.251453827));
#7896=CARTESIAN_POINT('',(-32.957174165,117.110955783,-20.251453827));
#7897=CARTESIAN_POINT('',(-24.957174165,118.660964051,-21.179737816));
#7898=CARTESIAN_POINT('',(-28.957174165,118.660964051,-21.179737816));
#7899=CARTESIAN_POINT('',(-32.957174165,118.660964051,-21.179737816));
#7900=CARTESIAN_POINT('',(-24.957174165,119.197522613,-24.116211304));
#7901=CARTESIAN_POINT('',(-28.957174165,119.197522613,-24.116211304));
#7902=CARTESIAN_POINT('',(-32.957174165,119.197522613,-24.116211304));
#7903=CARTESIAN_POINT('',(-24.957174165,117.567386791,-25.161702949));
#7904=CARTESIAN_POINT('',(-28.957174165,117.567386791,-25.161702949));
#7905=CARTESIAN_POINT('',(-32.957174165,117.567386791,-25.161702949));
#7906=CARTESIAN_POINT('',(-24.957174165,117.710654053,-21.485203396));
#7907=CARTESIAN_POINT('',(-28.957174165,117.710654053,-21.485203396));
#7908=CARTESIAN_POINT('',(-32.957174165,117.710654053,-21.485203396));
#7909=CARTESIAN_POINT('',(-24.957174165,114.648349058,-20.75766749));
#7910=CARTESIAN_POINT('',(-28.957174165,114.648349058,-20.75766749));
#7911=CARTESIAN_POINT('',(-32.957174165,114.648349058,-20.75766749));
#7912=CARTESIAN_POINT('',(-24.957174165,111.423141695,-18.296208145));
#7913=CARTESIAN_POINT('',(-28.957174165,111.423141695,-18.296208145));
#7914=CARTESIAN_POINT('',(-32.957174165,111.423141695,-18.296208145));
#7915=CARTESIAN_POINT('',(-24.957174165,109.802104313,-14.597495985));
#7916=CARTESIAN_POINT('',(-28.957174165,109.802104313,-14.597495985));
#7917=CARTESIAN_POINT('',(-32.957174165,109.802104313,-14.597495985));
#7918=CARTESIAN_POINT('',(-24.957174165,108.990581019,-14.155720138));
#7919=CARTESIAN_POINT('',(-28.957174165,108.990581019,-14.155720138));
#7920=CARTESIAN_POINT('',(-32.957174165,108.990581019,-14.155720138));
#7921=CARTESIAN_POINT('',(-24.957174165,106.556674913,-15.441047277));
#7922=CARTESIAN_POINT('',(-28.957174165,106.556674913,-15.441047277));
#7923=CARTESIAN_POINT('',(-32.957174165,106.556674913,-15.441047277));
#7924=CARTESIAN_POINT('',(-24.957174165,102.909928586,-15.365153976));
#7925=CARTESIAN_POINT('',(-28.957174165,102.909928586,-15.365153976));
#7926=CARTESIAN_POINT('',(-32.957174165,102.909928586,-15.365153976));
#7927=CARTESIAN_POINT('',(-24.957174165,100.276567293,-14.562728664));
#7928=CARTESIAN_POINT('',(-28.957174165,100.276567293,-14.562728664));
#7929=CARTESIAN_POINT('',(-32.957174165,100.276567293,-14.562728664));
#7930=CARTESIAN_POINT('',(-24.957174165,100.170672358,-14.275051266));
#7931=CARTESIAN_POINT('',(-28.957174165,100.170672358,-14.275051266));
#7932=CARTESIAN_POINT('',(-32.957174165,100.170672358,-14.275051266));
#7933=CARTESIAN_POINT('',(-24.957174165,99.025796693,-16.848262793));
#7934=CARTESIAN_POINT('',(-28.957174165,99.025796693,-16.848262793));
#7935=CARTESIAN_POINT('',(-32.957174165,99.025796693,-16.848262793));
#7936=CARTESIAN_POINT('',(-24.957174165,97.093698785,-18.621157803));
#7937=CARTESIAN_POINT('',(-28.957174165,97.093698785,-18.621157803));
#7938=CARTESIAN_POINT('',(-32.957174165,97.093698785,-18.621157803));
#7939=CARTESIAN_POINT('',(-24.957174165,92.457306773,-19.664295323));
#7940=CARTESIAN_POINT('',(-28.957174165,92.457306773,-19.664295323));
#7941=CARTESIAN_POINT('',(-32.957174165,92.457306773,-19.664295323));
#7942=CARTESIAN_POINT('',(-24.957174165,88.539522756,-16.533622841));
#7943=CARTESIAN_POINT('',(-28.957174165,88.539522756,-16.533622841));
#7944=CARTESIAN_POINT('',(-32.957174165,88.539522756,-16.533622841));
#7945=CARTESIAN_POINT('',(-24.957174165,87.272018498,-10.025369367));
#7946=CARTESIAN_POINT('',(-28.957174165,87.272018498,-10.025369367));
#7947=CARTESIAN_POINT('',(-32.957174165,87.272018498,-10.025369367));
#7948=CARTESIAN_POINT('',(-24.957174165,90.852098763,-5.377909998));
#7949=CARTESIAN_POINT('',(-28.957174165,90.852098763,-5.377909998));
#7950=CARTESIAN_POINT('',(-32.957174165,90.852098763,-5.377909998));
#7951=CARTESIAN_POINT('',(-24.957174165,97.70631051,-5.850799042));
#7952=CARTESIAN_POINT('',(-28.957174165,97.70631051,-5.850799042));
#7953=CARTESIAN_POINT('',(-32.957174165,97.70631051,-5.850799042));
#7954=CARTESIAN_POINT('',(-24.957174165,100.621459567,-9.763997602));
#7955=CARTESIAN_POINT('',(-28.957174165,100.621459567,-9.763997602));
#7956=CARTESIAN_POINT('',(-32.957174165,100.621459567,-9.763997602));
#7957=CARTESIAN_POINT('',(-24.957174165,102.796033391,-10.424332586));
#7958=CARTESIAN_POINT('',(-28.957174165,102.796033391,-10.424332586));
#7959=CARTESIAN_POINT('',(-32.957174165,102.796033391,-10.424332586));
#7960=CARTESIAN_POINT('',(-24.957174165,105.435164609,-11.136234017));
#7961=CARTESIAN_POINT('',(-28.957174165,105.435164609,-11.136234017));
#7962=CARTESIAN_POINT('',(-32.957174165,105.435164609,-11.136234017));
#7963=CARTESIAN_POINT('',(-24.957174165,107.712439134,-9.764506728));
#7964=CARTESIAN_POINT('',(-28.957174165,107.712439134,-9.764506728));
#7965=CARTESIAN_POINT('',(-32.957174165,107.712439134,-9.764506728));
#7966=CARTESIAN_POINT('',(-24.957174165,109.398287316,-8.799178557));
#7967=CARTESIAN_POINT('',(-28.957174165,109.398287316,-8.799178557));
#7968=CARTESIAN_POINT('',(-32.957174165,109.398287316,-8.799178557));
#7969=B_SPLINE_SURFACE_WITH_KNOTS('',3,1,((#7876,#7877,#7878),(#7879,#7880,#7881),(#7882,#7883,#7884),(#7885,#7886,#7887),(#7888,#7889,#7890),(#7891,#7892,#7893),(#7894,#7895,#7896),(#7897,#7898,#7899),(#7900,#7901,#7902),(#7903,#7904,#7905),(#7906,#7907,#7908),(#7909,#7910,#7911),(#7912,#7913,#7914),(#7915,#7916,#7917),(#7918,#7919,#7920),(#7921,#7922,#7923),(#7924,#7925,#7926),(#7927,#7928,#7929),(#7930,#7931,#7932),(#7933,#7934,#7935),(#7936,#7937,#7938),(#7939,#7940,#7941),(#7942,#7943,#7944),(#7945,#7946,#7947),(#7948,#7949,#7950),(#7951,#7952,#7953),
(#7954,#7955,#7956),(#7957,#7958,#7959),(#7960,#7961,#7962),(#7963,#7964,#7965),(#7966,#7967,#7968)),.UNSPECIFIED.,.F.,.F.,.U.,(4,1,1,1,1,1,1,1,1,1,1,1,1,1,1,1,1,1,1,1,1,1,1,1,1,1,
1,1,4),(2,1,2),(0.,0.018407518,0.046523097,0.065434917,0.100840335,0.130303994,0.173330623,0.207642567,0.242387171,0.283340808,0.316515534,0.357501827,0.378716119,0.418578978,0.437227546,0.474248064,0.492620015,0.526742603,0.542493241,0.578363406,0.617732547,0.678117862,0.738930791,0.804775115,0.849603266,0.891210858,
0.926108779,0.9610067,1.),(0.,1.,2.),.UNSPECIFIED.);
#7970=CARTESIAN_POINT('',(-32.957174165,116.563617132,-8.733510587));
#7971=VERTEX_POINT('',#7970);
#7972=CARTESIAN_POINT('',(-32.957174165,109.398287316,-8.799178557));
#7973=VERTEX_POINT('',#7972);
#7974=CARTESIAN_POINT('',(-32.957174165,116.563617132,-8.733510587));
#7975=CARTESIAN_POINT('',(-32.957174165,116.577800358,-8.735867126));
#7976=CARTESIAN_POINT('',(-32.957174165,116.591976482,-8.739952492));
#7977=CARTESIAN_POINT('',(-32.957174165,116.604647574,-8.74704132));
#7978=CARTESIAN_POINT('',(-32.957174165,116.617318667,-8.754130148));
#7979=CARTESIAN_POINT('',(-32.957174165,116.628249339,-8.764566606));
#7980=CARTESIAN_POINT('',(-32.957174165,116.635355326,-8.777273986));
#7981=CARTESIAN_POINT('',(-32.957174165,116.649567299,-8.802688744));
#7982=CARTESIAN_POINT('',(-32.957174165,116.64913006,-8.833555892));
#7983=CARTESIAN_POINT('',(-32.957174165,116.644694608,-8.862091453));
#7984=CARTESIAN_POINT('',(-32.957174165,116.640259157,-8.890627013));
#7985=CARTESIAN_POINT('',(-32.957174165,116.631514655,-8.918351455));
#7986=CARTESIAN_POINT('',(-32.957174165,116.621285614,-8.945369261));
#7987=CARTESIAN_POINT('',(-32.957174165,116.611056572,-8.972387067));
#7988=CARTESIAN_POINT('',(-32.957174165,116.599184934,-8.998661283));
#7989=CARTESIAN_POINT('',(-32.957174165,116.586453515,-9.024546281));
#7990=CARTESIAN_POINT('',(-32.957174165,116.535527838,-9.128086277));
#7991=CARTESIAN_POINT('',(-32.957174165,116.472822505,-9.225274892));
#7992=CARTESIAN_POINT('',(-32.957174165,116.408512833,-9.32072602));
#7993=CARTESIAN_POINT('',(-32.957174165,116.279893489,-9.511628278));
#7994=CARTESIAN_POINT('',(-32.957174165,116.140704998,-9.695510493));
#7995=CARTESIAN_POINT('',(-32.957174165,116.001090908,-9.878816969));
#7996=CARTESIAN_POINT('',(-32.957174165,115.721862729,-10.245429921));
#7997=CARTESIAN_POINT('',(-32.957174165,115.436110214,-10.608402704));
#7998=CARTESIAN_POINT('',(-32.957174165,115.170754711,-10.983391224));
#7999=CARTESIAN_POINT('',(-32.957174165,114.905399207,-11.358379744));
#8000=CARTESIAN_POINT('',(-32.957174165,114.665613325,-11.747139471));
#8001=CARTESIAN_POINT('',(-32.957174165,114.465776114,-12.157414629));
#8002=CARTESIAN_POINT('',(-32.957174165,114.365857508,-12.362552207));
#8003=CARTESIAN_POINT('',(-32.957174165,114.275807855,-12.573004976));
#8004=CARTESIAN_POINT('',(-32.957174165,114.19762798,-12.789850532));
#8005=CARTESIAN_POINT('',(-32.957174165,114.119448105,-13.006696089));
#8006=CARTESIAN_POINT('',(-32.957174165,114.053165141,-13.231097265));
#8007=CARTESIAN_POINT('',(-32.957174165,114.002034672,-13.455533121));
#8008=CARTESIAN_POINT('',(-32.957174165,113.950904202,-13.679968977));
#8009=CARTESIAN_POINT('',(-32.957174165,113.91441657,-13.905938471));
#8010=CARTESIAN_POINT('',(-32.957174165,113.890519425,-14.133226647));
#8011=CARTESIAN_POINT('',(-32.957174165,113.866622279,-14.360514824));
#8012=CARTESIAN_POINT('',(-32.957174165,113.855869335,-14.589179676));
#8013=CARTESIAN_POINT('',(-32.957174165,113.8491715,-14.818269247));
#8014=CARTESIAN_POINT('',(-32.957174165,113.842473666,-15.047358817));
#8015=CARTESIAN_POINT('',(-32.957174165,113.836133387,-15.276485836));
#8016=CARTESIAN_POINT('',(-32.957174165,113.838197998,-15.506493153));
#8017=CARTESIAN_POINT('',(-32.957174165,113.840262609,-15.73650047));
#8018=CARTESIAN_POINT('',(-32.957174165,113.851858868,-15.965854567));
#8019=CARTESIAN_POINT('',(-32.957174165,113.887136783,-16.190086049));
#8020=CARTESIAN_POINT('',(-32.957174165,113.922414699,-16.41431753));
#8021=CARTESIAN_POINT('',(-32.957174165,113.981842778,-16.633877911));
#8022=CARTESIAN_POINT('',(-32.957174165,114.06310056,-16.849216012));
#8023=CARTESIAN_POINT('',(-32.957174165,114.10372945,-16.956885063));
#8024=CARTESIAN_POINT('',(-32.957174165,114.149837043,-17.063448537));
#8025=CARTESIAN_POINT('',(-32.957174165,114.199866823,-17.166862242));
#8026=CARTESIAN_POINT('',(-32.957174165,114.249896603,-17.270275946));
#8027=CARTESIAN_POINT('',(-32.957174165,114.304064053,-17.371159741));
#8028=CARTESIAN_POINT('',(-32.957174165,114.361831266,-17.46984252));
#8029=CARTESIAN_POINT('',(-32.957174165,114.477365692,-17.667208079));
#8030=CARTESIAN_POINT('',(-32.957174165,114.607222612,-17.855816386));
#8031=CARTESIAN_POINT('',(-32.957174165,114.748299522,-18.037564417));
#8032=CARTESIAN_POINT('',(-32.957174165,114.889376432,-18.219312448));
#8033=CARTESIAN_POINT('',(-32.957174165,115.041005706,-18.393038684));
#8034=CARTESIAN_POINT('',(-32.957174165,115.198767533,-18.558867204));
#8035=CARTESIAN_POINT('',(-32.957174165,115.514291188,-18.890524245));
#8036=CARTESIAN_POINT('',(-32.957174165,115.85504599,-19.195270224));
#8037=CARTESIAN_POINT('',(-32.957174165,116.209060495,-19.485873656));
#8038=CARTESIAN_POINT('',(-32.957174165,116.386067748,-19.631175372));
#8039=CARTESIAN_POINT('',(-32.957174165,116.566696084,-19.772770342));
#8040=CARTESIAN_POINT('',(-32.957174165,116.749905168,-19.911168737));
#8041=CARTESIAN_POINT('',(-32.957174165,116.933114253,-20.049567133));
#8042=CARTESIAN_POINT('',(-32.957174165,117.119177152,-20.184416102));
#8043=CARTESIAN_POINT('',(-32.957174165,117.303096304,-20.321931352));
#8044=CARTESIAN_POINT('',(-32.957174165,117.487015456,-20.459446602));
#8045=CARTESIAN_POINT('',(-32.957174165,117.668737067,-20.59969504));
#8046=CARTESIAN_POINT('',(-32.957174165,117.839605053,-20.753442652));
#8047=CARTESIAN_POINT('',(-32.957174165,118.01047304,-20.907190264));
#8048=CARTESIAN_POINT('',(-32.957174165,118.170882541,-21.077105869));
#8049=CARTESIAN_POINT('',(-32.957174165,118.305456275,-21.261893835));
#8050=CARTESIAN_POINT('',(-32.957174165,118.44003001,-21.446681802));
#8051=CARTESIAN_POINT('',(-32.957174165,118.55038344,-21.647732127));
#8052=CARTESIAN_POINT('',(-32.957174165,118.639432997,-21.861464163));
#8053=CARTESIAN_POINT('',(-32.957174165,118.728482554,-22.075196199));
#8054=CARTESIAN_POINT('',(-32.957174165,118.795634156,-22.29414953));
#8055=CARTESIAN_POINT('',(-32.957174165,118.844529535,-22.517455831));
#8056=CARTESIAN_POINT('',(-32.957174165,118.868977224,-22.629108981));
#8057=CARTESIAN_POINT('',(-32.957174165,118.888680218,-22.741893445));
#8058=CARTESIAN_POINT('',(-32.957174165,118.90307502,-22.855943581));
#8059=CARTESIAN_POINT('',(-32.957174165,118.917469822,-22.969993717));
#8060=CARTESIAN_POINT('',(-32.957174165,118.926575547,-23.085969248));
#8061=CARTESIAN_POINT('',(-32.957174165,118.928900263,-23.20132945));
#8062=CARTESIAN_POINT('',(-32.957174165,118.93122498,-23.316689651));
#8063=CARTESIAN_POINT('',(-32.957174165,118.926921574,-23.431581522));
#8064=CARTESIAN_POINT('',(-32.957174165,118.91360013,-23.545836194));
#8065=CARTESIAN_POINT('',(-32.957174165,118.900278686,-23.660090867));
#8066=CARTESIAN_POINT('',(-32.957174165,118.877494773,-23.775101135));
#8067=CARTESIAN_POINT('',(-32.957174165,118.841742631,-23.884970831));
#8068=CARTESIAN_POINT('',(-32.957174165,118.805990489,-23.994840527));
#8069=CARTESIAN_POINT('',(-32.957174165,118.758266712,-24.099762669));
#8070=CARTESIAN_POINT('',(-32.957174165,118.695404644,-24.19822262));
#8071=CARTESIAN_POINT('',(-32.957174165,118.663973609,-24.247452595));
#8072=CARTESIAN_POINT('',(-32.957174165,118.629369624,-24.293943173));
#8073=CARTESIAN_POINT('',(-32.957174165,118.59099078,-24.337174691));
#8074=CARTESIAN_POINT('',(-32.957174165,118.552611936,-24.380406209));
#8075=CARTESIAN_POINT('',(-32.957174165,118.510016907,-24.420819385));
#8076=CARTESIAN_POINT('',(-32.957174165,118.463245673,-24.455598684));
#8077=CARTESIAN_POINT('',(-32.957174165,118.416474439,-24.490377984));
#8078=CARTESIAN_POINT('',(-32.957174165,118.36562334,-24.519643367));
#8079=CARTESIAN_POINT('',(-32.957174165,118.310321497,-24.538905407));
#8080=CARTESIAN_POINT('',(-32.957174165,118.255019655,-24.558167447));
#8081=CARTESIAN_POINT('',(-32.957174165,118.195440137,-24.566593037));
#8082=CARTESIAN_POINT('',(-32.957174165,118.1377963,-24.557915156));
#8083=CARTESIAN_POINT('',(-32.957174165,118.080152462,-24.549237275));
#8084=CARTESIAN_POINT('',(-32.957174165,118.025640822,-24.522794241));
#8085=CARTESIAN_POINT('',(-32.957174165,117.9812669,-24.484336072));
#8086=CARTESIAN_POINT('',(-32.957174165,117.936892977,-24.445877904));
#8087=CARTESIAN_POINT('',(-32.957174165,117.902807863,-24.396777393));
#8088=CARTESIAN_POINT('',(-32.957174165,117.875797298,-24.345955258));
#8089=CARTESIAN_POINT('',(-32.957174165,117.848786733,-24.295133123));
#8090=CARTESIAN_POINT('',(-32.957174165,117.827828943,-24.24210457));
#8091=CARTESIAN_POINT('',(-32.957174165,117.809429922,-24.18814327));
#8092=CARTESIAN_POINT('',(-32.957174165,117.791030901,-24.134181969));
#8093=CARTESIAN_POINT('',(-32.957174165,117.775380901,-24.079218568));
#8094=CARTESIAN_POINT('',(-32.957174165,117.761130279,-24.023745052));
#8095=CARTESIAN_POINT('',(-32.957174165,117.732629035,-23.91279802));
#8096=CARTESIAN_POINT('',(-32.957174165,117.709652949,-23.800019265));
#8097=CARTESIAN_POINT('',(-32.957174165,117.687798868,-23.687295996));
#8098=CARTESIAN_POINT('',(-32.957174165,117.644090706,-23.461849458));
#8099=CARTESIAN_POINT('',(-32.957174165,117.604910331,-23.235385644));
#8100=CARTESIAN_POINT('',(-32.957174165,117.55541464,-23.011504056));
#8101=CARTESIAN_POINT('',(-32.957174165,117.505918949,-22.787622469));
#8102=CARTESIAN_POINT('',(-32.957174165,117.447350457,-22.566067172));
#8103=CARTESIAN_POINT('',(-32.957174165,117.3635081,-22.350992161));
#8104=CARTESIAN_POINT('',(-32.957174165,117.279665743,-22.135917149));
#8105=CARTESIAN_POINT('',(-32.957174165,117.172881623,-21.93392877));
#8106=CARTESIAN_POINT('',(-32.957174165,117.020814835,-21.759506114));
#8107=CARTESIAN_POINT('',(-32.957174165,116.944781441,-21.672294786));
#8108=CARTESIAN_POINT('',(-32.957174165,116.859486826,-21.593591685));
#8109=CARTESIAN_POINT('',(-32.957174165,116.769308983,-21.522953041));
#8110=CARTESIAN_POINT('',(-32.957174165,116.67913114,-21.452314397));
#8111=CARTESIAN_POINT('',(-32.957174165,116.583423805,-21.388954117));
#8112=CARTESIAN_POINT('',(-32.957174165,116.484134454,-21.330308778));
#8113=CARTESIAN_POINT('',(-32.957174165,116.285555751,-21.213018099));
#8114=CARTESIAN_POINT('',(-32.957174165,116.07591326,-21.115529581));
#8115=CARTESIAN_POINT('',(-32.957174165,115.86527326,-21.022138093));
#8116=CARTESIAN_POINT('',(-32.957174165,115.65463326,-20.928746605));
#8117=CARTESIAN_POINT('',(-32.957174165,115.442091318,-20.839479098));
#8118=CARTESIAN_POINT('',(-32.957174165,115.231691563,-20.745566687));
#8119=CARTESIAN_POINT('',(-32.957174165,115.021291807,-20.651654276));
#8120=CARTESIAN_POINT('',(-32.957174165,114.813564945,-20.55326365));
#8121=CARTESIAN_POINT('',(-32.957174165,114.611024109,-20.44670191));
#8122=CARTESIAN_POINT('',(-32.957174165,114.205942437,-20.23357843));
#8123=CARTESIAN_POINT('',(-32.957174165,113.818677096,-19.992030134));
#8124=CARTESIAN_POINT('',(-32.957174165,113.4471427,-19.725384122));
#8125=CARTESIAN_POINT('',(-32.957174165,113.075608303,-19.45873811));
#8126=CARTESIAN_POINT('',(-32.957174165,112.717959697,-19.164562003));
#8127=CARTESIAN_POINT('',(-32.957174165,112.386550531,-18.848972784));
#8128=CARTESIAN_POINT('',(-32.957174165,112.055141365,-18.533383565));
#8129=CARTESIAN_POINT('',(-32.957174165,111.748467378,-18.195856409));
#8130=CARTESIAN_POINT('',(-32.957174165,111.472475877,-17.831116576));
#8131=CARTESIAN_POINT('',(-32.957174165,111.334480127,-17.648746659));
#8132=CARTESIAN_POINT('',(-32.957174165,111.204562634,-17.458820592));
#8133=CARTESIAN_POINT('',(-32.957174165,111.082851902,-17.26245034));
#8134=CARTESIAN_POINT('',(-32.957174165,110.961141169,-17.066080087));
#8135=CARTESIAN_POINT('',(-32.957174165,110.847744252,-16.865142084));
#8136=CARTESIAN_POINT('',(-32.957174165,110.738914593,-16.661694753));
#8137=CARTESIAN_POINT('',(-32.957174165,110.630084934,-16.458247422));
#8138=CARTESIAN_POINT('',(-32.957174165,110.52597069,-16.252209362));
#8139=CARTESIAN_POINT('',(-32.957174165,110.422108525,-16.046032806));
#8140=CARTESIAN_POINT('',(-32.957174165,110.318246361,-15.83985625));
#8141=CARTESIAN_POINT('',(-32.957174165,110.215237407,-15.633210925));
#8142=CARTESIAN_POINT('',(-32.957174165,110.10299173,-15.431640412));
#8143=CARTESIAN_POINT('',(-32.957174165,110.046868891,-15.330855155));
#8144=CARTESIAN_POINT('',(-32.957174165,109.98839665,-15.2313607));
#8145=CARTESIAN_POINT('',(-32.957174165,109.925634398,-15.134223249));
#8146=CARTESIAN_POINT('',(-32.957174165,109.862872146,-15.037085798));
#8147=CARTESIAN_POINT('',(-32.957174165,109.795895229,-14.942321108));
#8148=CARTESIAN_POINT('',(-32.957174165,109.722160664,-14.853897118));
#8149=CARTESIAN_POINT('',(-32.957174165,109.648426099,-14.765473128));
#8150=CARTESIAN_POINT('',(-32.957174165,109.56679688,-14.682031283));
#8151=CARTESIAN_POINT('',(-32.957174165,109.473820595,-14.612805505));
#8152=CARTESIAN_POINT('',(-32.957174165,109.427332453,-14.578192615));
#8153=CARTESIAN_POINT('',(-32.957174165,109.378453004,-14.547542667));
#8154=CARTESIAN_POINT('',(-32.957174165,109.32659528,-14.5218284));
#8155=CARTESIAN_POINT('',(-32.957174165,109.274737556,-14.496114134));
#8156=CARTESIAN_POINT('',(-32.957174165,109.219487233,-14.4754087));
#8157=CARTESIAN_POINT('',(-32.957174165,109.163650294,-14.461018816));
#8158=CARTESIAN_POINT('',(-32.957174165,109.051976416,-14.432239049));
#8159=CARTESIAN_POINT('',(-32.957174165,108.933469511,-14.427967788));
#8160=CARTESIAN_POINT('',(-32.957174165,108.819597381,-14.439800229));
#8161=CARTESIAN_POINT('',(-32.957174165,108.70572525,-14.451632671));
#8162=CARTESIAN_POINT('',(-32.957174165,108.59486464,-14.478111694));
#8163=CARTESIAN_POINT('',(-32.957174165,108.485484986,-14.511793369));
#8164=CARTESIAN_POINT('',(-32.957174165,108.376105332,-14.545475045));
#8165=CARTESIAN_POINT('',(-32.957174165,108.268300143,-14.586997868));
#8166=CARTESIAN_POINT('',(-32.957174165,108.161743491,-14.630490716));
#8167=CARTESIAN_POINT('',(-32.957174165,108.055186838,-14.673983564));
#8168=CARTESIAN_POINT('',(-32.957174165,107.949437066,-14.719445631));
#8169=CARTESIAN_POINT('',(-32.957174165,107.843307302,-14.763980315));
#8170=CARTESIAN_POINT('',(-32.957174165,107.631047775,-14.853049683));
#8171=CARTESIAN_POINT('',(-32.957174165,107.417391598,-14.937896993));
#8172=CARTESIAN_POINT('',(-32.957174165,107.20005061,-15.008778721));
#8173=CARTESIAN_POINT('',(-32.957174165,106.982709622,-15.079660448));
#8174=CARTESIAN_POINT('',(-32.957174165,106.761403336,-15.135951789));
#8175=CARTESIAN_POINT('',(-32.957174165,106.536582819,-15.179312451));
#8176=CARTESIAN_POINT('',(-32.957174165,106.311762302,-15.222673113));
#8177=CARTESIAN_POINT('',(-32.957174165,106.082957731,-15.254531322));
#8178=CARTESIAN_POINT('',(-32.957174165,105.854619496,-15.277977394));
#8179=CARTESIAN_POINT('',(-32.957174165,105.626281261,-15.301423466));
#8180=CARTESIAN_POINT('',(-32.957174165,105.398117643,-15.316492181));
#8181=CARTESIAN_POINT('',(-32.957174165,105.170088834,-15.325093315));
#8182=CARTESIAN_POINT('',(-32.957174165,104.714031217,-15.342295584));
#8183=CARTESIAN_POINT('',(-32.957174165,104.258501615,-15.334166027));
#8184=CARTESIAN_POINT('',(-32.957174165,103.803422825,-15.304408501));
#8185=CARTESIAN_POINT('',(-32.957174165,103.575883429,-15.289529738));
#8186=CARTESIAN_POINT('',(-32.957174165,103.348460058,-15.269084673));
#8187=CARTESIAN_POINT('',(-32.957174165,103.121166045,-15.242433528));
#8188=CARTESIAN_POINT('',(-32.957174165,102.893872032,-15.215782383));
#8189=CARTESIAN_POINT('',(-32.957174165,102.66616375,-15.18288229));
#8190=CARTESIAN_POINT('',(-32.957174165,102.440162191,-15.142124611));
#8191=CARTESIAN_POINT('',(-32.957174165,101.988159073,-15.060609251));
#8192=CARTESIAN_POINT('',(-32.957174165,101.542397397,-14.949252195));
#8193=CARTESIAN_POINT('',(-32.957174165,101.10695444,-14.801181102));
#8194=CARTESIAN_POINT('',(-32.957174165,100.998093701,-14.764163328));
#8195=CARTESIAN_POINT('',(-32.957174165,100.890139948,-14.724443002));
#8196=CARTESIAN_POINT('',(-32.957174165,100.78307619,-14.682390436));
#8197=CARTESIAN_POINT('',(-32.957174165,100.729544311,-14.661364153));
#8198=CARTESIAN_POINT('',(-32.957174165,100.676209744,-14.639814278));
#8199=CARTESIAN_POINT('',(-32.957174165,100.622748462,-14.618600655));
#8200=CARTESIAN_POINT('',(-32.957174165,100.569287181,-14.597387033));
#8201=CARTESIAN_POINT('',(-32.957174165,100.515774562,-14.576309641));
#8202=CARTESIAN_POINT('',(-32.957174165,100.461069198,-14.558397333));
#8203=CARTESIAN_POINT('',(-32.957174165,100.406363835,-14.540485025));
#8204=CARTESIAN_POINT('',(-32.957174165,100.350422986,-14.524837708));
#8205=CARTESIAN_POINT('',(-32.957174165,100.292376753,-14.524935068));
#8206=CARTESIAN_POINT('',(-32.957174165,100.263353637,-14.524983748));
#8207=CARTESIAN_POINT('',(-32.957174165,100.23493223,-14.529497874));
#8208=CARTESIAN_POINT('',(-32.957174165,100.207700103,-14.539846724));
#8209=CARTESIAN_POINT('',(-32.957174165,100.180467976,-14.550195574));
#8210=CARTESIAN_POINT('',(-32.957174165,100.156107311,-14.56561273));
#8211=CARTESIAN_POINT('',(-32.957174165,100.133821728,-14.584210482));
#8212=CARTESIAN_POINT('',(-32.957174165,100.08925056,-14.621405988));
#8213=CARTESIAN_POINT('',(-32.957174165,100.054483826,-14.668114247));
#8214=CARTESIAN_POINT('',(-32.957174165,100.02263559,-14.716196125));
#8215=CARTESIAN_POINT('',(-32.957174165,99.990787353,-14.764278002));
#8216=CARTESIAN_POINT('',(-32.957174165,99.962218672,-14.814454305));
#8217=CARTESIAN_POINT('',(-32.957174165,99.934765542,-14.865245511));
#8218=CARTESIAN_POINT('',(-32.957174165,99.879859281,-14.966827924));
#8219=CARTESIAN_POINT('',(-32.957174165,99.829603829,-15.070805678));
#8220=CARTESIAN_POINT('',(-32.957174165,99.779421916,-15.174793738));
#8221=CARTESIAN_POINT('',(-32.957174165,99.729240002,-15.278781797));
#8222=CARTESIAN_POINT('',(-32.957174165,99.679504876,-15.382990064));
#8223=CARTESIAN_POINT('',(-32.957174165,99.628940932,-15.48678728));
#8224=CARTESIAN_POINT('',(-32.957174165,99.527813045,-15.694381714));
#8225=CARTESIAN_POINT('',(-32.957174165,99.423561062,-15.900763271));
#8226=CARTESIAN_POINT('',(-32.957174165,99.309883868,-16.101448446));
#8227=CARTESIAN_POINT('',(-32.957174165,99.196206675,-16.30213362));
#8228=CARTESIAN_POINT('',(-32.957174165,99.072221591,-16.496159474));
#8229=CARTESIAN_POINT('',(-32.957174165,98.93610667,-16.682348954));
#8230=CARTESIAN_POINT('',(-32.957174165,98.799991749,-16.868538434));
#8231=CARTESIAN_POINT('',(-32.957174165,98.652192329,-17.046258218));
#8232=CARTESIAN_POINT('',(-32.957174165,98.495083108,-17.212025093));
#8233=CARTESIAN_POINT('',(-32.957174165,98.337973887,-17.377791968));
#8234=CARTESIAN_POINT('',(-32.957174165,98.170884189,-17.532570682));
#8235=CARTESIAN_POINT('',(-32.957174165,97.993989133,-17.676554037));
#8236=CARTESIAN_POINT('',(-32.957174165,97.817094078,-17.820537392));
#8237=CARTESIAN_POINT('',(-32.957174165,97.629863245,-17.954055868));
#8238=CARTESIAN_POINT('',(-32.957174165,97.434339043,-18.076496533));
#8239=CARTESIAN_POINT('',(-32.957174165,97.043290639,-18.321377863));
#8240=CARTESIAN_POINT('',(-32.957174165,96.630973016,-18.516553171));
#8241=CARTESIAN_POINT('',(-32.957174165,96.202294236,-18.67349256));
#8242=CARTESIAN_POINT('',(-32.957174165,95.773615455,-18.830431949));
#8243=CARTESIAN_POINT('',(-32.957174165,95.324569537,-18.948904379));
#8244=CARTESIAN_POINT('',(-32.957174165,94.873959329,-19.021912905));
#8245=CARTESIAN_POINT('',(-32.957174165,94.42334912,-19.094921431));
#8246=CARTESIAN_POINT('',(-32.957174165,93.968412856,-19.124720595));
#8247=CARTESIAN_POINT('',(-32.957174165,93.507515371,-19.094978094));
#8248=CARTESIAN_POINT('',(-32.957174165,93.277066628,-19.080106843));
#8249=CARTESIAN_POINT('',(-32.957174165,93.049288662,-19.049645645));
#8250=CARTESIAN_POINT('',(-32.957174165,92.826326292,-19.003643044));
#8251=CARTESIAN_POINT('',(-32.957174165,92.603363923,-18.957640443));
#8252=CARTESIAN_POINT('',(-32.957174165,92.384502617,-18.896177499));
#8253=CARTESIAN_POINT('',(-32.957174165,92.169737336,-18.8192732));
#8254=CARTESIAN_POINT('',(-32.957174165,92.062354695,-18.780821051));
#8255=CARTESIAN_POINT('',(-32.957174165,91.955997404,-18.738503502));
#8256=CARTESIAN_POINT('',(-32.957174165,91.85067333,-18.69229089));
#8257=CARTESIAN_POINT('',(-32.957174165,91.745349256,-18.646078278));
#8258=CARTESIAN_POINT('',(-32.957174165,91.640819291,-18.59581319));
#8259=CARTESIAN_POINT('',(-32.957174165,91.538938008,-18.542501768));
#8260=CARTESIAN_POINT('',(-32.957174165,91.335175441,-18.435878923));
#8261=CARTESIAN_POINT('',(-32.957174165,91.140423082,-18.316506655));
#8262=CARTESIAN_POINT('',(-32.957174165,90.95385762,-18.185549945));
#8263=CARTESIAN_POINT('',(-32.957174165,90.767292159,-18.054593235));
#8264=CARTESIAN_POINT('',(-32.957174165,90.58891884,-17.912044662));
#8265=CARTESIAN_POINT('',(-32.957174165,90.418230504,-17.758621856));
#8266=CARTESIAN_POINT('',(-32.957174165,90.247542169,-17.605199049));
#8267=CARTESIAN_POINT('',(-32.957174165,90.084507789,-17.44059146));
#8268=CARTESIAN_POINT('',(-32.957174165,89.932347222,-17.269849615));
#8269=CARTESIAN_POINT('',(-32.957174165,89.628026088,-16.928365927));
#8270=CARTESIAN_POINT('',(-32.957174165,89.362340169,-16.558886685));
#8271=CARTESIAN_POINT('',(-32.957174165,89.129285697,-16.165762295));
#8272=CARTESIAN_POINT('',(-32.957174165,89.012758461,-15.9692001));
#8273=CARTESIAN_POINT('',(-32.957174165,88.904064366,-15.76575163));
#8274=CARTESIAN_POINT('',(-32.957174165,88.804542499,-15.558967628));
#8275=CARTESIAN_POINT('',(-32.957174165,88.705020631,-15.352183626));
#8276=CARTESIAN_POINT('',(-32.957174165,88.614711662,-15.142395344));
#8277=CARTESIAN_POINT('',(-32.957174165,88.533060225,-14.929783885));
#8278=CARTESIAN_POINT('',(-32.957174165,88.369757351,-14.504560967));
#8279=CARTESIAN_POINT('',(-32.957174165,88.240756291,-14.068152401));
#8280=CARTESIAN_POINT('',(-32.957174165,88.146124964,-13.620536039));
#8281=CARTESIAN_POINT('',(-32.957174165,88.098809301,-13.396727858));
#8282=CARTESIAN_POINT('',(-32.957174165,88.060095127,-13.169217153));
#8283=CARTESIAN_POINT('',(-32.957174165,88.030933022,-12.941799718));
#8284=CARTESIAN_POINT('',(-32.957174165,88.001770917,-12.714382282));
#8285=CARTESIAN_POINT('',(-32.957174165,87.982013012,-12.486725391));
#8286=CARTESIAN_POINT('',(-32.957174165,87.971934819,-12.25882203));
#8287=CARTESIAN_POINT('',(-32.957174165,87.961856626,-12.030918669));
#8288=CARTESIAN_POINT('',(-32.957174165,87.961454613,-11.802768927));
#8289=CARTESIAN_POINT('',(-32.957174165,87.971387906,-11.574356022));
#8290=CARTESIAN_POINT('',(-32.957174165,87.9813212,-11.345943117));
#8291=CARTESIAN_POINT('',(-32.957174165,88.001718805,-11.116366141));
#8292=CARTESIAN_POINT('',(-32.957174165,88.033246737,-10.888690707));
#8293=CARTESIAN_POINT('',(-32.957174165,88.0963026,-10.43333984));
#8294=CARTESIAN_POINT('',(-32.957174165,88.202991206,-9.98963851));
#8295=CARTESIAN_POINT('',(-32.957174165,88.357648955,-9.558744494));
#8296=CARTESIAN_POINT('',(-32.957174165,88.434977829,-9.343297487));
#8297=CARTESIAN_POINT('',(-32.957174165,88.524989226,-9.129919478));
#8298=CARTESIAN_POINT('',(-32.957174165,88.626143328,-8.924127855));
#8299=CARTESIAN_POINT('',(-32.957174165,88.72729743,-8.718336231));
#8300=CARTESIAN_POINT('',(-32.957174165,88.839606291,-8.519632519));
#8301=CARTESIAN_POINT('',(-32.957174165,88.963427239,-8.328243768));
#8302=CARTESIAN_POINT('',(-32.957174165,89.087248187,-8.136855018));
#8303=CARTESIAN_POINT('',(-32.957174165,89.222577745,-7.952779021));
#8304=CARTESIAN_POINT('',(-32.957174165,89.370202353,-7.776515493));
#8305=CARTESIAN_POINT('',(-32.957174165,89.517826961,-7.600251966));
#8306=CARTESIAN_POINT('',(-32.957174165,89.677207332,-7.432827368));
#8307=CARTESIAN_POINT('',(-32.957174165,89.844481993,-7.278212334));
#8308=CARTESIAN_POINT('',(-32.957174165,90.179031317,-6.968982266));
#8309=CARTESIAN_POINT('',(-32.957174165,90.548937737,-6.705784696));
#8310=CARTESIAN_POINT('',(-32.957174165,90.954329657,-6.488786796));
#8311=CARTESIAN_POINT('',(-32.957174165,91.157025618,-6.380287846));
#8312=CARTESIAN_POINT('',(-32.957174165,91.367128063,-6.284427145));
#8313=CARTESIAN_POINT('',(-32.957174165,91.579920009,-6.202198953));
#8314=CARTESIAN_POINT('',(-32.957174165,91.792711954,-6.119970761));
#8315=CARTESIAN_POINT('',(-32.957174165,92.009455107,-6.050678355));
#8316=CARTESIAN_POINT('',(-32.957174165,92.22984456,-5.993323509));
#8317=CARTESIAN_POINT('',(-32.957174165,92.670623467,-5.878613816));
#8318=CARTESIAN_POINT('',(-32.957174165,93.12951255,-5.810611788));
#8319=CARTESIAN_POINT('',(-32.957174165,93.585327609,-5.783115858));
#8320=CARTESIAN_POINT('',(-32.957174165,94.041142668,-5.755619928));
#8321=CARTESIAN_POINT('',(-32.957174165,94.496644713,-5.767648622));
#8322=CARTESIAN_POINT('',(-32.957174165,94.951833721,-5.819204732));
#8323=CARTESIAN_POINT('',(-32.957174165,95.179428225,-5.844982788));
#8324=CARTESIAN_POINT('',(-32.957174165,95.407621047,-5.881031372));
#8325=CARTESIAN_POINT('',(-32.957174165,95.631549633,-5.927128589));
#8326=CARTESIAN_POINT('',(-32.957174165,95.85547822,-5.973225807));
#8327=CARTESIAN_POINT('',(-32.957174165,96.076062107,-6.029411454));
#8328=CARTESIAN_POINT('',(-32.957174165,96.293051715,-6.096438332));
#8329=CARTESIAN_POINT('',(-32.957174165,96.510041322,-6.16346521));
#8330=CARTESIAN_POINT('',(-32.957174165,96.723441578,-6.241318449));
#8331=CARTESIAN_POINT('',(-32.957174165,96.932756542,-6.331493928));
#8332=CARTESIAN_POINT('',(-32.957174165,97.142071507,-6.421669406));
#8333=CARTESIAN_POINT('',(-32.957174165,97.348347897,-6.525126137));
#8334=CARTESIAN_POINT('',(-32.957174165,97.547281365,-6.641131585));
#8335=CARTESIAN_POINT('',(-32.957174165,98.343015236,-7.105153377));
#8336=CARTESIAN_POINT('',(-32.957174165,98.998079446,-7.737521133));
#8337=CARTESIAN_POINT('',(-32.957174165,99.640115419,-8.385480389));
#8338=CARTESIAN_POINT('',(-32.957174165,99.800624413,-8.547470203));
#8339=CARTESIAN_POINT('',(-32.957174165,99.960387245,-8.710346996));
#8340=CARTESIAN_POINT('',(-32.957174165,100.122607644,-8.870309104));
#8341=CARTESIAN_POINT('',(-32.957174165,100.284828042,-9.030271212));
#8342=CARTESIAN_POINT('',(-32.957174165,100.449316936,-9.187544047));
#8343=CARTESIAN_POINT('',(-32.957174165,100.62194374,-9.335169494));
#8344=CARTESIAN_POINT('',(-32.957174165,100.794570545,-9.482794941));
#8345=CARTESIAN_POINT('',(-32.957174165,100.976383142,-9.619530749));
#8346=CARTESIAN_POINT('',(-32.957174165,101.170002084,-9.742270288));
#8347=CARTESIAN_POINT('',(-32.957174165,101.266811555,-9.803640057));
#8348=CARTESIAN_POINT('',(-32.957174165,101.366968729,-9.861718874));
#8349=CARTESIAN_POINT('',(-32.957174165,101.468352357,-9.915275757));
#8350=CARTESIAN_POINT('',(-32.957174165,101.569735985,-9.968832641));
#8351=CARTESIAN_POINT('',(-32.957174165,101.672643577,-10.018092612));
#8352=CARTESIAN_POINT('',(-32.957174165,101.776890406,-10.063576515));
#8353=CARTESIAN_POINT('',(-32.957174165,101.985384065,-10.154544321));
#8354=CARTESIAN_POINT('',(-32.957174165,102.199315295,-10.230180548));
#8355=CARTESIAN_POINT('',(-32.957174165,102.415929458,-10.298252071));
#8356=CARTESIAN_POINT('',(-32.957174165,102.632543621,-10.366323594));
#8357=CARTESIAN_POINT('',(-32.957174165,102.851350146,-10.428213614));
#8358=CARTESIAN_POINT('',(-32.957174165,103.07047664,-10.489201458));
#8359=CARTESIAN_POINT('',(-32.957174165,103.289603134,-10.550189303));
#8360=CARTESIAN_POINT('',(-32.957174165,103.510824134,-10.607725684));
#8361=CARTESIAN_POINT('',(-32.957174165,103.733047353,-10.65364986));
#8362=CARTESIAN_POINT('',(-32.957174165,103.955270573,-10.699574035));
#8363=CARTESIAN_POINT('',(-32.957174165,104.178546654,-10.733982131));
#8364=CARTESIAN_POINT('',(-32.957174165,104.403390401,-10.751243282));
#8365=CARTESIAN_POINT('',(-32.957174165,104.628234148,-10.768504434));
#8366=CARTESIAN_POINT('',(-32.957174165,104.854642314,-10.768654157));
#8367=CARTESIAN_POINT('',(-32.957174165,105.083013338,-10.747334376));
#8368=CARTESIAN_POINT('',(-32.957174165,105.311384361,-10.726014594));
#8369=CARTESIAN_POINT('',(-32.957174165,105.535300232,-10.682744201));
#8370=CARTESIAN_POINT('',(-32.957174165,105.752971306,-10.622504897));
#8371=CARTESIAN_POINT('',(-32.957174165,105.97064238,-10.562265594));
#8372=CARTESIAN_POINT('',(-32.957174165,106.183454354,-10.486115918));
#8373=CARTESIAN_POINT('',(-32.957174165,106.393343668,-10.400396447));
#8374=CARTESIAN_POINT('',(-32.957174165,106.603232983,-10.314676976));
#8375=CARTESIAN_POINT('',(-32.957174165,106.810509551,-10.219158397));
#8376=CARTESIAN_POINT('',(-32.957174165,107.014579151,-10.118873256));
#8377=CARTESIAN_POINT('',(-32.957174165,107.42271835,-9.918302974));
#8378=CARTESIAN_POINT('',(-32.957174165,107.820251443,-9.698797331));
#8379=CARTESIAN_POINT('',(-32.957174165,108.215707228,-9.475583014));
#8380=CARTESIAN_POINT('',(-32.957174165,108.611163013,-9.252368697));
#8381=CARTESIAN_POINT('',(-32.957174165,109.004199832,-9.024835738));
#8382=CARTESIAN_POINT('',(-32.957174165,109.398287316,-8.799178557));
#8383=B_SPLINE_CURVE_WITH_KNOTS('',3,(#7974,#7975,#7976,#7977,#7978,#7979,#7980,#7981,#7982,#7983,#7984,#7985,#7986,#7987,#7988,#7989,#7990,#7991,#7992,#7993,#7994,#7995,#7996,#7997,#7998,#7999,
#8000,#8001,#8002,#8003,#8004,#8005,#8006,#8007,#8008,#8009,#8010,#8011,#8012,#8013,#8014,#8015,#8016,#8017,#8018,#8019,#8020,#8021,#8022,#8023,#8024,
#8025,#8026,#8027,#8028,#8029,#8030,#8031,#8032,#8033,#8034,#8035,#8036,#8037,#8038,#8039,#8040,#8041,#8042,#8043,#8044,#8045,#8046,#8047,#8048,#8049,
#8050,#8051,#8052,#8053,#8054,#8055,#8056,#8057,#8058,#8059,#8060,#8061,#8062,#8063,#8064,#8065,#8066,#8067,#8068,#8069,#8070,#8071,#8072,#8073,#8074,
#8075,#8076,#8077,#8078,#8079,#8080,#8081,#8082,#8083,#8084,#8085,#8086,#8087,#8088,#8089,#8090,#8091,#8092,#8093,#8094,#8095,#8096,#8097,#8098,#8099,
#8100,#8101,#8102,#8103,#8104,#8105,#8106,#8107,#8108,#8109,#8110,#8111,#8112,#8113,#8114,#8115,#8116,#8117,#8118,#8119,#8120,#8121,#8122,#8123,#8124,
#8125,#8126,#8127,#8128,#8129,#8130,#8131,#8132,#8133,#8134,#8135,#8136,#8137,#8138,#8139,#8140,#8141,#8142,#8143,#8144,#8145,#8146,#8147,#8148,#8149,
#8150,#8151,#8152,#8153,#8154,#8155,#8156,#8157,#8158,#8159,#8160,#8161,#8162,#8163,#8164,#8165,#8166,#8167,#8168,#8169,#8170,#8171,#8172,#8173,#8174,
#8175,#8176,#8177,#8178,#8179,#8180,#8181,#8182,#8183,#8184,#8185,#8186,#8187,#8188,#8189,#8190,#8191,#8192,#8193,#8194,#8195,#8196,#8197,#8198,#8199,
#8200,#8201,#8202,#8203,#8204,#8205,#8206,#8207,#8208,#8209,#8210,#8211,#8212,#8213,#8214,#8215,#8216,#8217,#8218,#8219,#8220,#8221,#8222,#8223,#8224,
#8225,#8226,#8227,#8228,#8229,#8230,#8231,#8232,#8233,#8234,#8235,#8236,#8237,#8238,#8239,#8240,#8241,#8242,#8243,#8244,#8245,#8246,#8247,#8248,#8249,
#8250,#8251,#8252,#8253,#8254,#8255,#8256,#8257,#8258,#8259,#8260,#8261,#8262,#8263,#8264,#8265,#8266,#8267,#8268,#8269,#8270,#8271,#8272,#8273,#8274,
#8275,#8276,#8277,#8278,#8279,#8280,#8281,#8282,#8283,#8284,#8285,#8286,#8287,#8288,#8289,#8290,#8291,#8292,#8293,#8294,#8295,#8296,#8297,#8298,#8299,
#8300,#8301,#8302,#8303,#8304,#8305,#8306,#8307,#8308,#8309,#8310,#8311,#8312,#8313,#8314,#8315,#8316,#8317,#8318,#8319,#8320,#8321,#8322,#8323,#8324,
#8325,#8326,#8327,#8328,#8329,#8330,#8331,#8332,#8333,#8334,#8335,#8336,#8337,#8338,#8339,#8340,#8341,#8342,#8343,#8344,#8345,#8346,#8347,#8348,#8349,
#8350,#8351,#8352,#8353,#8354,#8355,#8356,#8357,#8358,#8359,#8360,#8361,#8362,#8363,#8364,#8365,#8366,#8367,#8368,#8369,#8370,#8371,#8372,#8373,#8374,
#8375,#8376,#8377,#8378,#8379,#8380,#8381,#8382),.UNSPECIFIED.,.F.,.F.,(4,3,3,3,3,3,3,3,3,3,3,3,3,3,3,3,3,3,3,3,3,3,3,3,3,3,
3,3,3,3,3,3,3,3,3,3,3,3,3,3,3,3,3,3,3,3,3,3,3,3,3,
3,3,3,3,3,3,3,3,3,3,3,3,3,3,3,3,3,3,3,3,3,3,3,3,3,
3,3,3,3,3,3,3,3,3,3,3,3,3,3,3,3,3,3,3,3,3,3,3,3,3,
3,3,3,3,3,3,3,3,3,3,3,3,3,3,3,3,3,3,3,3,3,3,3,3,3,
3,3,3,3,3,3,3,3,3,3,4),(0.028308823,0.028351397,0.028393971,0.028479119,0.028564266,0.028649414,0.028990005,0.029671187,0.031033551,0.032395914,0.033077096,0.033758278,0.03443946,0.035120642,0.035801824,0.036483006,0.037164188,0.037504778,0.037845369,0.038526551,0.039207733,0.040570097,0.041251279,0.041932461,0.042613643,0.043294824,
0.043976006,0.044657188,0.044997779,0.04533837,0.045678961,0.046019552,0.046360143,0.046530438,0.046700734,0.046871029,0.047041325,0.04721162,0.047381916,0.047552211,0.047722507,0.048063097,0.048744279,0.049425461,0.050106643,0.050447234,0.050787825,0.051469007,0.052150189,0.052831371,0.054193734,
0.055556098,0.056918462,0.057599644,0.058280826,0.058962007,0.059643189,0.05998378,0.060324371,0.060664962,0.060835258,0.061005553,0.061346144,0.061686735,0.062027326,0.062367917,0.063049099,0.063730281,0.064411462,0.065092644,0.066455008,0.06713619,0.067817372,0.069179736,0.069520326,0.069690622,
0.069860917,0.070031213,0.070116361,0.070201508,0.070371804,0.070542099,0.07088269,0.071223281,0.071904463,0.072585645,0.073266827,0.073948009,0.074629191,0.075991554,0.077353918,0.078716282,0.079397464,0.080078645,0.080419236,0.080759827,0.081441009,0.082122191,0.082803373,0.084165737,0.084846919,
0.0855281,0.086890464,0.087571646,0.088252828,0.08893401,0.089615192,0.090977555,0.091658737,0.092339919,0.093021101,0.093702283,0.095064647,0.095745829,0.09642701,0.097789374,0.099151738,0.09983292,0.100514102,0.101195284,0.101876465,0.104601193,0.105282375,0.105963557,0.106644738,0.106985329,
0.10732592,0.108007102,0.108688284,0.109369466,0.110050648,0.11073183,0.111413012,0.112094193,0.112775375,0.114137739,0.115500103),.UNSPECIFIED.);
#8384=EDGE_CURVE('',#7971,#7973,#8383,.T.);
#8385=ORIENTED_EDGE('',*,*,#8384,.F.);
#8386=CARTESIAN_POINT('',(-24.957174165,116.563617132,-8.733510587));
#8387=VERTEX_POINT('',#8386);
#8388=CARTESIAN_POINT('',(-24.957174165,116.563617132,-8.733510587));
#8389=DIRECTION('',(-1.,0.,0.));
#8390=VECTOR('',#8389,8.);
#8391=LINE('',#8388,#8390);
#8392=EDGE_CURVE('',#8387,#7971,#8391,.T.);
#8393=ORIENTED_EDGE('',*,*,#8392,.F.);
#8394=CARTESIAN_POINT('',(-24.957174165,109.398287316,-8.799178557));
#8395=VERTEX_POINT('',#8394);
#8396=CARTESIAN_POINT('',(-24.957174165,116.563617132,-8.733510587));
#8397=CARTESIAN_POINT('',(-24.957174165,116.974411486,-8.801763958));
#8398=CARTESIAN_POINT('',(-24.957174165,113.951787067,-12.037312434));
#8399=CARTESIAN_POINT('',(-24.957174165,113.837848965,-14.840728043));
#8400=CARTESIAN_POINT('',(-24.957174165,113.819131657,-16.657866259));
#8401=CARTESIAN_POINT('',(-24.957174165,114.819345708,-18.34990329));
#8402=CARTESIAN_POINT('',(-24.957174165,117.110955783,-20.251453827));
#8403=CARTESIAN_POINT('',(-24.957174165,118.660964051,-21.179737816));
#8404=CARTESIAN_POINT('',(-24.957174165,119.197522613,-24.116211304));
#8405=CARTESIAN_POINT('',(-24.957174165,117.567386791,-25.161702949));
#8406=CARTESIAN_POINT('',(-24.957174165,117.710654053,-21.485203396));
#8407=CARTESIAN_POINT('',(-24.957174165,114.648349058,-20.75766749));
#8408=CARTESIAN_POINT('',(-24.957174165,111.423141695,-18.296208145));
#8409=CARTESIAN_POINT('',(-24.957174165,109.802104313,-14.597495985));
#8410=CARTESIAN_POINT('',(-24.957174165,108.990581019,-14.155720138));
#8411=CARTESIAN_POINT('',(-24.957174165,106.556674913,-15.441047277));
#8412=CARTESIAN_POINT('',(-24.957174165,102.909928586,-15.365153976));
#8413=CARTESIAN_POINT('',(-24.957174165,100.276567293,-14.562728664));
#8414=CARTESIAN_POINT('',(-24.957174165,100.170672358,-14.275051266));
#8415=CARTESIAN_POINT('',(-24.957174165,99.025796693,-16.848262793));
#8416=CARTESIAN_POINT('',(-24.957174165,97.093698785,-18.621157803));
#8417=CARTESIAN_POINT('',(-24.957174165,92.457306773,-19.664295323));
#8418=CARTESIAN_POINT('',(-24.957174165,88.539522756,-16.533622841));
#8419=CARTESIAN_POINT('',(-24.957174165,87.272018498,-10.025369367));
#8420=CARTESIAN_POINT('',(-24.957174165,90.852098763,-5.377909998));
#8421=CARTESIAN_POINT('',(-24.957174165,97.70631051,-5.850799042));
#8422=CARTESIAN_POINT('',(-24.957174165,100.621459567,-9.763997602));
#8423=CARTESIAN_POINT('',(-24.957174165,102.796033391,-10.424332586));
#8424=CARTESIAN_POINT('',(-24.957174165,105.435164609,-11.136234017));
#8425=CARTESIAN_POINT('',(-24.957174165,107.712439134,-9.764506728));
#8426=CARTESIAN_POINT('',(-24.957174165,109.398287316,-8.799178557));
#8427=B_SPLINE_CURVE_WITH_KNOTS('',3,(#8396,#8397,#8398,#8399,#8400,#8401,#8402,#8403,#8404,#8405,#8406,#8407,#8408,#8409,#8410,#8411,#8412,#8413,#8414,#8415,#8416,#8417,#8418,#8419,#8420,#8421,
#8422,#8423,#8424,#8425,#8426),.UNSPECIFIED.,.F.,.F.,(4,1,1,1,1,1,1,1,1,1,1,1,1,1,1,1,1,1,1,1,1,1,1,1,1,1,
1,1,4),(0.,0.018407518,0.046523097,0.065434917,0.100840335,0.130303994,0.173330623,0.207642567,0.242387171,0.283340808,0.316515534,0.357501827,0.378716119,0.418578978,0.437227546,0.474248064,0.492620015,0.526742603,0.542493241,0.578363406,0.617732547,0.678117862,0.738930791,0.804775115,0.849603266,0.891210858,
0.926108779,0.9610067,1.),.UNSPECIFIED.);
#8428=EDGE_CURVE('',#8387,#8395,#8427,.T.);
#8429=ORIENTED_EDGE('',*,*,#8428,.T.);
#8430=CARTESIAN_POINT('',(-24.957174165,109.398287316,-8.799178557));
#8431=DIRECTION('',(-1.,0.,0.));
#8432=VECTOR('',#8431,8.);
#8433=LINE('',#8430,#8432);
#8434=EDGE_CURVE('',#8395,#7973,#8433,.T.);
#8435=ORIENTED_EDGE('',*,*,#8434,.T.);
#8436=EDGE_LOOP('',(#8385,#8393,#8429,#8435));
#8437=FACE_BOUND('',#8436,.T.);
#8438=ADVANCED_FACE('',(#8437),#7969,.T.);
#8439=CARTESIAN_POINT('',(-24.957174165,109.398287316,-8.799178557));
#8440=CARTESIAN_POINT('',(-28.957174165,109.398287316,-8.799178557));
#8441=CARTESIAN_POINT('',(-32.957174165,109.398287316,-8.799178557));
#8442=CARTESIAN_POINT('',(-24.957174165,110.369650035,-8.733510587));
#8443=CARTESIAN_POINT('',(-28.957174165,110.369650035,-8.733510587));
#8444=CARTESIAN_POINT('',(-32.957174165,110.369650035,-8.733510587));
#8445=CARTESIAN_POINT('',(-24.957174165,116.563617132,-8.733510587));
#8446=CARTESIAN_POINT('',(-28.957174165,116.563617132,-8.733510587));
#8447=CARTESIAN_POINT('',(-32.957174165,116.563617132,-8.733510587));
#8448=B_SPLINE_SURFACE_WITH_KNOTS('',2,1,((#8439,#8440,#8441),(#8442,#8443,#8444),(#8445,#8446,#8447)),.UNSPECIFIED.,.F.,.F.,.U.,(3,3),(2,1,2),(0.,1.),(0.,1.,2.),.UNSPECIFIED.);
#8449=CARTESIAN_POINT('',(-32.957174165,109.398287316,-8.799178557));
#8450=CARTESIAN_POINT('',(-32.957174165,109.547386245,-8.789098878));
#8451=CARTESIAN_POINT('',(-32.957174165,109.696599434,-8.784293173));
#8452=CARTESIAN_POINT('',(-32.957174165,109.84581841,-8.779754591));
#8453=CARTESIAN_POINT('',(-32.957174165,109.995037386,-8.775216009));
#8454=CARTESIAN_POINT('',(-32.957174165,110.144279252,-8.771734029));
#8455=CARTESIAN_POINT('',(-32.957174165,110.293530986,-8.768707505));
#8456=CARTESIAN_POINT('',(-32.957174165,110.592034454,-8.762654458));
#8457=CARTESIAN_POINT('',(-32.957174165,110.890578128,-8.758457253));
#8458=CARTESIAN_POINT('',(-32.957174165,111.189137072,-8.754964892));
#8459=CARTESIAN_POINT('',(-32.957174165,111.786254961,-8.747980169));
#8460=CARTESIAN_POINT('',(-32.957174165,112.383428278,-8.743957963));
#8461=CARTESIAN_POINT('',(-32.957174165,112.980592254,-8.740975507));
#8462=CARTESIAN_POINT('',(-32.957174165,114.174920207,-8.735010596));
#8463=CARTESIAN_POINT('',(-32.957174165,115.369270738,-8.733510587));
#8464=CARTESIAN_POINT('',(-32.957174165,116.563617132,-8.733510587));
#8465=B_SPLINE_CURVE_WITH_KNOTS('',3,(#8449,#8450,#8451,#8452,#8453,#8454,#8455,#8456,#8457,#8458,#8459,#8460,#8461,#8462,#8463,#8464),.UNSPECIFIED.,.F.,.F.,(4,3,3,3,3,4),(0.,0.000447847,0.000895694,0.001791387,0.003582775,0.007165549),.UNSPECIFIED.);
#8466=EDGE_CURVE('',#7973,#7971,#8465,.T.);
#8467=ORIENTED_EDGE('',*,*,#8466,.F.);
#8468=ORIENTED_EDGE('',*,*,#8434,.F.);
#8469=CARTESIAN_POINT('',(-24.957174165,109.398287316,-8.799178557));
#8470=CARTESIAN_POINT('',(-24.957174165,110.369650035,-8.733510587));
#8471=CARTESIAN_POINT('',(-24.957174165,116.563617132,-8.733510587));
#8472=B_SPLINE_CURVE_WITH_KNOTS('',2,(#8469,#8470,#8471),.UNSPECIFIED.,.F.,.F.,(3,3),(0.,1.),.UNSPECIFIED.);
#8473=EDGE_CURVE('',#8395,#8387,#8472,.T.);
#8474=ORIENTED_EDGE('',*,*,#8473,.T.);
#8475=ORIENTED_EDGE('',*,*,#8392,.T.);
#8476=EDGE_LOOP('',(#8467,#8468,#8474,#8475));
#8477=FACE_BOUND('',#8476,.T.);
#8478=ADVANCED_FACE('',(#8477),#8448,.T.);
#8479=CARTESIAN_POINT('',(-24.957174165,12.,42.263742746));
#8480=DIRECTION('',(1.,-0.,-0.));
#8481=DIRECTION('',(-0.,0.,-1.));
#8482=AXIS2_PLACEMENT_3D('',#8479,#8480,#8481);
#8483=PLANE('',#8482);
#8484=ORIENTED_EDGE('',*,*,#8428,.F.);
#8485=ORIENTED_EDGE('',*,*,#8473,.F.);
#8486=EDGE_LOOP('',(#8484,#8485));
#8487=FACE_BOUND('',#8486,.T.);
#8488=ADVANCED_FACE('',(#8487),#8483,.T.);
#8489=CARTESIAN_POINT('',(-32.957174165,12.,42.263742746));
#8490=DIRECTION('',(1.,-0.,-0.));
#8491=DIRECTION('',(-0.,0.,-1.));
#8492=AXIS2_PLACEMENT_3D('',#8489,#8490,#8491);
#8493=PLANE('',#8492);
#8494=ORIENTED_EDGE('',*,*,#8384,.T.);
#8495=ORIENTED_EDGE('',*,*,#8466,.T.);
#8496=EDGE_LOOP('',(#8494,#8495));
#8497=FACE_BOUND('',#8496,.T.);
#8498=ADVANCED_FACE('',(#8497),#8493,.F.);
#8499=CLOSED_SHELL('',(#8438,#8478,#8488,#8498));
#8500=MANIFOLD_SOLID_BREP('Hammer (1)',#8499);
#7875=STYLED_ITEM('',(#347),#8500);
#8502=CARTESIAN_POINT('',(33.042825835,116.563617132,-8.733510587));
#8503=CARTESIAN_POINT('',(29.042825835,116.563617132,-8.733510587));
#8504=CARTESIAN_POINT('',(25.042825835,116.563617132,-8.733510587));
#8505=CARTESIAN_POINT('',(33.042825835,116.974411486,-8.801763958));
#8506=CARTESIAN_POINT('',(29.042825835,116.974411486,-8.801763958));
#8507=CARTESIAN_POINT('',(25.042825835,116.974411486,-8.801763958));
#8508=CARTESIAN_POINT('',(33.042825835,113.951787067,-12.037312434));
#8509=CARTESIAN_POINT('',(29.042825835,113.951787067,-12.037312434));
#8510=CARTESIAN_POINT('',(25.042825835,113.951787067,-12.037312434));
#8511=CARTESIAN_POINT('',(33.042825835,113.837848965,-14.840728043));
#8512=CARTESIAN_POINT('',(29.042825835,113.837848965,-14.840728043));
#8513=CARTESIAN_POINT('',(25.042825835,113.837848965,-14.840728043));
#8514=CARTESIAN_POINT('',(33.042825835,113.819131657,-16.657866259));
#8515=CARTESIAN_POINT('',(29.042825835,113.819131657,-16.657866259));
#8516=CARTESIAN_POINT('',(25.042825835,113.819131657,-16.657866259));
#8517=CARTESIAN_POINT('',(33.042825835,114.819345708,-18.34990329));
#8518=CARTESIAN_POINT('',(29.042825835,114.819345708,-18.34990329));
#8519=CARTESIAN_POINT('',(25.042825835,114.819345708,-18.34990329));
#8520=CARTESIAN_POINT('',(33.042825835,117.110955783,-20.251453827));
#8521=CARTESIAN_POINT('',(29.042825835,117.110955783,-20.251453827));
#8522=CARTESIAN_POINT('',(25.042825835,117.110955783,-20.251453827));
#8523=CARTESIAN_POINT('',(33.042825835,118.660964051,-21.179737816));
#8524=CARTESIAN_POINT('',(29.042825835,118.660964051,-21.179737816));
#8525=CARTESIAN_POINT('',(25.042825835,118.660964051,-21.179737816));
#8526=CARTESIAN_POINT('',(33.042825835,119.197522613,-24.116211304));
#8527=CARTESIAN_POINT('',(29.042825835,119.197522613,-24.116211304));
#8528=CARTESIAN_POINT('',(25.042825835,119.197522613,-24.116211304));
#8529=CARTESIAN_POINT('',(33.042825835,117.567386791,-25.161702949));
#8530=CARTESIAN_POINT('',(29.042825835,117.567386791,-25.161702949));
#8531=CARTESIAN_POINT('',(25.042825835,117.567386791,-25.161702949));
#8532=CARTESIAN_POINT('',(33.042825835,117.710654053,-21.485203396));
#8533=CARTESIAN_POINT('',(29.042825835,117.710654053,-21.485203396));
#8534=CARTESIAN_POINT('',(25.042825835,117.710654053,-21.485203396));
#8535=CARTESIAN_POINT('',(33.042825835,114.648349058,-20.75766749));
#8536=CARTESIAN_POINT('',(29.042825835,114.648349058,-20.75766749));
#8537=CARTESIAN_POINT('',(25.042825835,114.648349058,-20.75766749));
#8538=CARTESIAN_POINT('',(33.042825835,111.423141695,-18.296208145));
#8539=CARTESIAN_POINT('',(29.042825835,111.423141695,-18.296208145));
#8540=CARTESIAN_POINT('',(25.042825835,111.423141695,-18.296208145));
#8541=CARTESIAN_POINT('',(33.042825835,109.802104313,-14.597495985));
#8542=CARTESIAN_POINT('',(29.042825835,109.802104313,-14.597495985));
#8543=CARTESIAN_POINT('',(25.042825835,109.802104313,-14.597495985));
#8544=CARTESIAN_POINT('',(33.042825835,108.990581019,-14.155720138));
#8545=CARTESIAN_POINT('',(29.042825835,108.990581019,-14.155720138));
#8546=CARTESIAN_POINT('',(25.042825835,108.990581019,-14.155720138));
#8547=CARTESIAN_POINT('',(33.042825835,106.556674913,-15.441047277));
#8548=CARTESIAN_POINT('',(29.042825835,106.556674913,-15.441047277));
#8549=CARTESIAN_POINT('',(25.042825835,106.556674913,-15.441047277));
#8550=CARTESIAN_POINT('',(33.042825835,102.909928586,-15.365153976));
#8551=CARTESIAN_POINT('',(29.042825835,102.909928586,-15.365153976));
#8552=CARTESIAN_POINT('',(25.042825835,102.909928586,-15.365153976));
#8553=CARTESIAN_POINT('',(33.042825835,100.276567293,-14.562728664));
#8554=CARTESIAN_POINT('',(29.042825835,100.276567293,-14.562728664));
#8555=CARTESIAN_POINT('',(25.042825835,100.276567293,-14.562728664));
#8556=CARTESIAN_POINT('',(33.042825835,100.170672358,-14.275051266));
#8557=CARTESIAN_POINT('',(29.042825835,100.170672358,-14.275051266));
#8558=CARTESIAN_POINT('',(25.042825835,100.170672358,-14.275051266));
#8559=CARTESIAN_POINT('',(33.042825835,99.025796693,-16.848262793));
#8560=CARTESIAN_POINT('',(29.042825835,99.025796693,-16.848262793));
#8561=CARTESIAN_POINT('',(25.042825835,99.025796693,-16.848262793));
#8562=CARTESIAN_POINT('',(33.042825835,97.093698785,-18.621157803));
#8563=CARTESIAN_POINT('',(29.042825835,97.093698785,-18.621157803));
#8564=CARTESIAN_POINT('',(25.042825835,97.093698785,-18.621157803));
#8565=CARTESIAN_POINT('',(33.042825835,92.457306773,-19.664295323));
#8566=CARTESIAN_POINT('',(29.042825835,92.457306773,-19.664295323));
#8567=CARTESIAN_POINT('',(25.042825835,92.457306773,-19.664295323));
#8568=CARTESIAN_POINT('',(33.042825835,88.539522756,-16.533622841));
#8569=CARTESIAN_POINT('',(29.042825835,88.539522756,-16.533622841));
#8570=CARTESIAN_POINT('',(25.042825835,88.539522756,-16.533622841));
#8571=CARTESIAN_POINT('',(33.042825835,87.272018498,-10.025369367));
#8572=CARTESIAN_POINT('',(29.042825835,87.272018498,-10.025369367));
#8573=CARTESIAN_POINT('',(25.042825835,87.272018498,-10.025369367));
#8574=CARTESIAN_POINT('',(33.042825835,90.852098763,-5.377909998));
#8575=CARTESIAN_POINT('',(29.042825835,90.852098763,-5.377909998));
#8576=CARTESIAN_POINT('',(25.042825835,90.852098763,-5.377909998));
#8577=CARTESIAN_POINT('',(33.042825835,97.70631051,-5.850799042));
#8578=CARTESIAN_POINT('',(29.042825835,97.70631051,-5.850799042));
#8579=CARTESIAN_POINT('',(25.042825835,97.70631051,-5.850799042));
#8580=CARTESIAN_POINT('',(33.042825835,100.621459567,-9.763997602));
#8581=CARTESIAN_POINT('',(29.042825835,100.621459567,-9.763997602));
#8582=CARTESIAN_POINT('',(25.042825835,100.621459567,-9.763997602));
#8583=CARTESIAN_POINT('',(33.042825835,102.796033391,-10.424332586));
#8584=CARTESIAN_POINT('',(29.042825835,102.796033391,-10.424332586));
#8585=CARTESIAN_POINT('',(25.042825835,102.796033391,-10.424332586));
#8586=CARTESIAN_POINT('',(33.042825835,105.435164609,-11.136234017));
#8587=CARTESIAN_POINT('',(29.042825835,105.435164609,-11.136234017));
#8588=CARTESIAN_POINT('',(25.042825835,105.435164609,-11.136234017));
#8589=CARTESIAN_POINT('',(33.042825835,107.712439134,-9.764506728));
#8590=CARTESIAN_POINT('',(29.042825835,107.712439134,-9.764506728));
#8591=CARTESIAN_POINT('',(25.042825835,107.712439134,-9.764506728));
#8592=CARTESIAN_POINT('',(33.042825835,109.398287316,-8.799178557));
#8593=CARTESIAN_POINT('',(29.042825835,109.398287316,-8.799178557));
#8594=CARTESIAN_POINT('',(25.042825835,109.398287316,-8.799178557));
#8595=B_SPLINE_SURFACE_WITH_KNOTS('',3,1,((#8502,#8503,#8504),(#8505,#8506,#8507),(#8508,#8509,#8510),(#8511,#8512,#8513),(#8514,#8515,#8516),(#8517,#8518,#8519),(#8520,#8521,#8522),(#8523,#8524,#8525),(#8526,#8527,#8528),(#8529,#8530,#8531),(#8532,#8533,#8534),(#8535,#8536,#8537),(#8538,#8539,#8540),(#8541,#8542,#8543),(#8544,#8545,#8546),(#8547,#8548,#8549),(#8550,#8551,#8552),(#8553,#8554,#8555),(#8556,#8557,#8558),(#8559,#8560,#8561),(#8562,#8563,#8564),(#8565,#8566,#8567),(#8568,#8569,#8570),(#8571,#8572,#8573),(#8574,#8575,#8576),(#8577,#8578,#8579),
(#8580,#8581,#8582),(#8583,#8584,#8585),(#8586,#8587,#8588),(#8589,#8590,#8591),(#8592,#8593,#8594)),.UNSPECIFIED.,.F.,.F.,.U.,(4,1,1,1,1,1,1,1,1,1,1,1,1,1,1,1,1,1,1,1,1,1,1,1,1,1,
1,1,4),(2,1,2),(0.,0.018407518,0.046523097,0.065434917,0.100840335,0.130303994,0.173330623,0.207642567,0.242387171,0.283340808,0.316515534,0.357501827,0.378716119,0.418578978,0.437227546,0.474248064,0.492620015,0.526742603,0.542493241,0.578363406,0.617732547,0.678117862,0.738930791,0.804775115,0.849603266,0.891210858,
0.926108779,0.9610067,1.),(0.,1.,2.),.UNSPECIFIED.);
#8596=CARTESIAN_POINT('',(25.042825835,116.563617132,-8.733510587));
#8597=VERTEX_POINT('',#8596);
#8598=CARTESIAN_POINT('',(25.042825835,109.398287316,-8.799178557));
#8599=VERTEX_POINT('',#8598);
#8600=CARTESIAN_POINT('',(25.042825835,116.563617132,-8.733510587));
#8601=CARTESIAN_POINT('',(25.042825835,116.577800358,-8.735867126));
#8602=CARTESIAN_POINT('',(25.042825835,116.591976507,-8.73995245));
#8603=CARTESIAN_POINT('',(25.042825835,116.604647574,-8.74704132));
#8604=CARTESIAN_POINT('',(25.042825835,116.617318642,-8.75413019));
#8605=CARTESIAN_POINT('',(25.042825835,116.628249326,-8.764566611));
#8606=CARTESIAN_POINT('',(25.042825835,116.635355326,-8.777273986));
#8607=CARTESIAN_POINT('',(25.042825835,116.649567326,-8.802688735));
#8608=CARTESIAN_POINT('',(25.042825835,116.64913006,-8.833555892));
#8609=CARTESIAN_POINT('',(25.042825835,116.644694608,-8.862091453));
#8610=CARTESIAN_POINT('',(25.042825835,116.640259157,-8.890627013));
#8611=CARTESIAN_POINT('',(25.042825835,116.631514655,-8.918351455));
#8612=CARTESIAN_POINT('',(25.042825835,116.621285614,-8.945369261));
#8613=CARTESIAN_POINT('',(25.042825835,116.611056572,-8.972387067));
#8614=CARTESIAN_POINT('',(25.042825835,116.599185548,-8.998661561));
#8615=CARTESIAN_POINT('',(25.042825835,116.586453515,-9.024546282));
#8616=CARTESIAN_POINT('',(25.042825835,116.535525382,-9.128085166));
#8617=CARTESIAN_POINT('',(25.042825835,116.472822505,-9.225274892));
#8618=CARTESIAN_POINT('',(25.042825835,116.408512833,-9.32072602));
#8619=CARTESIAN_POINT('',(25.042825835,116.279893489,-9.511628278));
#8620=CARTESIAN_POINT('',(25.042825835,116.140704998,-9.695510493));
#8621=CARTESIAN_POINT('',(25.042825835,116.001090908,-9.878816969));
#8622=CARTESIAN_POINT('',(25.042825835,115.721862729,-10.245429921));
#8623=CARTESIAN_POINT('',(25.042825835,115.436110214,-10.608402704));
#8624=CARTESIAN_POINT('',(25.042825835,115.170754711,-10.983391224));
#8625=CARTESIAN_POINT('',(25.042825835,114.905399207,-11.358379744));
#8626=CARTESIAN_POINT('',(25.042825835,114.665613325,-11.747139471));
#8627=CARTESIAN_POINT('',(25.042825835,114.465776114,-12.157414629));
#8628=CARTESIAN_POINT('',(25.042825835,114.365857508,-12.362552207));
#8629=CARTESIAN_POINT('',(25.042825835,114.275807855,-12.573004976));
#8630=CARTESIAN_POINT('',(25.042825835,114.19762798,-12.789850532));
#8631=CARTESIAN_POINT('',(25.042825835,114.119448105,-13.006696089));
#8632=CARTESIAN_POINT('',(25.042825835,114.053165141,-13.231097265));
#8633=CARTESIAN_POINT('',(25.042825835,114.002034672,-13.455533121));
#8634=CARTESIAN_POINT('',(25.042825835,113.950904202,-13.679968977));
#8635=CARTESIAN_POINT('',(25.042825835,113.91441657,-13.905938471));
#8636=CARTESIAN_POINT('',(25.042825835,113.890519425,-14.133226647));
#8637=CARTESIAN_POINT('',(25.042825835,113.866622279,-14.360514824));
#8638=CARTESIAN_POINT('',(25.042825835,113.855869335,-14.589179676));
#8639=CARTESIAN_POINT('',(25.042825835,113.8491715,-14.818269247));
#8640=CARTESIAN_POINT('',(25.042825835,113.842473666,-15.047358817));
#8641=CARTESIAN_POINT('',(25.042825835,113.836133387,-15.276485836));
#8642=CARTESIAN_POINT('',(25.042825835,113.838197998,-15.506493153));
#8643=CARTESIAN_POINT('',(25.042825835,113.840262609,-15.73650047));
#8644=CARTESIAN_POINT('',(25.042825835,113.851858868,-15.965854567));
#8645=CARTESIAN_POINT('',(25.042825835,113.887136783,-16.190086049));
#8646=CARTESIAN_POINT('',(25.042825835,113.922414699,-16.41431753));
#8647=CARTESIAN_POINT('',(25.042825835,113.981842778,-16.633877911));
#8648=CARTESIAN_POINT('',(25.042825835,114.06310056,-16.849216012));
#8649=CARTESIAN_POINT('',(25.042825835,114.10372945,-16.956885063));
#8650=CARTESIAN_POINT('',(25.042825835,114.149837043,-17.063448537));
#8651=CARTESIAN_POINT('',(25.042825835,114.199866823,-17.166862242));
#8652=CARTESIAN_POINT('',(25.042825835,114.249896603,-17.270275946));
#8653=CARTESIAN_POINT('',(25.042825835,114.304064053,-17.371159741));
#8654=CARTESIAN_POINT('',(25.042825835,114.361831266,-17.46984252));
#8655=CARTESIAN_POINT('',(25.042825835,114.477365692,-17.667208079));
#8656=CARTESIAN_POINT('',(25.042825835,114.607222612,-17.855816386));
#8657=CARTESIAN_POINT('',(25.042825835,114.748299522,-18.037564417));
#8658=CARTESIAN_POINT('',(25.042825835,114.889376432,-18.219312448));
#8659=CARTESIAN_POINT('',(25.042825835,115.041005706,-18.393038684));
#8660=CARTESIAN_POINT('',(25.042825835,115.198767533,-18.558867204));
#8661=CARTESIAN_POINT('',(25.042825835,115.514291188,-18.890524245));
#8662=CARTESIAN_POINT('',(25.042825835,115.855045786,-19.195270442));
#8663=CARTESIAN_POINT('',(25.042825835,116.209060495,-19.485873656));
#8664=CARTESIAN_POINT('',(25.042825835,116.38606785,-19.631175263));
#8665=CARTESIAN_POINT('',(25.042825835,116.566696749,-19.772769514));
#8666=CARTESIAN_POINT('',(25.042825835,116.749905168,-19.911168737));
#8667=CARTESIAN_POINT('',(25.042825835,116.933113587,-20.04956796));
#8668=CARTESIAN_POINT('',(25.042825835,117.119177152,-20.184416102));
#8669=CARTESIAN_POINT('',(25.042825835,117.303096304,-20.321931352));
#8670=CARTESIAN_POINT('',(25.042825835,117.487015456,-20.459446602));
#8671=CARTESIAN_POINT('',(25.042825835,117.668738499,-20.599693259));
#8672=CARTESIAN_POINT('',(25.042825835,117.839605053,-20.753442653));
#8673=CARTESIAN_POINT('',(25.042825835,118.010471608,-20.907192046));
#8674=CARTESIAN_POINT('',(25.042825835,118.170881352,-21.07710664));
#8675=CARTESIAN_POINT('',(25.042825835,118.305456275,-21.261893835));
#8676=CARTESIAN_POINT('',(25.042825835,118.440031198,-21.446681031));
#8677=CARTESIAN_POINT('',(25.042825835,118.55038344,-21.647732127));
#8678=CARTESIAN_POINT('',(25.042825835,118.639432997,-21.861464163));
#8679=CARTESIAN_POINT('',(25.042825835,118.728482554,-22.075196199));
#8680=CARTESIAN_POINT('',(25.042825835,118.795634156,-22.29414953));
#8681=CARTESIAN_POINT('',(25.042825835,118.844529535,-22.517455831));
#8682=CARTESIAN_POINT('',(25.042825835,118.868977224,-22.629108981));
#8683=CARTESIAN_POINT('',(25.042825835,118.888680229,-22.741893442));
#8684=CARTESIAN_POINT('',(25.042825835,118.90307502,-22.855943581));
#8685=CARTESIAN_POINT('',(25.042825835,118.917469812,-22.96999372));
#8686=CARTESIAN_POINT('',(25.042825835,118.926575547,-23.085969248));
#8687=CARTESIAN_POINT('',(25.042825835,118.928900263,-23.20132945));
#8688=CARTESIAN_POINT('',(25.042825835,118.93122498,-23.316689651));
#8689=CARTESIAN_POINT('',(25.042825835,118.926921574,-23.431581522));
#8690=CARTESIAN_POINT('',(25.042825835,118.91360013,-23.545836194));
#8691=CARTESIAN_POINT('',(25.042825835,118.900278686,-23.660090867));
#8692=CARTESIAN_POINT('',(25.042825835,118.877494773,-23.775101135));
#8693=CARTESIAN_POINT('',(25.042825835,118.841742631,-23.884970831));
#8694=CARTESIAN_POINT('',(25.042825835,118.805990489,-23.994840527));
#8695=CARTESIAN_POINT('',(25.042825835,118.758266712,-24.099762669));
#8696=CARTESIAN_POINT('',(25.042825835,118.695404644,-24.19822262));
#8697=CARTESIAN_POINT('',(25.042825835,118.663973609,-24.247452595));
#8698=CARTESIAN_POINT('',(25.042825835,118.629368934,-24.293942577));
#8699=CARTESIAN_POINT('',(25.042825835,118.59099078,-24.337174691));
#8700=CARTESIAN_POINT('',(25.042825835,118.552612626,-24.380406805));
#8701=CARTESIAN_POINT('',(25.042825835,118.510016836,-24.420819269));
#8702=CARTESIAN_POINT('',(25.042825835,118.463245673,-24.455598684));
#8703=CARTESIAN_POINT('',(25.042825835,118.416474509,-24.490378099));
#8704=CARTESIAN_POINT('',(25.042825835,118.365623335,-24.519643346));
#8705=CARTESIAN_POINT('',(25.042825835,118.310321497,-24.538905407));
#8706=CARTESIAN_POINT('',(25.042825835,118.255019659,-24.558167468));
#8707=CARTESIAN_POINT('',(25.042825835,118.195440137,-24.566593039));
#8708=CARTESIAN_POINT('',(25.042825835,118.1377963,-24.557915156));
#8709=CARTESIAN_POINT('',(25.042825835,118.080152463,-24.549237273));
#8710=CARTESIAN_POINT('',(25.042825835,118.025640822,-24.522794241));
#8711=CARTESIAN_POINT('',(25.042825835,117.9812669,-24.484336072));
#8712=CARTESIAN_POINT('',(25.042825835,117.936892977,-24.445877904));
#8713=CARTESIAN_POINT('',(25.042825835,117.902807863,-24.396777393));
#8714=CARTESIAN_POINT('',(25.042825835,117.875797298,-24.345955258));
#8715=CARTESIAN_POINT('',(25.042825835,117.848786733,-24.295133123));
#8716=CARTESIAN_POINT('',(25.042825835,117.827828943,-24.24210457));
#8717=CARTESIAN_POINT('',(25.042825835,117.809429922,-24.18814327));
#8718=CARTESIAN_POINT('',(25.042825835,117.791030901,-24.134181969));
#8719=CARTESIAN_POINT('',(25.042825835,117.775379458,-24.079219094));
#8720=CARTESIAN_POINT('',(25.042825835,117.761130278,-24.023745053));
#8721=CARTESIAN_POINT('',(25.042825835,117.732631916,-23.91279697));
#8722=CARTESIAN_POINT('',(25.042825835,117.709652949,-23.800019265));
#8723=CARTESIAN_POINT('',(25.042825835,117.687798868,-23.687295996));
#8724=CARTESIAN_POINT('',(25.042825835,117.644090706,-23.461849458));
#8725=CARTESIAN_POINT('',(25.042825835,117.604910303,-23.235385651));
#8726=CARTESIAN_POINT('',(25.042825835,117.55541464,-23.011504056));
#8727=CARTESIAN_POINT('',(25.042825835,117.505918977,-22.787622462));
#8728=CARTESIAN_POINT('',(25.042825835,117.447350457,-22.566067172));
#8729=CARTESIAN_POINT('',(25.042825835,117.3635081,-22.350992161));
#8730=CARTESIAN_POINT('',(25.042825835,117.279665743,-22.135917149));
#8731=CARTESIAN_POINT('',(25.042825835,117.172881623,-21.93392877));
#8732=CARTESIAN_POINT('',(25.042825835,117.020814835,-21.759506114));
#8733=CARTESIAN_POINT('',(25.042825835,116.944781441,-21.672294786));
#8734=CARTESIAN_POINT('',(25.042825835,116.859486952,-21.59359152));
#8735=CARTESIAN_POINT('',(25.042825835,116.769308983,-21.522953041));
#8736=CARTESIAN_POINT('',(25.042825835,116.679131014,-21.452314562));
#8737=CARTESIAN_POINT('',(25.042825835,116.583423818,-21.388954101));
#8738=CARTESIAN_POINT('',(25.042825835,116.484134454,-21.330308778));
#8739=CARTESIAN_POINT('',(25.042825835,116.285555726,-21.213018132));
#8740=CARTESIAN_POINT('',(25.042825835,116.075913939,-21.115528109));
#8741=CARTESIAN_POINT('',(25.042825835,115.86527326,-21.022138092));
#8742=CARTESIAN_POINT('',(25.042825835,115.654632581,-20.928748076));
#8743=CARTESIAN_POINT('',(25.042825835,115.442091314,-20.839479108));
#8744=CARTESIAN_POINT('',(25.042825835,115.231691563,-20.745566687));
#8745=CARTESIAN_POINT('',(25.042825835,115.021291812,-20.651654265));
#8746=CARTESIAN_POINT('',(25.042825835,114.813564945,-20.55326365));
#8747=CARTESIAN_POINT('',(25.042825835,114.611024109,-20.44670191));
#8748=CARTESIAN_POINT('',(25.042825835,114.205942437,-20.23357843));
#8749=CARTESIAN_POINT('',(25.042825835,113.818677096,-19.992030134));
#8750=CARTESIAN_POINT('',(25.042825835,113.4471427,-19.725384122));
#8751=CARTESIAN_POINT('',(25.042825835,113.075608303,-19.45873811));
#8752=CARTESIAN_POINT('',(25.042825835,112.717959684,-19.164562014));
#8753=CARTESIAN_POINT('',(25.042825835,112.386550531,-18.848972784));
#8754=CARTESIAN_POINT('',(25.042825835,112.055141379,-18.533383553));
#8755=CARTESIAN_POINT('',(25.042825835,111.748467378,-18.195856409));
#8756=CARTESIAN_POINT('',(25.042825835,111.472475877,-17.831116576));
#8757=CARTESIAN_POINT('',(25.042825835,111.334480127,-17.648746659));
#8758=CARTESIAN_POINT('',(25.042825835,111.204562634,-17.458820592));
#8759=CARTESIAN_POINT('',(25.042825835,111.082851902,-17.26245034));
#8760=CARTESIAN_POINT('',(25.042825835,110.961141169,-17.066080087));
#8761=CARTESIAN_POINT('',(25.042825835,110.847744252,-16.865142084));
#8762=CARTESIAN_POINT('',(25.042825835,110.738914593,-16.661694753));
#8763=CARTESIAN_POINT('',(25.042825835,110.630084934,-16.458247422));
#8764=CARTESIAN_POINT('',(25.042825835,110.52597069,-16.252209362));
#8765=CARTESIAN_POINT('',(25.042825835,110.422108525,-16.046032806));
#8766=CARTESIAN_POINT('',(25.042825835,110.318246361,-15.83985625));
#8767=CARTESIAN_POINT('',(25.042825835,110.215237407,-15.633210925));
#8768=CARTESIAN_POINT('',(25.042825835,110.10299173,-15.431640412));
#8769=CARTESIAN_POINT('',(25.042825835,110.046868891,-15.330855155));
#8770=CARTESIAN_POINT('',(25.042825835,109.98839665,-15.2313607));
#8771=CARTESIAN_POINT('',(25.042825835,109.925634398,-15.134223249));
#8772=CARTESIAN_POINT('',(25.042825835,109.862872146,-15.037085798));
#8773=CARTESIAN_POINT('',(25.042825835,109.795895229,-14.942321108));
#8774=CARTESIAN_POINT('',(25.042825835,109.722160664,-14.853897118));
#8775=CARTESIAN_POINT('',(25.042825835,109.648426099,-14.765473128));
#8776=CARTESIAN_POINT('',(25.042825835,109.566796991,-14.682031098));
#8777=CARTESIAN_POINT('',(25.042825835,109.473820595,-14.612805505));
#8778=CARTESIAN_POINT('',(25.042825835,109.427332397,-14.578192708));
#8779=CARTESIAN_POINT('',(25.042825835,109.378453077,-14.547542547));
#8780=CARTESIAN_POINT('',(25.042825835,109.32659528,-14.5218284));
#8781=CARTESIAN_POINT('',(25.042825835,109.274737483,-14.496114254));
#8782=CARTESIAN_POINT('',(25.042825835,109.219487231,-14.475408711));
#8783=CARTESIAN_POINT('',(25.042825835,109.163650294,-14.461018816));
#8784=CARTESIAN_POINT('',(25.042825835,109.051976421,-14.432239026));
#8785=CARTESIAN_POINT('',(25.042825835,108.933469511,-14.427967788));
#8786=CARTESIAN_POINT('',(25.042825835,108.819597381,-14.439800229));
#8787=CARTESIAN_POINT('',(25.042825835,108.70572525,-14.451632671));
#8788=CARTESIAN_POINT('',(25.042825835,108.59486464,-14.478111694));
#8789=CARTESIAN_POINT('',(25.042825835,108.485484986,-14.511793369));
#8790=CARTESIAN_POINT('',(25.042825835,108.376105332,-14.545475045));
#8791=CARTESIAN_POINT('',(25.042825835,108.268300397,-14.586998488));
#8792=CARTESIAN_POINT('',(25.042825835,108.161743491,-14.630490716));
#8793=CARTESIAN_POINT('',(25.042825835,108.055186585,-14.673982945));
#8794=CARTESIAN_POINT('',(25.042825835,107.949437066,-14.719445631));
#8795=CARTESIAN_POINT('',(25.042825835,107.843307302,-14.763980315));
#8796=CARTESIAN_POINT('',(25.042825835,107.631047775,-14.853049683));
#8797=CARTESIAN_POINT('',(25.042825835,107.417391598,-14.937896993));
#8798=CARTESIAN_POINT('',(25.042825835,107.20005061,-15.008778721));
#8799=CARTESIAN_POINT('',(25.042825835,106.982709622,-15.079660448));
#8800=CARTESIAN_POINT('',(25.042825835,106.761403336,-15.135951789));
#8801=CARTESIAN_POINT('',(25.042825835,106.536582819,-15.179312451));
#8802=CARTESIAN_POINT('',(25.042825835,106.311762302,-15.222673113));
#8803=CARTESIAN_POINT('',(25.042825835,106.082957731,-15.254531322));
#8804=CARTESIAN_POINT('',(25.042825835,105.854619496,-15.277977394));
#8805=CARTESIAN_POINT('',(25.042825835,105.626281261,-15.301423466));
#8806=CARTESIAN_POINT('',(25.042825835,105.398117643,-15.316492181));
#8807=CARTESIAN_POINT('',(25.042825835,105.170088834,-15.325093315));
#8808=CARTESIAN_POINT('',(25.042825835,104.714031217,-15.342295584));
#8809=CARTESIAN_POINT('',(25.042825835,104.258501615,-15.334166027));
#8810=CARTESIAN_POINT('',(25.042825835,103.803422825,-15.304408501));
#8811=CARTESIAN_POINT('',(25.042825835,103.575883429,-15.289529738));
#8812=CARTESIAN_POINT('',(25.042825835,103.348460058,-15.269084673));
#8813=CARTESIAN_POINT('',(25.042825835,103.121166045,-15.242433528));
#8814=CARTESIAN_POINT('',(25.042825835,102.893872032,-15.215782383));
#8815=CARTESIAN_POINT('',(25.042825835,102.66616416,-15.182880545));
#8816=CARTESIAN_POINT('',(25.042825835,102.440162191,-15.142124611));
#8817=CARTESIAN_POINT('',(25.042825835,101.988158252,-15.060612744));
#8818=CARTESIAN_POINT('',(25.042825835,101.542397397,-14.949252195));
#8819=CARTESIAN_POINT('',(25.042825835,101.10695444,-14.801181102));
#8820=CARTESIAN_POINT('',(25.042825835,100.998093701,-14.764163328));
#8821=CARTESIAN_POINT('',(25.042825835,100.890139948,-14.724443002));
#8822=CARTESIAN_POINT('',(25.042825835,100.78307619,-14.682390436));
#8823=CARTESIAN_POINT('',(25.042825835,100.729544311,-14.661364153));
#8824=CARTESIAN_POINT('',(25.042825835,100.676209744,-14.639814278));
#8825=CARTESIAN_POINT('',(25.042825835,100.622748462,-14.618600655));
#8826=CARTESIAN_POINT('',(25.042825835,100.569287181,-14.597387033));
#8827=CARTESIAN_POINT('',(25.042825835,100.515774562,-14.576309641));
#8828=CARTESIAN_POINT('',(25.042825835,100.461069198,-14.558397333));
#8829=CARTESIAN_POINT('',(25.042825835,100.406363835,-14.540485025));
#8830=CARTESIAN_POINT('',(25.042825835,100.350422991,-14.524837675));
#8831=CARTESIAN_POINT('',(25.042825835,100.292376753,-14.524935068));
#8832=CARTESIAN_POINT('',(25.042825835,100.263353635,-14.524983764));
#8833=CARTESIAN_POINT('',(25.042825835,100.23493223,-14.529497874));
#8834=CARTESIAN_POINT('',(25.042825835,100.207700103,-14.539846724));
#8835=CARTESIAN_POINT('',(25.042825835,100.180467976,-14.550195574));
#8836=CARTESIAN_POINT('',(25.042825835,100.156107311,-14.56561273));
#8837=CARTESIAN_POINT('',(25.042825835,100.133821728,-14.584210482));
#8838=CARTESIAN_POINT('',(25.042825835,100.08925056,-14.621405988));
#8839=CARTESIAN_POINT('',(25.042825835,100.054483826,-14.668114247));
#8840=CARTESIAN_POINT('',(25.042825835,100.02263559,-14.716196125));
#8841=CARTESIAN_POINT('',(25.042825835,99.990787353,-14.764278002));
#8842=CARTESIAN_POINT('',(25.042825835,99.962218672,-14.814454305));
#8843=CARTESIAN_POINT('',(25.042825835,99.934765542,-14.865245511));
#8844=CARTESIAN_POINT('',(25.042825835,99.879859281,-14.966827924));
#8845=CARTESIAN_POINT('',(25.042825835,99.829603829,-15.070805678));
#8846=CARTESIAN_POINT('',(25.042825835,99.779421916,-15.174793738));
#8847=CARTESIAN_POINT('',(25.042825835,99.729240002,-15.278781797));
#8848=CARTESIAN_POINT('',(25.042825835,99.679504876,-15.382990064));
#8849=CARTESIAN_POINT('',(25.042825835,99.628940932,-15.48678728));
#8850=CARTESIAN_POINT('',(25.042825835,99.527813045,-15.694381714));
#8851=CARTESIAN_POINT('',(25.042825835,99.423561062,-15.900763271));
#8852=CARTESIAN_POINT('',(25.042825835,99.309883868,-16.101448446));
#8853=CARTESIAN_POINT('',(25.042825835,99.196206675,-16.30213362));
#8854=CARTESIAN_POINT('',(25.042825835,99.072221591,-16.496159474));
#8855=CARTESIAN_POINT('',(25.042825835,98.93610667,-16.682348954));
#8856=CARTESIAN_POINT('',(25.042825835,98.799991749,-16.868538434));
#8857=CARTESIAN_POINT('',(25.042825835,98.652192329,-17.046258218));
#8858=CARTESIAN_POINT('',(25.042825835,98.495083108,-17.212025093));
#8859=CARTESIAN_POINT('',(25.042825835,98.337973887,-17.377791968));
#8860=CARTESIAN_POINT('',(25.042825835,98.170884189,-17.532570682));
#8861=CARTESIAN_POINT('',(25.042825835,97.993989133,-17.676554037));
#8862=CARTESIAN_POINT('',(25.042825835,97.817094078,-17.820537392));
#8863=CARTESIAN_POINT('',(25.042825835,97.62986324,-17.954055858));
#8864=CARTESIAN_POINT('',(25.042825835,97.434339043,-18.076496533));
#8865=CARTESIAN_POINT('',(25.042825835,97.043290647,-18.321377883));
#8866=CARTESIAN_POINT('',(25.042825835,96.630973016,-18.516553171));
#8867=CARTESIAN_POINT('',(25.042825835,96.202294236,-18.67349256));
#8868=CARTESIAN_POINT('',(25.042825835,95.773615455,-18.830431949));
#8869=CARTESIAN_POINT('',(25.042825835,95.324569537,-18.948904379));
#8870=CARTESIAN_POINT('',(25.042825835,94.873959329,-19.021912905));
#8871=CARTESIAN_POINT('',(25.042825835,94.42334912,-19.094921431));
#8872=CARTESIAN_POINT('',(25.042825835,93.968412856,-19.124720595));
#8873=CARTESIAN_POINT('',(25.042825835,93.507515371,-19.094978094));
#8874=CARTESIAN_POINT('',(25.042825835,93.277066628,-19.080106843));
#8875=CARTESIAN_POINT('',(25.042825835,93.049288662,-19.049645645));
#8876=CARTESIAN_POINT('',(25.042825835,92.826326292,-19.003643044));
#8877=CARTESIAN_POINT('',(25.042825835,92.603363923,-18.957640443));
#8878=CARTESIAN_POINT('',(25.042825835,92.384502617,-18.896177499));
#8879=CARTESIAN_POINT('',(25.042825835,92.169737336,-18.8192732));
#8880=CARTESIAN_POINT('',(25.042825835,92.062354695,-18.780821051));
#8881=CARTESIAN_POINT('',(25.042825835,91.955997404,-18.738503502));
#8882=CARTESIAN_POINT('',(25.042825835,91.85067333,-18.69229089));
#8883=CARTESIAN_POINT('',(25.042825835,91.745349256,-18.646078278));
#8884=CARTESIAN_POINT('',(25.042825835,91.640819293,-18.595813189));
#8885=CARTESIAN_POINT('',(25.042825835,91.538938008,-18.542501768));
#8886=CARTESIAN_POINT('',(25.042825835,91.335175438,-18.435878926));
#8887=CARTESIAN_POINT('',(25.042825835,91.140423076,-18.316506662));
#8888=CARTESIAN_POINT('',(25.042825835,90.95385762,-18.185549945));
#8889=CARTESIAN_POINT('',(25.042825835,90.767292164,-18.054593227));
#8890=CARTESIAN_POINT('',(25.042825835,90.58891884,-17.912044662));
#8891=CARTESIAN_POINT('',(25.042825835,90.418230504,-17.758621856));
#8892=CARTESIAN_POINT('',(25.042825835,90.247542169,-17.605199049));
#8893=CARTESIAN_POINT('',(25.042825835,90.084507789,-17.44059146));
#8894=CARTESIAN_POINT('',(25.042825835,89.932347222,-17.269849615));
#8895=CARTESIAN_POINT('',(25.042825835,89.628026088,-16.928365927));
#8896=CARTESIAN_POINT('',(25.042825835,89.362340169,-16.558886685));
#8897=CARTESIAN_POINT('',(25.042825835,89.129285697,-16.165762295));
#8898=CARTESIAN_POINT('',(25.042825835,89.012758461,-15.9692001));
#8899=CARTESIAN_POINT('',(25.042825835,88.904064366,-15.76575163));
#8900=CARTESIAN_POINT('',(25.042825835,88.804542499,-15.558967628));
#8901=CARTESIAN_POINT('',(25.042825835,88.705020631,-15.352183626));
#8902=CARTESIAN_POINT('',(25.042825835,88.614711634,-15.142395353));
#8903=CARTESIAN_POINT('',(25.042825835,88.533060225,-14.929783885));
#8904=CARTESIAN_POINT('',(25.042825835,88.369757408,-14.504560948));
#8905=CARTESIAN_POINT('',(25.042825835,88.240756291,-14.068152401));
#8906=CARTESIAN_POINT('',(25.042825835,88.146124964,-13.620536039));
#8907=CARTESIAN_POINT('',(25.042825835,88.098809301,-13.396727858));
#8908=CARTESIAN_POINT('',(25.042825835,88.060095127,-13.169217153));
#8909=CARTESIAN_POINT('',(25.042825835,88.030933022,-12.941799718));
#8910=CARTESIAN_POINT('',(25.042825835,88.001770917,-12.714382282));
#8911=CARTESIAN_POINT('',(25.042825835,87.982013012,-12.486725391));
#8912=CARTESIAN_POINT('',(25.042825835,87.971934819,-12.25882203));
#8913=CARTESIAN_POINT('',(25.042825835,87.961856626,-12.030918669));
#8914=CARTESIAN_POINT('',(25.042825835,87.961454613,-11.802768927));
#8915=CARTESIAN_POINT('',(25.042825835,87.971387906,-11.574356022));
#8916=CARTESIAN_POINT('',(25.042825835,87.9813212,-11.345943117));
#8917=CARTESIAN_POINT('',(25.042825835,88.001718805,-11.116366141));
#8918=CARTESIAN_POINT('',(25.042825835,88.033246737,-10.888690707));
#8919=CARTESIAN_POINT('',(25.042825835,88.0963026,-10.43333984));
#8920=CARTESIAN_POINT('',(25.042825835,88.202991206,-9.98963851));
#8921=CARTESIAN_POINT('',(25.042825835,88.357648955,-9.558744494));
#8922=CARTESIAN_POINT('',(25.042825835,88.434977829,-9.343297487));
#8923=CARTESIAN_POINT('',(25.042825835,88.524989227,-9.129919479));
#8924=CARTESIAN_POINT('',(25.042825835,88.626143328,-8.924127855));
#8925=CARTESIAN_POINT('',(25.042825835,88.72729743,-8.718336231));
#8926=CARTESIAN_POINT('',(25.042825835,88.839606291,-8.519632519));
#8927=CARTESIAN_POINT('',(25.042825835,88.963427239,-8.328243768));
#8928=CARTESIAN_POINT('',(25.042825835,89.087248187,-8.136855018));
#8929=CARTESIAN_POINT('',(25.042825835,89.222577745,-7.952779021));
#8930=CARTESIAN_POINT('',(25.042825835,89.370202353,-7.776515493));
#8931=CARTESIAN_POINT('',(25.042825835,89.517826961,-7.600251966));
#8932=CARTESIAN_POINT('',(25.042825835,89.677207427,-7.432827491));
#8933=CARTESIAN_POINT('',(25.042825835,89.844481993,-7.278212334));
#8934=CARTESIAN_POINT('',(25.042825835,90.179031127,-6.968982019));
#8935=CARTESIAN_POINT('',(25.042825835,90.548937737,-6.705784696));
#8936=CARTESIAN_POINT('',(25.042825835,90.954329657,-6.488786796));
#8937=CARTESIAN_POINT('',(25.042825835,91.157025618,-6.380287846));
#8938=CARTESIAN_POINT('',(25.042825835,91.367128063,-6.284427145));
#8939=CARTESIAN_POINT('',(25.042825835,91.579920009,-6.202198953));
#8940=CARTESIAN_POINT('',(25.042825835,91.792711954,-6.119970761));
#8941=CARTESIAN_POINT('',(25.042825835,92.009455434,-6.050679426));
#8942=CARTESIAN_POINT('',(25.042825835,92.22984456,-5.993323509));
#8943=CARTESIAN_POINT('',(25.042825835,92.670622813,-5.878611675));
#8944=CARTESIAN_POINT('',(25.042825835,93.12951255,-5.810611788));
#8945=CARTESIAN_POINT('',(25.042825835,93.585327609,-5.783115858));
#8946=CARTESIAN_POINT('',(25.042825835,94.041142668,-5.755619928));
#8947=CARTESIAN_POINT('',(25.042825835,94.496644713,-5.767648625));
#8948=CARTESIAN_POINT('',(25.042825835,94.951833721,-5.819204732));
#8949=CARTESIAN_POINT('',(25.042825835,95.179428225,-5.844982786));
#8950=CARTESIAN_POINT('',(25.042825835,95.407621047,-5.881031371));
#8951=CARTESIAN_POINT('',(25.042825835,95.631549633,-5.927128589));
#8952=CARTESIAN_POINT('',(25.042825835,95.855478219,-5.973225808));
#8953=CARTESIAN_POINT('',(25.042825835,96.076062107,-6.029411454));
#8954=CARTESIAN_POINT('',(25.042825835,96.293051715,-6.096438332));
#8955=CARTESIAN_POINT('',(25.042825835,96.510041322,-6.16346521));
#8956=CARTESIAN_POINT('',(25.042825835,96.723441545,-6.241318549));
#8957=CARTESIAN_POINT('',(25.042825835,96.932756542,-6.331493928));
#8958=CARTESIAN_POINT('',(25.042825835,97.14207154,-6.421669306));
#8959=CARTESIAN_POINT('',(25.042825835,97.348347897,-6.525126137));
#8960=CARTESIAN_POINT('',(25.042825835,97.547281365,-6.641131585));
#8961=CARTESIAN_POINT('',(25.042825835,98.343015236,-7.105153377));
#8962=CARTESIAN_POINT('',(25.042825835,98.998079553,-7.737521005));
#8963=CARTESIAN_POINT('',(25.042825835,99.640115419,-8.385480389));
#8964=CARTESIAN_POINT('',(25.042825835,99.800624386,-8.547470235));
#8965=CARTESIAN_POINT('',(25.042825835,99.960387245,-8.710346996));
#8966=CARTESIAN_POINT('',(25.042825835,100.122607644,-8.870309104));
#8967=CARTESIAN_POINT('',(25.042825835,100.284828042,-9.030271212));
#8968=CARTESIAN_POINT('',(25.042825835,100.449316936,-9.187544047));
#8969=CARTESIAN_POINT('',(25.042825835,100.62194374,-9.335169494));
#8970=CARTESIAN_POINT('',(25.042825835,100.794570545,-9.482794941));
#8971=CARTESIAN_POINT('',(25.042825835,100.976379937,-9.619534549));
#8972=CARTESIAN_POINT('',(25.042825835,101.170002085,-9.742270287));
#8973=CARTESIAN_POINT('',(25.042825835,101.266813159,-9.803638156));
#8974=CARTESIAN_POINT('',(25.042825835,101.366968717,-9.861718907));
#8975=CARTESIAN_POINT('',(25.042825835,101.468352357,-9.915275757));
#8976=CARTESIAN_POINT('',(25.042825835,101.569735997,-9.968832608));
#8977=CARTESIAN_POINT('',(25.042825835,101.672643565,-10.018092645));
#8978=CARTESIAN_POINT('',(25.042825835,101.776890406,-10.063576515));
#8979=CARTESIAN_POINT('',(25.042825835,101.985384088,-10.154544256));
#8980=CARTESIAN_POINT('',(25.042825835,102.199315295,-10.230180548));
#8981=CARTESIAN_POINT('',(25.042825835,102.415929458,-10.298252071));
#8982=CARTESIAN_POINT('',(25.042825835,102.632543621,-10.366323594));
#8983=CARTESIAN_POINT('',(25.042825835,102.851350146,-10.428213614));
#8984=CARTESIAN_POINT('',(25.042825835,103.07047664,-10.489201458));
#8985=CARTESIAN_POINT('',(25.042825835,103.289603134,-10.550189303));
#8986=CARTESIAN_POINT('',(25.042825835,103.510824155,-10.607725447));
#8987=CARTESIAN_POINT('',(25.042825835,103.733047353,-10.65364986));
#8988=CARTESIAN_POINT('',(25.042825835,103.955270551,-10.699574272));
#8989=CARTESIAN_POINT('',(25.042825835,104.178546573,-10.733983018));
#8990=CARTESIAN_POINT('',(25.042825835,104.403390401,-10.751243282));
#8991=CARTESIAN_POINT('',(25.042825835,104.628234229,-10.768503547));
#8992=CARTESIAN_POINT('',(25.042825835,104.854642314,-10.768654157));
#8993=CARTESIAN_POINT('',(25.042825835,105.083013338,-10.747334376));
#8994=CARTESIAN_POINT('',(25.042825835,105.311384361,-10.726014594));
#8995=CARTESIAN_POINT('',(25.042825835,105.535300232,-10.682744201));
#8996=CARTESIAN_POINT('',(25.042825835,105.752971306,-10.622504897));
#8997=CARTESIAN_POINT('',(25.042825835,105.97064238,-10.562265594));
#8998=CARTESIAN_POINT('',(25.042825835,106.183454354,-10.486115918));
#8999=CARTESIAN_POINT('',(25.042825835,106.393343668,-10.400396447));
#9000=CARTESIAN_POINT('',(25.042825835,106.603232983,-10.314676976));
#9001=CARTESIAN_POINT('',(25.042825835,106.810509551,-10.219158397));
#9002=CARTESIAN_POINT('',(25.042825835,107.014579151,-10.118873256));
#9003=CARTESIAN_POINT('',(25.042825835,107.42271835,-9.918302974));
#9004=CARTESIAN_POINT('',(25.042825835,107.820251443,-9.698797331));
#9005=CARTESIAN_POINT('',(25.042825835,108.215707228,-9.475583014));
#9006=CARTESIAN_POINT('',(25.042825835,108.611163013,-9.252368697));
#9007=CARTESIAN_POINT('',(25.042825835,109.004199832,-9.024835738));
#9008=CARTESIAN_POINT('',(25.042825835,109.398287316,-8.799178557));
#9009=B_SPLINE_CURVE_WITH_KNOTS('',3,(#8600,#8601,#8602,#8603,#8604,#8605,#8606,#8607,#8608,#8609,#8610,#8611,#8612,#8613,#8614,#8615,#8616,#8617,#8618,#8619,#8620,#8621,#8622,#8623,#8624,#8625,
#8626,#8627,#8628,#8629,#8630,#8631,#8632,#8633,#8634,#8635,#8636,#8637,#8638,#8639,#8640,#8641,#8642,#8643,#8644,#8645,#8646,#8647,#8648,#8649,#8650,
#8651,#8652,#8653,#8654,#8655,#8656,#8657,#8658,#8659,#8660,#8661,#8662,#8663,#8664,#8665,#8666,#8667,#8668,#8669,#8670,#8671,#8672,#8673,#8674,#8675,
#8676,#8677,#8678,#8679,#8680,#8681,#8682,#8683,#8684,#8685,#8686,#8687,#8688,#8689,#8690,#8691,#8692,#8693,#8694,#8695,#8696,#8697,#8698,#8699,#8700,
#8701,#8702,#8703,#8704,#8705,#8706,#8707,#8708,#8709,#8710,#8711,#8712,#8713,#8714,#8715,#8716,#8717,#8718,#8719,#8720,#8721,#8722,#8723,#8724,#8725,
#8726,#8727,#8728,#8729,#8730,#8731,#8732,#8733,#8734,#8735,#8736,#8737,#8738,#8739,#8740,#8741,#8742,#8743,#8744,#8745,#8746,#8747,#8748,#8749,#8750,
#8751,#8752,#8753,#8754,#8755,#8756,#8757,#8758,#8759,#8760,#8761,#8762,#8763,#8764,#8765,#8766,#8767,#8768,#8769,#8770,#8771,#8772,#8773,#8774,#8775,
#8776,#8777,#8778,#8779,#8780,#8781,#8782,#8783,#8784,#8785,#8786,#8787,#8788,#8789,#8790,#8791,#8792,#8793,#8794,#8795,#8796,#8797,#8798,#8799,#8800,
#8801,#8802,#8803,#8804,#8805,#8806,#8807,#8808,#8809,#8810,#8811,#8812,#8813,#8814,#8815,#8816,#8817,#8818,#8819,#8820,#8821,#8822,#8823,#8824,#8825,
#8826,#8827,#8828,#8829,#8830,#8831,#8832,#8833,#8834,#8835,#8836,#8837,#8838,#8839,#8840,#8841,#8842,#8843,#8844,#8845,#8846,#8847,#8848,#8849,#8850,
#8851,#8852,#8853,#8854,#8855,#8856,#8857,#8858,#8859,#8860,#8861,#8862,#8863,#8864,#8865,#8866,#8867,#8868,#8869,#8870,#8871,#8872,#8873,#8874,#8875,
#8876,#8877,#8878,#8879,#8880,#8881,#8882,#8883,#8884,#8885,#8886,#8887,#8888,#8889,#8890,#8891,#8892,#8893,#8894,#8895,#8896,#8897,#8898,#8899,#8900,
#8901,#8902,#8903,#8904,#8905,#8906,#8907,#8908,#8909,#8910,#8911,#8912,#8913,#8914,#8915,#8916,#8917,#8918,#8919,#8920,#8921,#8922,#8923,#8924,#8925,
#8926,#8927,#8928,#8929,#8930,#8931,#8932,#8933,#8934,#8935,#8936,#8937,#8938,#8939,#8940,#8941,#8942,#8943,#8944,#8945,#8946,#8947,#8948,#8949,#8950,
#8951,#8952,#8953,#8954,#8955,#8956,#8957,#8958,#8959,#8960,#8961,#8962,#8963,#8964,#8965,#8966,#8967,#8968,#8969,#8970,#8971,#8972,#8973,#8974,#8975,
#8976,#8977,#8978,#8979,#8980,#8981,#8982,#8983,#8984,#8985,#8986,#8987,#8988,#8989,#8990,#8991,#8992,#8993,#8994,#8995,#8996,#8997,#8998,#8999,#9000,
#9001,#9002,#9003,#9004,#9005,#9006,#9007,#9008),.UNSPECIFIED.,.F.,.F.,(4,3,3,3,3,3,3,3,3,3,3,3,3,3,3,3,3,3,3,3,3,3,3,3,3,3,
3,3,3,3,3,3,3,3,3,3,3,3,3,3,3,3,3,3,3,3,3,3,3,3,3,
3,3,3,3,3,3,3,3,3,3,3,3,3,3,3,3,3,3,3,3,3,3,3,3,3,
3,3,3,3,3,3,3,3,3,3,3,3,3,3,3,3,3,3,3,3,3,3,3,3,3,
3,3,3,3,3,3,3,3,3,3,3,3,3,3,3,3,3,3,3,3,3,3,3,3,3,
3,3,3,3,3,3,3,3,3,3,4),(0.028308823,0.028351397,0.028393971,0.028479119,0.028564266,0.028649414,0.028990005,0.029671187,0.031033551,0.032395914,0.033077096,0.033758278,0.03443946,0.035120642,0.035801824,0.036483006,0.037164188,0.037504778,0.037845369,0.038526551,0.039207733,0.040570097,0.041251279,0.041932461,0.042613643,0.043294824,
0.043976006,0.044657188,0.044997779,0.04533837,0.045678961,0.046019552,0.046360143,0.046530438,0.046700734,0.046871029,0.047041325,0.04721162,0.047381916,0.047552211,0.047722507,0.048063097,0.048744279,0.049425461,0.050106643,0.050447234,0.050787825,0.051469007,0.052150189,0.052831371,0.054193734,
0.055556098,0.056918462,0.057599644,0.058280826,0.058962007,0.059643189,0.05998378,0.060324371,0.060664962,0.060835258,0.061005553,0.061346144,0.061686735,0.062027326,0.062367917,0.063049099,0.063730281,0.064411462,0.065092644,0.066455008,0.06713619,0.067817372,0.069179736,0.069520326,0.069690622,
0.069860917,0.070031213,0.070116361,0.070201508,0.070371804,0.070542099,0.07088269,0.071223281,0.071904463,0.072585645,0.073266827,0.073948009,0.074629191,0.075991554,0.077353918,0.078716282,0.079397464,0.080078645,0.080419236,0.080759827,0.081441009,0.082122191,0.082803373,0.084165737,0.084846919,
0.0855281,0.086890464,0.087571646,0.088252828,0.08893401,0.089615192,0.090977555,0.091658737,0.092339919,0.093021101,0.093702283,0.095064647,0.095745829,0.09642701,0.097789374,0.099151738,0.09983292,0.100514102,0.101195284,0.101876465,0.104601193,0.105282375,0.105963557,0.106644738,0.106985329,
0.10732592,0.108007102,0.108688284,0.109369466,0.110050648,0.11073183,0.111413012,0.112094193,0.112775375,0.114137739,0.115500103),.UNSPECIFIED.);
#9010=EDGE_CURVE('',#8597,#8599,#9009,.T.);
#9011=ORIENTED_EDGE('',*,*,#9010,.F.);
#9012=CARTESIAN_POINT('',(33.042825835,116.563617132,-8.733510587));
#9013=VERTEX_POINT('',#9012);
#9014=CARTESIAN_POINT('',(33.042825835,116.563617132,-8.733510587));
#9015=DIRECTION('',(-1.,0.,0.));
#9016=VECTOR('',#9015,8.);
#9017=LINE('',#9014,#9016);
#9018=EDGE_CURVE('',#9013,#8597,#9017,.T.);
#9019=ORIENTED_EDGE('',*,*,#9018,.F.);
#9020=CARTESIAN_POINT('',(33.042825835,109.398287316,-8.799178557));
#9021=VERTEX_POINT('',#9020);
#9022=CARTESIAN_POINT('',(33.042825835,116.563617132,-8.733510587));
#9023=CARTESIAN_POINT('',(33.042825835,116.974411486,-8.801763958));
#9024=CARTESIAN_POINT('',(33.042825835,113.951787067,-12.037312434));
#9025=CARTESIAN_POINT('',(33.042825835,113.837848965,-14.840728043));
#9026=CARTESIAN_POINT('',(33.042825835,113.819131657,-16.657866259));
#9027=CARTESIAN_POINT('',(33.042825835,114.819345708,-18.34990329));
#9028=CARTESIAN_POINT('',(33.042825835,117.110955783,-20.251453827));
#9029=CARTESIAN_POINT('',(33.042825835,118.660964051,-21.179737816));
#9030=CARTESIAN_POINT('',(33.042825835,119.197522613,-24.116211304));
#9031=CARTESIAN_POINT('',(33.042825835,117.567386791,-25.161702949));
#9032=CARTESIAN_POINT('',(33.042825835,117.710654053,-21.485203396));
#9033=CARTESIAN_POINT('',(33.042825835,114.648349058,-20.75766749));
#9034=CARTESIAN_POINT('',(33.042825835,111.423141695,-18.296208145));
#9035=CARTESIAN_POINT('',(33.042825835,109.802104313,-14.597495985));
#9036=CARTESIAN_POINT('',(33.042825835,108.990581019,-14.155720138));
#9037=CARTESIAN_POINT('',(33.042825835,106.556674913,-15.441047277));
#9038=CARTESIAN_POINT('',(33.042825835,102.909928586,-15.365153976));
#9039=CARTESIAN_POINT('',(33.042825835,100.276567293,-14.562728664));
#9040=CARTESIAN_POINT('',(33.042825835,100.170672358,-14.275051266));
#9041=CARTESIAN_POINT('',(33.042825835,99.025796693,-16.848262793));
#9042=CARTESIAN_POINT('',(33.042825835,97.093698785,-18.621157803));
#9043=CARTESIAN_POINT('',(33.042825835,92.457306773,-19.664295323));
#9044=CARTESIAN_POINT('',(33.042825835,88.539522756,-16.533622841));
#9045=CARTESIAN_POINT('',(33.042825835,87.272018498,-10.025369367));
#9046=CARTESIAN_POINT('',(33.042825835,90.852098763,-5.377909998));
#9047=CARTESIAN_POINT('',(33.042825835,97.70631051,-5.850799042));
#9048=CARTESIAN_POINT('',(33.042825835,100.621459567,-9.763997602));
#9049=CARTESIAN_POINT('',(33.042825835,102.796033391,-10.424332586));
#9050=CARTESIAN_POINT('',(33.042825835,105.435164609,-11.136234017));
#9051=CARTESIAN_POINT('',(33.042825835,107.712439134,-9.764506728));
#9052=CARTESIAN_POINT('',(33.042825835,109.398287316,-8.799178557));
#9053=B_SPLINE_CURVE_WITH_KNOTS('',3,(#9022,#9023,#9024,#9025,#9026,#9027,#9028,#9029,#9030,#9031,#9032,#9033,#9034,#9035,#9036,#9037,#9038,#9039,#9040,#9041,#9042,#9043,#9044,#9045,#9046,#9047,
#9048,#9049,#9050,#9051,#9052),.UNSPECIFIED.,.F.,.F.,(4,1,1,1,1,1,1,1,1,1,1,1,1,1,1,1,1,1,1,1,1,1,1,1,1,1,
1,1,4),(0.,0.018407518,0.046523097,0.065434917,0.100840335,0.130303994,0.173330623,0.207642567,0.242387171,0.283340808,0.316515534,0.357501827,0.378716119,0.418578978,0.437227546,0.474248064,0.492620015,0.526742603,0.542493241,0.578363406,0.617732547,0.678117862,0.738930791,0.804775115,0.849603266,0.891210858,
0.926108779,0.9610067,1.),.UNSPECIFIED.);
#9054=EDGE_CURVE('',#9013,#9021,#9053,.T.);
#9055=ORIENTED_EDGE('',*,*,#9054,.T.);
#9056=CARTESIAN_POINT('',(33.042825835,109.398287316,-8.799178557));
#9057=DIRECTION('',(-1.,0.,0.));
#9058=VECTOR('',#9057,8.);
#9059=LINE('',#9056,#9058);
#9060=EDGE_CURVE('',#9021,#8599,#9059,.T.);
#9061=ORIENTED_EDGE('',*,*,#9060,.T.);
#9062=EDGE_LOOP('',(#9011,#9019,#9055,#9061));
#9063=FACE_BOUND('',#9062,.T.);
#9064=ADVANCED_FACE('',(#9063),#8595,.T.);
#9065=CARTESIAN_POINT('',(33.042825835,109.398287316,-8.799178557));
#9066=CARTESIAN_POINT('',(29.042825835,109.398287316,-8.799178557));
#9067=CARTESIAN_POINT('',(25.042825835,109.398287316,-8.799178557));
#9068=CARTESIAN_POINT('',(33.042825835,110.369650035,-8.733510587));
#9069=CARTESIAN_POINT('',(29.042825835,110.369650035,-8.733510587));
#9070=CARTESIAN_POINT('',(25.042825835,110.369650035,-8.733510587));
#9071=CARTESIAN_POINT('',(33.042825835,116.563617132,-8.733510587));
#9072=CARTESIAN_POINT('',(29.042825835,116.563617132,-8.733510587));
#9073=CARTESIAN_POINT('',(25.042825835,116.563617132,-8.733510587));
#9074=B_SPLINE_SURFACE_WITH_KNOTS('',2,1,((#9065,#9066,#9067),(#9068,#9069,#9070),(#9071,#9072,#9073)),.UNSPECIFIED.,.F.,.F.,.U.,(3,3),(2,1,2),(0.,1.),(0.,1.,2.),.UNSPECIFIED.);
#9075=CARTESIAN_POINT('',(25.042825835,109.398287316,-8.799178557));
#9076=CARTESIAN_POINT('',(25.042825835,109.547386245,-8.789098878));
#9077=CARTESIAN_POINT('',(25.042825835,109.696599434,-8.784293173));
#9078=CARTESIAN_POINT('',(25.042825835,109.84581841,-8.779754591));
#9079=CARTESIAN_POINT('',(25.042825835,109.995037386,-8.775216009));
#9080=CARTESIAN_POINT('',(25.042825835,110.144279252,-8.771734029));
#9081=CARTESIAN_POINT('',(25.042825835,110.293530986,-8.768707505));
#9082=CARTESIAN_POINT('',(25.042825835,110.592034454,-8.762654458));
#9083=CARTESIAN_POINT('',(25.042825835,110.890578128,-8.758457253));
#9084=CARTESIAN_POINT('',(25.042825835,111.189137072,-8.754964892));
#9085=CARTESIAN_POINT('',(25.042825835,111.786254961,-8.747980169));
#9086=CARTESIAN_POINT('',(25.042825835,112.383428278,-8.743957963));
#9087=CARTESIAN_POINT('',(25.042825835,112.980592254,-8.740975507));
#9088=CARTESIAN_POINT('',(25.042825835,114.174920207,-8.735010596));
#9089=CARTESIAN_POINT('',(25.042825835,115.369270738,-8.733510587));
#9090=CARTESIAN_POINT('',(25.042825835,116.563617132,-8.733510587));
#9091=B_SPLINE_CURVE_WITH_KNOTS('',3,(#9075,#9076,#9077,#9078,#9079,#9080,#9081,#9082,#9083,#9084,#9085,#9086,#9087,#9088,#9089,#9090),.UNSPECIFIED.,.F.,.F.,(4,3,3,3,3,4),(0.,0.000447847,0.000895694,0.001791387,0.003582775,0.007165549),.UNSPECIFIED.);
#9092=EDGE_CURVE('',#8599,#8597,#9091,.T.);
#9093=ORIENTED_EDGE('',*,*,#9092,.F.);
#9094=ORIENTED_EDGE('',*,*,#9060,.F.);
#9095=CARTESIAN_POINT('',(33.042825835,109.398287316,-8.799178557));
#9096=CARTESIAN_POINT('',(33.042825835,110.369650035,-8.733510587));
#9097=CARTESIAN_POINT('',(33.042825835,116.563617132,-8.733510587));
#9098=B_SPLINE_CURVE_WITH_KNOTS('',2,(#9095,#9096,#9097),.UNSPECIFIED.,.F.,.F.,(3,3),(0.,1.),.UNSPECIFIED.);
#9099=EDGE_CURVE('',#9021,#9013,#9098,.T.);
#9100=ORIENTED_EDGE('',*,*,#9099,.T.);
#9101=ORIENTED_EDGE('',*,*,#9018,.T.);
#9102=EDGE_LOOP('',(#9093,#9094,#9100,#9101));
#9103=FACE_BOUND('',#9102,.T.);
#9104=ADVANCED_FACE('',(#9103),#9074,.T.);
#9105=CARTESIAN_POINT('',(33.042825835,12.,42.263742746));
#9106=DIRECTION('',(1.,-0.,-0.));
#9107=DIRECTION('',(-0.,0.,-1.));
#9108=AXIS2_PLACEMENT_3D('',#9105,#9106,#9107);
#9109=PLANE('',#9108);
#9110=ORIENTED_EDGE('',*,*,#9054,.F.);
#9111=ORIENTED_EDGE('',*,*,#9099,.F.);
#9112=EDGE_LOOP('',(#9110,#9111));
#9113=FACE_BOUND('',#9112,.T.);
#9114=ADVANCED_FACE('',(#9113),#9109,.T.);
#9115=CARTESIAN_POINT('',(25.042825835,12.,42.263742746));
#9116=DIRECTION('',(1.,-0.,-0.));
#9117=DIRECTION('',(-0.,0.,-1.));
#9118=AXIS2_PLACEMENT_3D('',#9115,#9116,#9117);
#9119=PLANE('',#9118);
#9120=ORIENTED_EDGE('',*,*,#9010,.T.);
#9121=ORIENTED_EDGE('',*,*,#9092,.T.);
#9122=EDGE_LOOP('',(#9120,#9121));
#9123=FACE_BOUND('',#9122,.T.);
#9124=ADVANCED_FACE('',(#9123),#9119,.F.);
#9125=CLOSED_SHELL('',(#9064,#9104,#9114,#9124));
#9126=MANIFOLD_SOLID_BREP('Hammer',#9125);
#8501=STYLED_ITEM('',(#347),#9126);
#7856=SHAPE_REPRESENTATION('Hammer',(#15),#7854);
#7857=ADVANCED_BREP_SHAPE_REPRESENTATION('Hammer',(#8500,#9126),#7854);
#9134=SHAPE_REPRESENTATION_RELATIONSHIP('','',#7856,#7857);
#9135=CARTESIAN_POINT('',(0.,0.,0.));
#9136=DIRECTION('',(0.,0.,1.));
#9137=DIRECTION('',(1.,0.,0.));
#9138=AXIS2_PLACEMENT_3D('',#9135,#9136,#9137);
#9140=MAPPED_ITEM('',#9139,#9138);
#9139=REPRESENTATION_MAP(#9138,#7856);
#7864=PRODUCT('Hammer','Hammer','',(#671));
#9141=PRODUCT_RELATED_PRODUCT_CATEGORY('part','',(#7864));
#9142=PRODUCT_DEFINITION_FORMATION_WITH_SPECIFIED_SOURCE('','',#7864,.NOT_KNOWN.);
#7865=PRODUCT_DEFINITION('design','',#9142,#672);
#7863=PRODUCT_DEFINITION_SHAPE('','',#7865);
#9143=SHAPE_DEFINITION_REPRESENTATION(#7863,#7856);
#7855=DRAUGHTING_MODEL('',(#9140),#7854);
#9144=(NAMED_UNIT(*)PLANE_ANGLE_UNIT()SI_UNIT($,.RADIAN.));
#9145=PLANE_ANGLE_MEASURE_WITH_UNIT(PLANE_ANGLE_MEASURE(0.0174532925),#9144);
#9146=(CONVERSION_BASED_UNIT('DEGREE',#9145)NAMED_UNIT(#9147)PLANE_ANGLE_UNIT());
#9147=DIMENSIONAL_EXPONENTS(0.,0.,0.,0.,0.,0.,0.);
#9148=(NAMED_UNIT(*)SI_UNIT($,.STERADIAN.)SOLID_ANGLE_UNIT());
#9149=(LENGTH_UNIT()NAMED_UNIT(*)SI_UNIT(.MILLI.,.METRE.));
#9150=UNCERTAINTY_MEASURE_WITH_UNIT(LENGTH_MEASURE(1.000000E-05),#9149,'DISTANCE_ACCURACY_VALUE','Maximum Tolerance applied to model');
#9151=(GEOMETRIC_REPRESENTATION_CONTEXT(3)GLOBAL_UNCERTAINTY_ASSIGNED_CONTEXT((#9150))GLOBAL_UNIT_ASSIGNED_CONTEXT((#9149,#9146,#9148))REPRESENTATION_CONTEXT('','Cylinder'));
#9163=CARTESIAN_POINT('',(0.,0.,0.));
#9164=DIRECTION('',(0.,0.,1.));
#9165=DIRECTION('',(1.,0.,-0.));
#9166=AXIS2_PLACEMENT_3D('',#9163,#9164,#9165);
#9167=ITEM_DEFINED_TRANSFORMATION('','',#9166,#15);
#9168=(REPRESENTATION_RELATIONSHIP('','',#9153,#16)REPRESENTATION_RELATIONSHIP_WITH_TRANSFORMATION(#9167)SHAPE_REPRESENTATION_RELATIONSHIP());
#9169=NEXT_ASSEMBLY_USAGE_OCCURRENCE('Cylinder_4','Cylinder','Cylinder',#25,#9162,$);
#9170=PRODUCT_DEFINITION_SHAPE('','',#9169);
#9171=CONTEXT_DEPENDENT_SHAPE_REPRESENTATION(#9168,#9170);
#9173=CARTESIAN_POINT('',(-22.997686938,82.,0.));
#9174=DIRECTION('',(1.,0.,0.));
#9175=DIRECTION('',(0.,0.,-1.));
#9176=AXIS2_PLACEMENT_3D('',#9173,#9174,#9175);
#9177=CYLINDRICAL_SURFACE('',#9176,19.);
#9178=CARTESIAN_POINT('',(12.002313062,100.578947368,3.977777606));
#9179=VERTEX_POINT('',#9178);
#9180=CARTESIAN_POINT('',(23.002313062,100.578947368,3.977777606));
#9181=VERTEX_POINT('',#9180);
#9182=CARTESIAN_POINT('',(12.002313062,100.578947368,3.977777606));
#9183=DIRECTION('',(1.,0.,0.));
#9184=VECTOR('',#9183,11.);
#9185=LINE('',#9182,#9184);
#9186=EDGE_CURVE('',#9179,#9181,#9185,.T.);
#9187=ORIENTED_EDGE('',*,*,#9186,.F.);
#9188=CARTESIAN_POINT('',(8.002313062,101.,0.));
#9189=VERTEX_POINT('',#9188);
#9190=CARTESIAN_POINT('',(12.002313062,100.578947368,3.977777606));
#9191=CARTESIAN_POINT('',(11.738003669,100.578947368,3.977777606));
#9192=CARTESIAN_POINT('',(11.478145095,100.5844585,3.952279234));
#9193=CARTESIAN_POINT('',(11.222549794,100.594948178,3.902294488));
#9194=CARTESIAN_POINT('',(11.094752143,100.600193016,3.877302115));
#9195=CARTESIAN_POINT('',(10.968028167,100.606683239,3.84614127));
#9196=CARTESIAN_POINT('',(10.842401177,100.614352515,3.808658614));
#9197=CARTESIAN_POINT('',(10.716774187,100.622021792,3.771175958));
#9198=CARTESIAN_POINT('',(10.591937076,100.630908246,3.727170189));
#9199=CARTESIAN_POINT('',(10.470912139,100.640662863,3.677728652));
#9200=CARTESIAN_POINT('',(10.228862266,100.660172097,3.578845576));
#9201=CARTESIAN_POINT('',(9.99928432,100.683287478,3.457737693));
#9202=CARTESIAN_POINT('',(9.782029073,100.708675289,3.314433424));
#9203=CARTESIAN_POINT('',(9.564773825,100.734063101,3.171129154));
#9204=CARTESIAN_POINT('',(9.359150926,100.76190348,3.004179649));
#9205=CARTESIAN_POINT('',(9.174831758,100.789332909,2.821518891));
#9206=CARTESIAN_POINT('',(8.99051259,100.816762337,2.638858133));
#9207=CARTESIAN_POINT('',(8.825015358,100.844048208,2.439201006));
#9208=CARTESIAN_POINT('',(8.678766407,100.869630589,2.221945419));
#9209=CARTESIAN_POINT('',(8.605641931,100.882421779,2.113317625));
#9210=CARTESIAN_POINT('',(8.537566062,100.894754284,2.000395939));
#9211=CARTESIAN_POINT('',(8.475849376,100.906209109,1.885538952));
#9212=CARTESIAN_POINT('',(8.414132691,100.917663934,1.770681966));
#9213=CARTESIAN_POINT('',(8.358350979,100.928314895,1.653289443));
#9214=CARTESIAN_POINT('',(8.308415132,100.938023208,1.533387412));
#9215=CARTESIAN_POINT('',(8.258479284,100.947731522,1.413485382));
#9216=CARTESIAN_POINT('',(8.214389141,100.95649767,1.291073949));
#9217=CARTESIAN_POINT('',(8.176229857,100.964181913,1.1661065));
#9218=CARTESIAN_POINT('',(8.138070573,100.971866156,1.041139051));
#9219=CARTESIAN_POINT('',(8.105731871,100.978491525,0.912995399));
#9220=CARTESIAN_POINT('',(8.079905332,100.983823221,0.783872379));
#9221=CARTESIAN_POINT('',(8.028252253,100.994486613,0.525626339));
#9222=CARTESIAN_POINT('',(8.002313062,101.,0.264346903));
#9223=CARTESIAN_POINT('',(8.002313062,101.,0.));
#9224=B_SPLINE_CURVE_WITH_KNOTS('',3,(#9190,#9191,#9192,#9193,#9194,#9195,#9196,#9197,#9198,#9199,#9200,#9201,#9202,#9203,#9204,#9205,#9206,#9207,#9208,#9209,#9210,#9211,#9212,#9213,#9214,#9215,
#9216,#9217,#9218,#9219,#9220,#9221,#9222,#9223),.UNSPECIFIED.,.F.,.F.,(4,3,3,3,3,3,3,3,3,3,3,4),(0.,0.000781633,0.001172449,0.001563266,0.002344898,0.003126531,0.003908164,0.004298981,0.004689797,0.005080613,0.00547143,0.006253063),.UNSPECIFIED.);
#9225=EDGE_CURVE('',#9179,#9189,#9224,.T.);
#9226=ORIENTED_EDGE('',*,*,#9225,.T.);
#9227=CARTESIAN_POINT('',(-7.997686938,101.,0.));
#9228=VERTEX_POINT('',#9227);
#9229=CARTESIAN_POINT('',(-7.997686938,101.,0.));
#9230=DIRECTION('',(1.,0.,0.));
#9231=VECTOR('',#9230,16.);
#9232=LINE('',#9229,#9231);
#9233=EDGE_CURVE('',#9228,#9189,#9232,.T.);
#9234=ORIENTED_EDGE('',*,*,#9233,.F.);
#9235=CARTESIAN_POINT('',(-11.997686938,100.578947368,3.977777606));
#9236=VERTEX_POINT('',#9235);
#9237=CARTESIAN_POINT('',(-7.997686938,101.,-0.));
#9238=CARTESIAN_POINT('',(-7.997686938,101.,0.26432666));
#9239=CARTESIAN_POINT('',(-8.023618927,100.994490409,0.524120462));
#9240=CARTESIAN_POINT('',(-8.074422552,100.984000091,0.779577168));
#9241=CARTESIAN_POINT('',(-8.099824364,100.978754931,0.907305521));
#9242=CARTESIAN_POINT('',(-8.131492352,100.972263417,1.033941475));
#9243=CARTESIAN_POINT('',(-8.169580948,100.964589354,1.159461349));
#9244=CARTESIAN_POINT('',(-8.207669544,100.956915292,1.284981223));
#9245=CARTESIAN_POINT('',(-8.252334025,100.948030401,1.409538913));
#9246=CARTESIAN_POINT('',(-8.302466289,100.938280412,1.530207518));
#9247=CARTESIAN_POINT('',(-8.402730815,100.918780433,1.771544728));
#9248=CARTESIAN_POINT('',(-8.525445604,100.895668569,2.000286378));
#9249=CARTESIAN_POINT('',(-8.6705469,100.870259496,2.216597972));
#9250=CARTESIAN_POINT('',(-8.743097548,100.857554959,2.324753769));
#9251=CARTESIAN_POINT('',(-8.82172799,100.844204283,2.430296852));
#9252=CARTESIAN_POINT('',(-8.90510955,100.830632497,2.531260506));
#9253=CARTESIAN_POINT('',(-8.98849111,100.817060711,2.63222416));
#9254=CARTESIAN_POINT('',(-9.076272571,100.803320673,2.728308325));
#9255=CARTESIAN_POINT('',(-9.16834024,100.789610598,2.819669052));
#9256=CARTESIAN_POINT('',(-9.352475577,100.762190449,3.002390506));
#9257=CARTESIAN_POINT('',(-9.553632268,100.734882593,3.166353246));
#9258=CARTESIAN_POINT('',(-9.77241234,100.709259133,3.311136166));
#9259=CARTESIAN_POINT('',(-9.991192412,100.683635672,3.455919087));
#9260=CARTESIAN_POINT('',(-10.222663852,100.660339436,3.577960839));
#9261=CARTESIAN_POINT('',(-10.463097825,100.640920098,3.676424606));
#9262=CARTESIAN_POINT('',(-10.583314812,100.631210429,3.72565649));
#9263=CARTESIAN_POINT('',(-10.706050139,100.62243749,3.769124004));
#9264=CARTESIAN_POINT('',(-10.831353836,100.614745603,3.806736942));
#9265=CARTESIAN_POINT('',(-10.956657533,100.607053715,3.84434988));
#9266=CARTESIAN_POINT('',(-11.085134931,100.600423702,3.876197825));
#9267=CARTESIAN_POINT('',(-11.214171698,100.59510253,3.901558907));
#9268=CARTESIAN_POINT('',(-11.472245233,100.584460185,3.952281072));
#9269=CARTESIAN_POINT('',(-11.733403231,100.578947368,3.977777606));
#9270=CARTESIAN_POINT('',(-11.997686938,100.578947368,3.977777606));
#9271=B_SPLINE_CURVE_WITH_KNOTS('',3,(#9237,#9238,#9239,#9240,#9241,#9242,#9243,#9244,#9245,#9246,#9247,#9248,#9249,#9250,#9251,#9252,#9253,#9254,#9255,#9256,#9257,#9258,#9259,#9260,#9261,#9262,
#9263,#9264,#9265,#9266,#9267,#9268,#9269,#9270),.UNSPECIFIED.,.F.,.F.,(4,3,3,3,3,3,3,3,3,3,3,4),(0.,0.000781636,0.001172454,0.001563272,0.002344909,0.002735727,0.003126545,0.003908181,0.004689817,0.005080636,0.005471454,0.00625309),.UNSPECIFIED.);
#9272=EDGE_CURVE('',#9228,#9236,#9271,.T.);
#9273=ORIENTED_EDGE('',*,*,#9272,.T.);
#9274=CARTESIAN_POINT('',(-22.997686938,100.578947368,3.977777606));
#9275=VERTEX_POINT('',#9274);
#9276=CARTESIAN_POINT('',(-11.997686938,100.578947368,3.977777606));
#9277=DIRECTION('',(-1.,0.,-0.));
#9278=VECTOR('',#9277,11.);
#9279=LINE('',#9276,#9278);
#9280=EDGE_CURVE('',#9236,#9275,#9279,.T.);
#9281=ORIENTED_EDGE('',*,*,#9280,.T.);
#9282=CARTESIAN_POINT('',(-22.997686938,94.734330141,14.100951594));
#9283=VERTEX_POINT('',#9282);
#9284=CARTESIAN_POINT('',(-22.997686938,82.,0.));
#9285=DIRECTION('',(1.,0.,0.));
#9286=DIRECTION('',(0.,0.,-1.));
#9287=AXIS2_PLACEMENT_3D('',#9284,#9285,#9286);
#9288=CIRCLE('',#9287,19.);
#9289=EDGE_CURVE('',#9275,#9283,#9288,.T.);
#9290=ORIENTED_EDGE('',*,*,#9289,.T.);
#9291=CARTESIAN_POINT('',(-11.997686938,94.734330141,14.100951594));
#9292=VERTEX_POINT('',#9291);
#9293=CARTESIAN_POINT('',(-11.997686938,94.734330141,14.100951594));
#9294=DIRECTION('',(-1.,0.,-0.));
#9295=VECTOR('',#9294,11.);
#9296=LINE('',#9293,#9295);
#9297=EDGE_CURVE('',#9292,#9283,#9296,.T.);
#9298=ORIENTED_EDGE('',*,*,#9297,.F.);
#9299=CARTESIAN_POINT('',(-7.997686938,91.5,16.454482672));
#9300=VERTEX_POINT('',#9299);
#9301=CARTESIAN_POINT('',(-11.997686938,94.734330141,14.100951594));
#9302=CARTESIAN_POINT('',(-11.733377544,94.734330141,14.100951594));
#9303=CARTESIAN_POINT('',(-11.47351897,94.71500347,14.11847356));
#9304=CARTESIAN_POINT('',(-11.217923669,94.676960249,14.15255026));
#9305=CARTESIAN_POINT('',(-11.090126018,94.657938638,14.16958861));
#9306=CARTESIAN_POINT('',(-10.963402042,94.634197665,14.19078973));
#9307=CARTESIAN_POINT('',(-10.837775052,94.605571371,14.216172846));
#9308=CARTESIAN_POINT('',(-10.712148062,94.576945077,14.241555963));
#9309=CARTESIAN_POINT('',(-10.587310951,94.543278191,14.271254742));
#9310=CARTESIAN_POINT('',(-10.466286014,94.505337872,14.304423257));
#9311=CARTESIAN_POINT('',(-10.224236141,94.429457234,14.370760287));
#9312=CARTESIAN_POINT('',(-9.994658195,94.336132421,14.451332735));
#9313=CARTESIAN_POINT('',(-9.777402948,94.224721189,14.54497136));
#9314=CARTESIAN_POINT('',(-9.560147701,94.113309957,14.638609985));
#9315=CARTESIAN_POINT('',(-9.354524801,93.982647633,14.746195212));
#9316=CARTESIAN_POINT('',(-9.170205633,93.838173491,14.861280174));
#9317=CARTESIAN_POINT('',(-8.985886465,93.693699349,14.976365135));
#9318=CARTESIAN_POINT('',(-8.820389233,93.53443414,15.099823955));
#9319=CARTESIAN_POINT('',(-8.674140282,93.359076473,15.230606741));
#9320=CARTESIAN_POINT('',(-8.601015806,93.271397639,15.295998133));
#9321=CARTESIAN_POINT('',(-8.532939937,93.179770843,15.363139238));
#9322=CARTESIAN_POINT('',(-8.471223252,93.086029187,15.430487901));
#9323=CARTESIAN_POINT('',(-8.409506567,92.992287531,15.497836564));
#9324=CARTESIAN_POINT('',(-8.353724855,92.895948105,15.565756829));
#9325=CARTESIAN_POINT('',(-8.303789007,92.796964057,15.63411549));
#9326=CARTESIAN_POINT('',(-8.253853159,92.697980009,15.702474151));
#9327=CARTESIAN_POINT('',(-8.209763016,92.596351673,15.771271575));
#9328=CARTESIAN_POINT('',(-8.171603732,92.491968809,15.840410049));
#9329=CARTESIAN_POINT('',(-8.133444448,92.387585945,15.909548522));
#9330=CARTESIAN_POINT('',(-8.101105728,92.279922972,15.979358082));
#9331=CARTESIAN_POINT('',(-8.075279207,92.170765004,16.048536981));
#9332=CARTESIAN_POINT('',(-8.023626166,91.95244907,16.186894778));
#9333=CARTESIAN_POINT('',(-7.997686938,91.728931133,16.32230922));
#9334=CARTESIAN_POINT('',(-7.997686938,91.5,16.454482672));
#9335=B_SPLINE_CURVE_WITH_KNOTS('',3,(#9301,#9302,#9303,#9304,#9305,#9306,#9307,#9308,#9309,#9310,#9311,#9312,#9313,#9314,#9315,#9316,#9317,#9318,#9319,#9320,#9321,#9322,#9323,#9324,#9325,#9326,
#9327,#9328,#9329,#9330,#9331,#9332,#9333,#9334),.UNSPECIFIED.,.F.,.F.,(4,3,3,3,3,3,3,3,3,3,3,4),(0.,0.000781633,0.001172449,0.001563266,0.002344898,0.003126531,0.003908164,0.004298981,0.004689797,0.005080613,0.00547143,0.006253063),.UNSPECIFIED.);
#9336=EDGE_CURVE('',#9292,#9300,#9335,.T.);
#9337=ORIENTED_EDGE('',*,*,#9336,.T.);
#9338=CARTESIAN_POINT('',(-11.997686938,87.844617227,18.0787292));
#9339=VERTEX_POINT('',#9338);
#9340=CARTESIAN_POINT('',(-7.997686938,91.5,16.454482672));
#9341=CARTESIAN_POINT('',(-7.997686938,91.271086398,16.586646002));
#9342=CARTESIAN_POINT('',(-8.023618958,91.043343575,16.711771455));
#9343=CARTESIAN_POINT('',(-8.074422552,90.816866414,16.830414928));
#9344=CARTESIAN_POINT('',(-8.099824349,90.703627833,16.889736664));
#9345=CARTESIAN_POINT('',(-8.131492384,90.590712134,16.947432829));
#9346=CARTESIAN_POINT('',(-8.169580948,90.478171694,17.003546828));
#9347=CARTESIAN_POINT('',(-8.207669512,90.365631255,17.059660826));
#9348=CARTESIAN_POINT('',(-8.252334025,90.253318694,17.114245135));
#9349=CARTESIAN_POINT('',(-8.302466289,90.143941622,17.1661357));
#9350=CARTESIAN_POINT('',(-8.402730815,89.925187478,17.269916828));
#9351=CARTESIAN_POINT('',(-8.525445604,89.715535467,17.364272192));
#9352=CARTESIAN_POINT('',(-8.6705469,89.515499594,17.450423085));
#9353=CARTESIAN_POINT('',(-8.743097548,89.415481658,17.493498532));
#9354=CARTESIAN_POINT('',(-8.82172799,89.317403329,17.534708049));
#9355=CARTESIAN_POINT('',(-8.90510955,89.223180347,17.573436365));
#9356=CARTESIAN_POINT('',(-8.98849111,89.128957364,17.612164681));
#9357=CARTESIAN_POINT('',(-9.076272571,89.038876017,17.648307541));
#9358=CARTESIAN_POINT('',(-9.16834024,88.95290027,17.682114631));
#9359=CARTESIAN_POINT('',(-9.352475577,88.780948775,17.749728813));
#9360=CARTESIAN_POINT('',(-9.553632268,88.625298948,17.808060885));
#9361=CARTESIAN_POINT('',(-9.77241234,88.487101531,17.858261778));
#9362=CARTESIAN_POINT('',(-9.991192412,88.348904113,17.908462671));
#9363=CARTESIAN_POINT('',(-10.222663852,88.231564738,17.949308415));
#9364=CARTESIAN_POINT('',(-10.463097825,88.136582945,17.981722658));
#9365=CARTESIAN_POINT('',(-10.583314812,88.089092049,17.99792978));
#9366=CARTESIAN_POINT('',(-10.706050139,88.047061608,18.012065949));
#9367=CARTESIAN_POINT('',(-10.831353836,88.010641904,18.024211048));
#9368=CARTESIAN_POINT('',(-10.956657533,87.9742222,18.036356147));
#9369=CARTESIAN_POINT('',(-11.085134931,87.943326064,18.04653836));
#9370=CARTESIAN_POINT('',(-11.214171698,87.918702137,18.05461063));
#9371=CARTESIAN_POINT('',(-11.472245233,87.869454281,18.070755172));
#9372=CARTESIAN_POINT('',(-11.733403231,87.844617227,18.0787292));
#9373=CARTESIAN_POINT('',(-11.997686938,87.844617227,18.0787292));
#9374=B_SPLINE_CURVE_WITH_KNOTS('',3,(#9340,#9341,#9342,#9343,#9344,#9345,#9346,#9347,#9348,#9349,#9350,#9351,#9352,#9353,#9354,#9355,#9356,#9357,#9358,#9359,#9360,#9361,#9362,#9363,#9364,#9365,
#9366,#9367,#9368,#9369,#9370,#9371,#9372,#9373),.UNSPECIFIED.,.F.,.F.,(4,3,3,3,3,3,3,3,3,3,3,4),(0.,0.000781636,0.001172454,0.001563272,0.002344909,0.002735727,0.003126545,0.003908181,0.004689817,0.005080636,0.005471454,0.00625309),.UNSPECIFIED.);
#9375=EDGE_CURVE('',#9300,#9339,#9374,.T.);
#9376=ORIENTED_EDGE('',*,*,#9375,.T.);
#9377=CARTESIAN_POINT('',(-22.997686938,87.844617227,18.0787292));
#9378=VERTEX_POINT('',#9377);
#9379=CARTESIAN_POINT('',(-11.997686938,87.844617227,18.0787292));
#9380=DIRECTION('',(-1.,0.,-0.));
#9381=VECTOR('',#9380,11.);
#9382=LINE('',#9379,#9381);
#9383=EDGE_CURVE('',#9339,#9378,#9382,.T.);
#9384=ORIENTED_EDGE('',*,*,#9383,.T.);
#9385=CARTESIAN_POINT('',(-22.997686938,76.155382773,18.0787292));
#9386=VERTEX_POINT('',#9385);
#9387=CARTESIAN_POINT('',(-22.997686938,82.,0.));
#9388=DIRECTION('',(1.,0.,0.));
#9389=DIRECTION('',(0.,0.,-1.));
#9390=AXIS2_PLACEMENT_3D('',#9387,#9388,#9389);
#9391=CIRCLE('',#9390,19.);
#9392=EDGE_CURVE('',#9378,#9386,#9391,.T.);
#9393=ORIENTED_EDGE('',*,*,#9392,.T.);
#9394=CARTESIAN_POINT('',(-11.997686938,76.155382773,18.0787292));
#9395=VERTEX_POINT('',#9394);
#9396=CARTESIAN_POINT('',(-11.997686938,76.155382773,18.0787292));
#9397=DIRECTION('',(-1.,0.,-0.));
#9398=VECTOR('',#9397,11.);
#9399=LINE('',#9396,#9398);
#9400=EDGE_CURVE('',#9395,#9386,#9399,.T.);
#9401=ORIENTED_EDGE('',*,*,#9400,.F.);
#9402=CARTESIAN_POINT('',(-7.997686938,72.5,16.454482672));
#9403=VERTEX_POINT('',#9402);
#9404=CARTESIAN_POINT('',(-11.997686938,76.155382773,18.0787292));
#9405=CARTESIAN_POINT('',(-11.733377544,76.155382773,18.0787292));
#9406=CARTESIAN_POINT('',(-11.47351897,76.130544969,18.070752794));
#9407=CARTESIAN_POINT('',(-11.217923669,76.082012071,18.054844748));
#9408=CARTESIAN_POINT('',(-11.090126018,76.057745622,18.046890725));
#9409=CARTESIAN_POINT('',(-10.963402042,76.027514427,18.036931));
#9410=CARTESIAN_POINT('',(-10.837775052,75.991218856,18.02483146));
#9411=CARTESIAN_POINT('',(-10.712148062,75.954923286,18.01273192));
#9412=CARTESIAN_POINT('',(-10.587310951,75.912369945,17.998424931));
#9413=CARTESIAN_POINT('',(-10.466286014,75.864675009,17.982151908));
#9414=CARTESIAN_POINT('',(-10.224236141,75.769285137,17.949605863));
#9415=CARTESIAN_POINT('',(-9.994658195,75.652844943,17.909070428));
#9416=CARTESIAN_POINT('',(-9.777402948,75.516045899,17.859404783));
#9417=CARTESIAN_POINT('',(-9.560147701,75.379246856,17.809739139));
#9418=CARTESIAN_POINT('',(-9.354524801,75.220744154,17.750374861));
#9419=CARTESIAN_POINT('',(-9.170205633,75.048840582,17.682799064));
#9420=CARTESIAN_POINT('',(-8.985886465,74.876937011,17.615223268));
#9421=CARTESIAN_POINT('',(-8.820389233,74.690385932,17.539024961));
#9422=CARTESIAN_POINT('',(-8.674140282,74.489445884,17.452552159));
#9423=CARTESIAN_POINT('',(-8.601015806,74.38897586,17.409315758));
#9424=CARTESIAN_POINT('',(-8.532939937,74.285016559,17.363535177));
#9425=CARTESIAN_POINT('',(-8.471223252,74.179820078,17.316026853));
#9426=CARTESIAN_POINT('',(-8.409506567,74.074623597,17.26851853));
#9427=CARTESIAN_POINT('',(-8.353724855,73.96763321,17.219046272));
#9428=CARTESIAN_POINT('',(-8.303789007,73.858940849,17.167502902));
#9429=CARTESIAN_POINT('',(-8.253853159,73.750248488,17.115959533));
#9430=CARTESIAN_POINT('',(-8.209763016,73.639854002,17.062345524));
#9431=CARTESIAN_POINT('',(-8.171603732,73.527786896,17.006516549));
#9432=CARTESIAN_POINT('',(-8.133444448,73.41571979,16.950687574));
#9433=CARTESIAN_POINT('',(-8.101105731,73.30143145,16.892353483));
#9434=CARTESIAN_POINT('',(-8.075279207,73.186941783,16.83240936));
#9435=CARTESIAN_POINT('',(-8.023626159,72.957962449,16.712521114));
#9436=CARTESIAN_POINT('',(-7.997686938,72.728931133,16.586656123));
#9437=CARTESIAN_POINT('',(-7.997686938,72.5,16.454482672));
#9438=B_SPLINE_CURVE_WITH_KNOTS('',3,(#9404,#9405,#9406,#9407,#9408,#9409,#9410,#9411,#9412,#9413,#9414,#9415,#9416,#9417,#9418,#9419,#9420,#9421,#9422,#9423,#9424,#9425,#9426,#9427,#9428,#9429,
#9430,#9431,#9432,#9433,#9434,#9435,#9436,#9437),.UNSPECIFIED.,.F.,.F.,(4,3,3,3,3,3,3,3,3,3,3,4),(0.,0.000781633,0.001172449,0.001563266,0.002344898,0.003126531,0.003908164,0.004298981,0.004689797,0.005080613,0.00547143,0.006253063),.UNSPECIFIED.);
#9439=EDGE_CURVE('',#9395,#9403,#9438,.T.);
#9440=ORIENTED_EDGE('',*,*,#9439,.T.);
#9441=CARTESIAN_POINT('',(-11.997686938,69.265669859,14.100951594));
#9442=VERTEX_POINT('',#9441);
#9443=CARTESIAN_POINT('',(-7.997686938,72.5,16.454482672));
#9444=CARTESIAN_POINT('',(-7.997686938,72.271086398,16.322319342));
#9445=CARTESIAN_POINT('',(-8.023618957,72.048853165,16.187650999));
#9446=CARTESIAN_POINT('',(-8.074422552,71.832866323,16.05083776));
#9447=CARTESIAN_POINT('',(-8.099824349,71.724872902,15.982431141));
#9448=CARTESIAN_POINT('',(-8.131492389,71.618448709,15.91349136));
#9449=CARTESIAN_POINT('',(-8.169580948,71.51358234,15.844085479));
#9450=CARTESIAN_POINT('',(-8.207669507,71.408715971,15.774679598));
#9451=CARTESIAN_POINT('',(-8.252334025,71.305288293,15.704706222));
#9452=CARTESIAN_POINT('',(-8.302466289,71.20566121,15.635928181));
#9453=CARTESIAN_POINT('',(-8.402730815,71.006407045,15.4983721));
#9454=CARTESIAN_POINT('',(-8.525445604,70.819866897,15.363985814));
#9455=CARTESIAN_POINT('',(-8.6705469,70.645240098,15.233825113));
#9456=CARTESIAN_POINT('',(-8.743097548,70.557926699,15.168744763));
#9457=CARTESIAN_POINT('',(-8.82172799,70.473199046,15.104411198));
#9458=CARTESIAN_POINT('',(-8.90510955,70.392547849,15.042175859));
#9459=CARTESIAN_POINT('',(-8.98849111,70.311896653,14.97994052));
#9460=CARTESIAN_POINT('',(-9.076272571,70.235555344,14.919999215));
#9461=CARTESIAN_POINT('',(-9.16834024,70.163289671,14.862445579));
#9462=CARTESIAN_POINT('',(-9.352475577,70.018758325,14.747338307));
#9463=CARTESIAN_POINT('',(-9.553632268,69.890416355,14.64170764));
#9464=CARTESIAN_POINT('',(-9.77241234,69.777842398,14.547125612));
#9465=CARTESIAN_POINT('',(-9.991192412,69.665268441,14.452543584));
#9466=CARTESIAN_POINT('',(-10.222663852,69.571225302,14.371347576));
#9467=CARTESIAN_POINT('',(-10.463097825,69.495662847,14.305298052));
#9468=CARTESIAN_POINT('',(-10.583314812,69.457881619,14.27227329));
#9469=CARTESIAN_POINT('',(-10.706050139,69.424624118,14.242941945));
#9470=CARTESIAN_POINT('',(-10.831353836,69.395896301,14.217474106));
#9471=CARTESIAN_POINT('',(-10.956657533,69.367168485,14.192006267));
#9472=CARTESIAN_POINT('',(-11.085134931,69.342902362,14.170340535));
#9473=CARTESIAN_POINT('',(-11.214171698,69.323599607,14.153051723));
#9474=CARTESIAN_POINT('',(-11.472245233,69.284994097,14.1184741));
#9475=CARTESIAN_POINT('',(-11.733403231,69.265669859,14.100951594));
#9476=CARTESIAN_POINT('',(-11.997686938,69.265669859,14.100951594));
#9477=B_SPLINE_CURVE_WITH_KNOTS('',3,(#9443,#9444,#9445,#9446,#9447,#9448,#9449,#9450,#9451,#9452,#9453,#9454,#9455,#9456,#9457,#9458,#9459,#9460,#9461,#9462,#9463,#9464,#9465,#9466,#9467,#9468,
#9469,#9470,#9471,#9472,#9473,#9474,#9475,#9476),.UNSPECIFIED.,.F.,.F.,(4,3,3,3,3,3,3,3,3,3,3,4),(0.,0.000781636,0.001172454,0.001563272,0.002344909,0.002735727,0.003126545,0.003908181,0.004689817,0.005080636,0.005471454,0.00625309),.UNSPECIFIED.);
#9478=EDGE_CURVE('',#9403,#9442,#9477,.T.);
#9479=ORIENTED_EDGE('',*,*,#9478,.T.);
#9480=CARTESIAN_POINT('',(-22.997686938,69.265669859,14.100951594));
#9481=VERTEX_POINT('',#9480);
#9482=CARTESIAN_POINT('',(-11.997686938,69.265669859,14.100951594));
#9483=DIRECTION('',(-1.,0.,-0.));
#9484=VECTOR('',#9483,11.);
#9485=LINE('',#9482,#9484);
#9486=EDGE_CURVE('',#9442,#9481,#9485,.T.);
#9487=ORIENTED_EDGE('',*,*,#9486,.T.);
#9488=CARTESIAN_POINT('',(-22.997686938,63.421052632,3.977777606));
#9489=VERTEX_POINT('',#9488);
#9490=CARTESIAN_POINT('',(-22.997686938,82.,0.));
#9491=DIRECTION('',(1.,0.,0.));
#9492=DIRECTION('',(0.,0.,-1.));
#9493=AXIS2_PLACEMENT_3D('',#9490,#9491,#9492);
#9494=CIRCLE('',#9493,19.);
#9495=EDGE_CURVE('',#9481,#9489,#9494,.T.);
#9496=ORIENTED_EDGE('',*,*,#9495,.T.);
#9497=CARTESIAN_POINT('',(-11.997686938,63.421052632,3.977777606));
#9498=VERTEX_POINT('',#9497);
#9499=CARTESIAN_POINT('',(-11.997686938,63.421052632,3.977777606));
#9500=DIRECTION('',(-1.,0.,-0.));
#9501=VECTOR('',#9500,11.);
#9502=LINE('',#9499,#9501);
#9503=EDGE_CURVE('',#9498,#9489,#9502,.T.);
#9504=ORIENTED_EDGE('',*,*,#9503,.F.);
#9505=CARTESIAN_POINT('',(-7.997686938,63.,0.));
#9506=VERTEX_POINT('',#9505);
#9507=CARTESIAN_POINT('',(-11.997686938,63.421052632,3.977777606));
#9508=CARTESIAN_POINT('',(-11.733377544,63.421052632,3.977777606));
#9509=CARTESIAN_POINT('',(-11.47351897,63.4155415,3.952279234));
#9510=CARTESIAN_POINT('',(-11.217923669,63.405051822,3.902294488));
#9511=CARTESIAN_POINT('',(-11.090126018,63.399806984,3.877302115));
#9512=CARTESIAN_POINT('',(-10.963402042,63.393316761,3.84614127));
#9513=CARTESIAN_POINT('',(-10.837775052,63.385647485,3.808658614));
#9514=CARTESIAN_POINT('',(-10.712148062,63.377978208,3.771175958));
#9515=CARTESIAN_POINT('',(-10.587310951,63.369091754,3.727170189));
#9516=CARTESIAN_POINT('',(-10.466286014,63.359337137,3.677728652));
#9517=CARTESIAN_POINT('',(-10.224236141,63.339827903,3.578845576));
#9518=CARTESIAN_POINT('',(-9.994658195,63.316712522,3.457737693));
#9519=CARTESIAN_POINT('',(-9.777402948,63.291324711,3.314433424));
#9520=CARTESIAN_POINT('',(-9.560147701,63.265936899,3.171129154));
#9521=CARTESIAN_POINT('',(-9.354524801,63.23809652,3.004179649));
#9522=CARTESIAN_POINT('',(-9.170205633,63.210667091,2.821518891));
#9523=CARTESIAN_POINT('',(-8.985886465,63.183237663,2.638858133));
#9524=CARTESIAN_POINT('',(-8.820389233,63.155951792,2.439201006));
#9525=CARTESIAN_POINT('',(-8.674140282,63.130369411,2.221945419));
#9526=CARTESIAN_POINT('',(-8.601015806,63.117578221,2.113317625));
#9527=CARTESIAN_POINT('',(-8.532939937,63.105245716,2.000395939));
#9528=CARTESIAN_POINT('',(-8.471223252,63.093790891,1.885538952));
#9529=CARTESIAN_POINT('',(-8.409506567,63.082336066,1.770681966));
#9530=CARTESIAN_POINT('',(-8.353724855,63.071685105,1.653289443));
#9531=CARTESIAN_POINT('',(-8.303789007,63.061976792,1.533387412));
#9532=CARTESIAN_POINT('',(-8.253853159,63.052268478,1.413485382));
#9533=CARTESIAN_POINT('',(-8.209763016,63.04350233,1.291073949));
#9534=CARTESIAN_POINT('',(-8.171603732,63.035818087,1.1661065));
#9535=CARTESIAN_POINT('',(-8.133444448,63.028133844,1.041139051));
#9536=CARTESIAN_POINT('',(-8.101105747,63.021508475,0.912995399));
#9537=CARTESIAN_POINT('',(-8.075279207,63.016176779,0.783872379));
#9538=CARTESIAN_POINT('',(-8.023626128,63.005513387,0.525626339));
#9539=CARTESIAN_POINT('',(-7.997686938,63.,0.264346903));
#9540=CARTESIAN_POINT('',(-7.997686938,63.,0.));
#9541=B_SPLINE_CURVE_WITH_KNOTS('',3,(#9507,#9508,#9509,#9510,#9511,#9512,#9513,#9514,#9515,#9516,#9517,#9518,#9519,#9520,#9521,#9522,#9523,#9524,#9525,#9526,#9527,#9528,#9529,#9530,#9531,#9532,
#9533,#9534,#9535,#9536,#9537,#9538,#9539,#9540),.UNSPECIFIED.,.F.,.F.,(4,3,3,3,3,3,3,3,3,3,3,4),(0.,0.000781633,0.001172449,0.001563266,0.002344898,0.003126531,0.003908164,0.004298981,0.004689797,0.005080613,0.00547143,0.006253063),.UNSPECIFIED.);
#9542=EDGE_CURVE('',#9498,#9506,#9541,.T.);
#9543=ORIENTED_EDGE('',*,*,#9542,.T.);
#9544=CARTESIAN_POINT('',(8.002313062,63.,0.));
#9545=VERTEX_POINT('',#9544);
#9546=CARTESIAN_POINT('',(8.002313062,63.,0.));
#9547=DIRECTION('',(-1.,-0.,-0.));
#9548=VECTOR('',#9547,16.);
#9549=LINE('',#9546,#9548);
#9550=EDGE_CURVE('',#9545,#9506,#9549,.T.);
#9551=ORIENTED_EDGE('',*,*,#9550,.F.);
#9552=CARTESIAN_POINT('',(12.002313062,63.421052632,3.977777606));
#9553=VERTEX_POINT('',#9552);
#9554=CARTESIAN_POINT('',(8.002313062,63.,0.));
#9555=CARTESIAN_POINT('',(8.002313062,63.,0.26432666));
#9556=CARTESIAN_POINT('',(8.028245052,63.005509591,0.524120462));
#9557=CARTESIAN_POINT('',(8.079048676,63.015999909,0.779577168));
#9558=CARTESIAN_POINT('',(8.104450489,63.021245069,0.907305521));
#9559=CARTESIAN_POINT('',(8.136118477,63.027736583,1.033941475));
#9560=CARTESIAN_POINT('',(8.174207073,63.035410646,1.159461349));
#9561=CARTESIAN_POINT('',(8.212295669,63.043084708,1.284981223));
#9562=CARTESIAN_POINT('',(8.25696015,63.051969599,1.409538913));
#9563=CARTESIAN_POINT('',(8.307092414,63.061719588,1.530207518));
#9564=CARTESIAN_POINT('',(8.40735694,63.081219567,1.771544728));
#9565=CARTESIAN_POINT('',(8.530071728,63.104331431,2.000286378));
#9566=CARTESIAN_POINT('',(8.675173025,63.129740504,2.216597972));
#9567=CARTESIAN_POINT('',(8.747723673,63.142445041,2.324753769));
#9568=CARTESIAN_POINT('',(8.826354115,63.155795717,2.430296852));
#9569=CARTESIAN_POINT('',(8.909735675,63.169367503,2.531260506));
#9570=CARTESIAN_POINT('',(8.993117234,63.182939289,2.63222416));
#9571=CARTESIAN_POINT('',(9.080898696,63.196679327,2.728308325));
#9572=CARTESIAN_POINT('',(9.172966364,63.210389402,2.819669052));
#9573=CARTESIAN_POINT('',(9.357101702,63.237809551,3.002390506));
#9574=CARTESIAN_POINT('',(9.558258392,63.265117407,3.166353246));
#9575=CARTESIAN_POINT('',(9.777038465,63.290740867,3.311136166));
#9576=CARTESIAN_POINT('',(9.995818537,63.316364328,3.455919087));
#9577=CARTESIAN_POINT('',(10.227289976,63.339660564,3.577960839));
#9578=CARTESIAN_POINT('',(10.46772395,63.359079902,3.676424606));
#9579=CARTESIAN_POINT('',(10.587940937,63.368789571,3.72565649));
#9580=CARTESIAN_POINT('',(10.710676264,63.37756251,3.769124004));
#9581=CARTESIAN_POINT('',(10.835979961,63.385254397,3.806736942));
#9582=CARTESIAN_POINT('',(10.961283658,63.392946285,3.84434988));
#9583=CARTESIAN_POINT('',(11.089761056,63.399576298,3.876197825));
#9584=CARTESIAN_POINT('',(11.218797823,63.40489747,3.901558907));
#9585=CARTESIAN_POINT('',(11.476871357,63.415539815,3.952281072));
#9586=CARTESIAN_POINT('',(11.738029356,63.421052632,3.977777606));
#9587=CARTESIAN_POINT('',(12.002313062,63.421052632,3.977777606));
#9588=B_SPLINE_CURVE_WITH_KNOTS('',3,(#9554,#9555,#9556,#9557,#9558,#9559,#9560,#9561,#9562,#9563,#9564,#9565,#9566,#9567,#9568,#9569,#9570,#9571,#9572,#9573,#9574,#9575,#9576,#9577,#9578,#9579,
#9580,#9581,#9582,#9583,#9584,#9585,#9586,#9587),.UNSPECIFIED.,.F.,.F.,(4,3,3,3,3,3,3,3,3,3,3,4),(0.,0.000781636,0.001172454,0.001563272,0.002344909,0.002735727,0.003126545,0.003908181,0.004689817,0.005080636,0.005471454,0.00625309),.UNSPECIFIED.);
#9589=EDGE_CURVE('',#9545,#9553,#9588,.T.);
#9590=ORIENTED_EDGE('',*,*,#9589,.T.);
#9591=CARTESIAN_POINT('',(23.002313062,63.421052632,3.977777606));
#9592=VERTEX_POINT('',#9591);
#9593=CARTESIAN_POINT('',(23.002313062,63.421052632,3.977777606));
#9594=DIRECTION('',(-1.,-0.,-0.));
#9595=VECTOR('',#9594,11.);
#9596=LINE('',#9593,#9595);
#9597=EDGE_CURVE('',#9592,#9553,#9596,.T.);
#9598=ORIENTED_EDGE('',*,*,#9597,.F.);
#9599=CARTESIAN_POINT('',(23.002313062,69.265669859,14.100951594));
#9600=VERTEX_POINT('',#9599);
#9601=CARTESIAN_POINT('',(23.002313062,82.,0.));
#9602=DIRECTION('',(1.,0.,0.));
#9603=DIRECTION('',(0.,0.,-1.));
#9604=AXIS2_PLACEMENT_3D('',#9601,#9602,#9603);
#9605=CIRCLE('',#9604,19.);
#9606=EDGE_CURVE('',#9600,#9592,#9605,.T.);
#9607=ORIENTED_EDGE('',*,*,#9606,.F.);
#9608=CARTESIAN_POINT('',(12.002313062,69.265669859,14.100951594));
#9609=VERTEX_POINT('',#9608);
#9610=CARTESIAN_POINT('',(12.002313062,69.265669859,14.100951594));
#9611=DIRECTION('',(1.,0.,0.));
#9612=VECTOR('',#9611,11.);
#9613=LINE('',#9610,#9612);
#9614=EDGE_CURVE('',#9609,#9600,#9613,.T.);
#9615=ORIENTED_EDGE('',*,*,#9614,.F.);
#9616=CARTESIAN_POINT('',(8.002313062,72.5,16.454482672));
#9617=VERTEX_POINT('',#9616);
#9618=CARTESIAN_POINT('',(12.002313062,69.265669859,14.100951594));
#9619=CARTESIAN_POINT('',(11.738003669,69.265669859,14.100951594));
#9620=CARTESIAN_POINT('',(11.478145095,69.28499653,14.11847356));
#9621=CARTESIAN_POINT('',(11.222549794,69.323039751,14.15255026));
#9622=CARTESIAN_POINT('',(11.094752143,69.342061362,14.16958861));
#9623=CARTESIAN_POINT('',(10.968028167,69.365802335,14.19078973));
#9624=CARTESIAN_POINT('',(10.842401177,69.394428629,14.216172846));
#9625=CARTESIAN_POINT('',(10.716774187,69.423054923,14.241555963));
#9626=CARTESIAN_POINT('',(10.591937076,69.456721809,14.271254742));
#9627=CARTESIAN_POINT('',(10.470912139,69.494662128,14.304423257));
#9628=CARTESIAN_POINT('',(10.228862266,69.570542766,14.370760287));
#9629=CARTESIAN_POINT('',(9.99928432,69.663867579,14.451332735));
#9630=CARTESIAN_POINT('',(9.782029073,69.775278811,14.54497136));
#9631=CARTESIAN_POINT('',(9.564773825,69.886690043,14.638609985));
#9632=CARTESIAN_POINT('',(9.359150926,70.017352367,14.746195212));
#9633=CARTESIAN_POINT('',(9.174831758,70.161826509,14.861280174));
#9634=CARTESIAN_POINT('',(8.99051259,70.306300651,14.976365135));
#9635=CARTESIAN_POINT('',(8.825015358,70.46556586,15.099823955));
#9636=CARTESIAN_POINT('',(8.678766407,70.640923527,15.230606741));
#9637=CARTESIAN_POINT('',(8.605641931,70.728602361,15.295998133));
#9638=CARTESIAN_POINT('',(8.537566062,70.820229157,15.363139238));
#9639=CARTESIAN_POINT('',(8.475849376,70.913970813,15.430487901));
#9640=CARTESIAN_POINT('',(8.414132691,71.007712469,15.497836564));
#9641=CARTESIAN_POINT('',(8.358350979,71.104051895,15.565756829));
#9642=CARTESIAN_POINT('',(8.308415132,71.203035943,15.63411549));
#9643=CARTESIAN_POINT('',(8.258479284,71.302019991,15.702474151));
#9644=CARTESIAN_POINT('',(8.214389141,71.403648327,15.771271575));
#9645=CARTESIAN_POINT('',(8.176229857,71.508031191,15.840410049));
#9646=CARTESIAN_POINT('',(8.138070573,71.612414055,15.909548522));
#9647=CARTESIAN_POINT('',(8.105731852,71.720077028,15.979358082));
#9648=CARTESIAN_POINT('',(8.079905332,71.829234996,16.048536981));
#9649=CARTESIAN_POINT('',(8.028252291,72.04755093,16.186894778));
#9650=CARTESIAN_POINT('',(8.002313062,72.271068867,16.32230922));
#9651=CARTESIAN_POINT('',(8.002313062,72.5,16.454482672));
#9652=B_SPLINE_CURVE_WITH_KNOTS('',3,(#9618,#9619,#9620,#9621,#9622,#9623,#9624,#9625,#9626,#9627,#9628,#9629,#9630,#9631,#9632,#9633,#9634,#9635,#9636,#9637,#9638,#9639,#9640,#9641,#9642,#9643,
#9644,#9645,#9646,#9647,#9648,#9649,#9650,#9651),.UNSPECIFIED.,.F.,.F.,(4,3,3,3,3,3,3,3,3,3,3,4),(0.,0.000781633,0.001172449,0.001563266,0.002344898,0.003126531,0.003908164,0.004298981,0.004689797,0.005080613,0.00547143,0.006253063),.UNSPECIFIED.);
#9653=EDGE_CURVE('',#9609,#9617,#9652,.T.);
#9654=ORIENTED_EDGE('',*,*,#9653,.T.);
#9655=CARTESIAN_POINT('',(12.002313062,76.155382773,18.0787292));
#9656=VERTEX_POINT('',#9655);
#9657=CARTESIAN_POINT('',(8.002313062,72.5,16.454482672));
#9658=CARTESIAN_POINT('',(8.002313062,72.728913602,16.586646002));
#9659=CARTESIAN_POINT('',(8.028245082,72.956656425,16.711771455));
#9660=CARTESIAN_POINT('',(8.079048676,73.183133586,16.830414928));
#9661=CARTESIAN_POINT('',(8.104450473,73.296372167,16.889736664));
#9662=CARTESIAN_POINT('',(8.136118509,73.409287866,16.947432829));
#9663=CARTESIAN_POINT('',(8.174207073,73.521828306,17.003546828));
#9664=CARTESIAN_POINT('',(8.212295637,73.634368745,17.059660826));
#9665=CARTESIAN_POINT('',(8.25696015,73.746681306,17.114245135));
#9666=CARTESIAN_POINT('',(8.307092414,73.856058378,17.1661357));
#9667=CARTESIAN_POINT('',(8.40735694,74.074812522,17.269916828));
#9668=CARTESIAN_POINT('',(8.530071728,74.284464533,17.364272192));
#9669=CARTESIAN_POINT('',(8.675173025,74.484500406,17.450423085));
#9670=CARTESIAN_POINT('',(8.747723673,74.584518342,17.493498532));
#9671=CARTESIAN_POINT('',(8.826354115,74.682596671,17.534708049));
#9672=CARTESIAN_POINT('',(8.909735675,74.776819653,17.573436365));
#9673=CARTESIAN_POINT('',(8.993117234,74.871042636,17.612164681));
#9674=CARTESIAN_POINT('',(9.080898696,74.961123983,17.648307541));
#9675=CARTESIAN_POINT('',(9.172966364,75.04709973,17.682114631));
#9676=CARTESIAN_POINT('',(9.357101702,75.219051225,17.749728813));
#9677=CARTESIAN_POINT('',(9.558258392,75.374701052,17.808060885));
#9678=CARTESIAN_POINT('',(9.777038465,75.512898469,17.858261778));
#9679=CARTESIAN_POINT('',(9.995818537,75.651095887,17.908462671));
#9680=CARTESIAN_POINT('',(10.227289976,75.768435262,17.949308415));
#9681=CARTESIAN_POINT('',(10.46772395,75.863417055,17.981722658));
#9682=CARTESIAN_POINT('',(10.587940937,75.910907951,17.99792978));
#9683=CARTESIAN_POINT('',(10.710676264,75.952938392,18.012065949));
#9684=CARTESIAN_POINT('',(10.835979961,75.989358096,18.024211048));
#9685=CARTESIAN_POINT('',(10.961283658,76.0257778,18.036356147));
#9686=CARTESIAN_POINT('',(11.089761056,76.056673936,18.04653836));
#9687=CARTESIAN_POINT('',(11.218797823,76.081297863,18.05461063));
#9688=CARTESIAN_POINT('',(11.476871357,76.130545719,18.070755172));
#9689=CARTESIAN_POINT('',(11.738029356,76.155382773,18.0787292));
#9690=CARTESIAN_POINT('',(12.002313062,76.155382773,18.0787292));
#9691=B_SPLINE_CURVE_WITH_KNOTS('',3,(#9657,#9658,#9659,#9660,#9661,#9662,#9663,#9664,#9665,#9666,#9667,#9668,#9669,#9670,#9671,#9672,#9673,#9674,#9675,#9676,#9677,#9678,#9679,#9680,#9681,#9682,
#9683,#9684,#9685,#9686,#9687,#9688,#9689,#9690),.UNSPECIFIED.,.F.,.F.,(4,3,3,3,3,3,3,3,3,3,3,4),(0.,0.000781636,0.001172454,0.001563272,0.002344909,0.002735727,0.003126545,0.003908181,0.004689817,0.005080636,0.005471454,0.00625309),.UNSPECIFIED.);
#9692=EDGE_CURVE('',#9617,#9656,#9691,.T.);
#9693=ORIENTED_EDGE('',*,*,#9692,.T.);
#9694=CARTESIAN_POINT('',(23.002313062,76.155382773,18.0787292));
#9695=VERTEX_POINT('',#9694);
#9696=CARTESIAN_POINT('',(23.002313062,76.155382773,18.0787292));
#9697=DIRECTION('',(-1.,-0.,-0.));
#9698=VECTOR('',#9697,11.);
#9699=LINE('',#9696,#9698);
#9700=EDGE_CURVE('',#9695,#9656,#9699,.T.);
#9701=ORIENTED_EDGE('',*,*,#9700,.F.);
#9702=CARTESIAN_POINT('',(23.002313062,87.844617227,18.0787292));
#9703=VERTEX_POINT('',#9702);
#9704=CARTESIAN_POINT('',(23.002313062,82.,0.));
#9705=DIRECTION('',(1.,0.,0.));
#9706=DIRECTION('',(0.,0.,-1.));
#9707=AXIS2_PLACEMENT_3D('',#9704,#9705,#9706);
#9708=CIRCLE('',#9707,19.);
#9709=EDGE_CURVE('',#9703,#9695,#9708,.T.);
#9710=ORIENTED_EDGE('',*,*,#9709,.F.);
#9711=CARTESIAN_POINT('',(12.002313062,87.844617227,18.0787292));
#9712=VERTEX_POINT('',#9711);
#9713=CARTESIAN_POINT('',(12.002313062,87.844617227,18.0787292));
#9714=DIRECTION('',(1.,0.,0.));
#9715=VECTOR('',#9714,11.);
#9716=LINE('',#9713,#9715);
#9717=EDGE_CURVE('',#9712,#9703,#9716,.T.);
#9718=ORIENTED_EDGE('',*,*,#9717,.F.);
#9719=CARTESIAN_POINT('',(8.002313062,91.5,16.454482672));
#9720=VERTEX_POINT('',#9719);
#9721=CARTESIAN_POINT('',(12.002313062,87.844617227,18.0787292));
#9722=CARTESIAN_POINT('',(11.738003669,87.844617227,18.0787292));
#9723=CARTESIAN_POINT('',(11.478145095,87.869455031,18.070752794));
#9724=CARTESIAN_POINT('',(11.222549794,87.917987929,18.054844748));
#9725=CARTESIAN_POINT('',(11.094752143,87.942254378,18.046890725));
#9726=CARTESIAN_POINT('',(10.968028167,87.972485573,18.036931));
#9727=CARTESIAN_POINT('',(10.842401177,88.008781144,18.02483146));
#9728=CARTESIAN_POINT('',(10.716774187,88.045076714,18.01273192));
#9729=CARTESIAN_POINT('',(10.591937076,88.087630055,17.998424931));
#9730=CARTESIAN_POINT('',(10.470912139,88.135324991,17.982151908));
#9731=CARTESIAN_POINT('',(10.228862266,88.230714863,17.949605863));
#9732=CARTESIAN_POINT('',(9.99928432,88.347155057,17.909070428));
#9733=CARTESIAN_POINT('',(9.782029073,88.483954101,17.859404783));
#9734=CARTESIAN_POINT('',(9.564773825,88.620753144,17.809739139));
#9735=CARTESIAN_POINT('',(9.359150926,88.779255846,17.750374861));
#9736=CARTESIAN_POINT('',(9.174831758,88.951159418,17.682799064));
#9737=CARTESIAN_POINT('',(8.99051259,89.123062989,17.615223268));
#9738=CARTESIAN_POINT('',(8.825015358,89.309614068,17.539024961));
#9739=CARTESIAN_POINT('',(8.678766407,89.510554116,17.452552159));
#9740=CARTESIAN_POINT('',(8.605641931,89.61102414,17.409315758));
#9741=CARTESIAN_POINT('',(8.537566062,89.714983441,17.363535177));
#9742=CARTESIAN_POINT('',(8.475849376,89.820179922,17.316026853));
#9743=CARTESIAN_POINT('',(8.414132691,89.925376403,17.26851853));
#9744=CARTESIAN_POINT('',(8.358350979,90.03236679,17.219046272));
#9745=CARTESIAN_POINT('',(8.308415132,90.141059151,17.167502902));
#9746=CARTESIAN_POINT('',(8.258479284,90.249751512,17.115959533));
#9747=CARTESIAN_POINT('',(8.214389141,90.360145998,17.062345524));
#9748=CARTESIAN_POINT('',(8.176229857,90.472213104,17.006516549));
#9749=CARTESIAN_POINT('',(8.138070573,90.58428021,16.950687574));
#9750=CARTESIAN_POINT('',(8.105731856,90.69856855,16.892353483));
#9751=CARTESIAN_POINT('',(8.079905332,90.813058217,16.83240936));
#9752=CARTESIAN_POINT('',(8.028252284,91.042037551,16.712521114));
#9753=CARTESIAN_POINT('',(8.002313062,91.271068867,16.586656123));
#9754=CARTESIAN_POINT('',(8.002313062,91.5,16.454482672));
#9755=B_SPLINE_CURVE_WITH_KNOTS('',3,(#9721,#9722,#9723,#9724,#9725,#9726,#9727,#9728,#9729,#9730,#9731,#9732,#9733,#9734,#9735,#9736,#9737,#9738,#9739,#9740,#9741,#9742,#9743,#9744,#9745,#9746,
#9747,#9748,#9749,#9750,#9751,#9752,#9753,#9754),.UNSPECIFIED.,.F.,.F.,(4,3,3,3,3,3,3,3,3,3,3,4),(0.,0.000781633,0.001172449,0.001563266,0.002344898,0.003126531,0.003908164,0.004298981,0.004689797,0.005080613,0.00547143,0.006253063),.UNSPECIFIED.);
#9756=EDGE_CURVE('',#9712,#9720,#9755,.T.);
#9757=ORIENTED_EDGE('',*,*,#9756,.T.);
#9758=CARTESIAN_POINT('',(12.002313062,94.734330141,14.100951594));
#9759=VERTEX_POINT('',#9758);
#9760=CARTESIAN_POINT('',(8.002313062,91.5,16.454482672));
#9761=CARTESIAN_POINT('',(8.002313062,91.728913602,16.322319342));
#9762=CARTESIAN_POINT('',(8.028245082,91.951146835,16.187650999));
#9763=CARTESIAN_POINT('',(8.079048676,92.167133677,16.05083776));
#9764=CARTESIAN_POINT('',(8.104450474,92.275127098,15.982431141));
#9765=CARTESIAN_POINT('',(8.136118514,92.381551291,15.91349136));
#9766=CARTESIAN_POINT('',(8.174207073,92.48641766,15.844085479));
#9767=CARTESIAN_POINT('',(8.212295632,92.591284029,15.774679598));
#9768=CARTESIAN_POINT('',(8.25696015,92.694711707,15.704706222));
#9769=CARTESIAN_POINT('',(8.307092414,92.79433879,15.635928181));
#9770=CARTESIAN_POINT('',(8.40735694,92.993592955,15.4983721));
#9771=CARTESIAN_POINT('',(8.530071728,93.180133103,15.363985814));
#9772=CARTESIAN_POINT('',(8.675173025,93.354759902,15.233825113));
#9773=CARTESIAN_POINT('',(8.747723673,93.442073301,15.168744763));
#9774=CARTESIAN_POINT('',(8.826354115,93.526800954,15.104411198));
#9775=CARTESIAN_POINT('',(8.909735675,93.607452151,15.042175859));
#9776=CARTESIAN_POINT('',(8.993117234,93.688103347,14.97994052));
#9777=CARTESIAN_POINT('',(9.080898696,93.764444656,14.919999215));
#9778=CARTESIAN_POINT('',(9.172966364,93.836710329,14.862445579));
#9779=CARTESIAN_POINT('',(9.357101702,93.981241675,14.747338307));
#9780=CARTESIAN_POINT('',(9.558258392,94.109583645,14.64170764));
#9781=CARTESIAN_POINT('',(9.777038465,94.222157602,14.547125612));
#9782=CARTESIAN_POINT('',(9.995818537,94.334731559,14.452543584));
#9783=CARTESIAN_POINT('',(10.227289976,94.428774698,14.371347576));
#9784=CARTESIAN_POINT('',(10.46772395,94.504337153,14.305298052));
#9785=CARTESIAN_POINT('',(10.587940937,94.542118381,14.27227329));
#9786=CARTESIAN_POINT('',(10.710676264,94.575375882,14.242941945));
#9787=CARTESIAN_POINT('',(10.835979961,94.604103699,14.217474106));
#9788=CARTESIAN_POINT('',(10.961283658,94.632831515,14.192006267));
#9789=CARTESIAN_POINT('',(11.089761056,94.657097638,14.170340535));
#9790=CARTESIAN_POINT('',(11.218797823,94.676400393,14.153051723));
#9791=CARTESIAN_POINT('',(11.476871357,94.715005903,14.1184741));
#9792=CARTESIAN_POINT('',(11.738029356,94.734330141,14.100951594));
#9793=CARTESIAN_POINT('',(12.002313062,94.734330141,14.100951594));
#9794=B_SPLINE_CURVE_WITH_KNOTS('',3,(#9760,#9761,#9762,#9763,#9764,#9765,#9766,#9767,#9768,#9769,#9770,#9771,#9772,#9773,#9774,#9775,#9776,#9777,#9778,#9779,#9780,#9781,#9782,#9783,#9784,#9785,
#9786,#9787,#9788,#9789,#9790,#9791,#9792,#9793),.UNSPECIFIED.,.F.,.F.,(4,3,3,3,3,3,3,3,3,3,3,4),(0.,0.000781636,0.001172454,0.001563272,0.002344909,0.002735727,0.003126545,0.003908181,0.004689817,0.005080636,0.005471454,0.00625309),.UNSPECIFIED.);
#9795=EDGE_CURVE('',#9720,#9759,#9794,.T.);
#9796=ORIENTED_EDGE('',*,*,#9795,.T.);
#9797=CARTESIAN_POINT('',(23.002313062,94.734330141,14.100951594));
#9798=VERTEX_POINT('',#9797);
#9799=CARTESIAN_POINT('',(23.002313062,94.734330141,14.100951594));
#9800=DIRECTION('',(-1.,-0.,-0.));
#9801=VECTOR('',#9800,11.);
#9802=LINE('',#9799,#9801);
#9803=EDGE_CURVE('',#9798,#9759,#9802,.T.);
#9804=ORIENTED_EDGE('',*,*,#9803,.F.);
#9805=CARTESIAN_POINT('',(23.002313062,82.,0.));
#9806=DIRECTION('',(1.,0.,0.));
#9807=DIRECTION('',(0.,0.,-1.));
#9808=AXIS2_PLACEMENT_3D('',#9805,#9806,#9807);
#9809=CIRCLE('',#9808,19.);
#9810=EDGE_CURVE('',#9181,#9798,#9809,.T.);
#9811=ORIENTED_EDGE('',*,*,#9810,.F.);
#9812=EDGE_LOOP('',(#9187,#9226,#9234,#9273,#9281,#9290,#9298,#9337,#9376,#9384,#9393,#9401,#9440,#9479,#9487,#9496,#9504,#9543,#9551,#9590,#9598,#9607,#9615,#9654,#9693,#9701,
#9710,#9718,#9757,#9796,#9804,#9811));
#9813=FACE_BOUND('',#9812,.T.);
#9814=ADVANCED_FACE('',(#9813),#9177,.T.);
#9815=CARTESIAN_POINT('',(0.,0.,0.));
#9816=DIRECTION('',(0.,0.,1.));
#9817=DIRECTION('',(1.,0.,0.));
#9818=AXIS2_PLACEMENT_3D('',#9815,#9816,#9817);
#9819=PLANE('',#9818);
#9820=CARTESIAN_POINT('',(23.002313062,80.,-0.));
#9821=VERTEX_POINT('',#9820);
#9822=CARTESIAN_POINT('',(23.002313062,67.,-0.));
#9823=VERTEX_POINT('',#9822);
#9824=CARTESIAN_POINT('',(23.002313062,80.,0.));
#9825=DIRECTION('',(0.,-1.,0.));
#9826=VECTOR('',#9825,13.);
#9827=LINE('',#9824,#9826);
#9828=EDGE_CURVE('',#9821,#9823,#9827,.T.);
#9829=ORIENTED_EDGE('',*,*,#9828,.T.);
#9830=CARTESIAN_POINT('',(12.002313062,67.,0.));
#9831=VERTEX_POINT('',#9830);
#9832=CARTESIAN_POINT('',(23.002313062,67.,0.));
#9833=DIRECTION('',(-1.,-0.,-0.));
#9834=VECTOR('',#9833,11.);
#9835=LINE('',#9832,#9834);
#9836=EDGE_CURVE('',#9823,#9831,#9835,.T.);
#9837=ORIENTED_EDGE('',*,*,#9836,.T.);
#9838=CARTESIAN_POINT('',(12.002313062,63.,0.));
#9839=DIRECTION('',(0.,0.,1.));
#9840=DIRECTION('',(1.,0.,-0.));
#9841=AXIS2_PLACEMENT_3D('',#9838,#9839,#9840);
#9842=CIRCLE('',#9841,4.);
#9843=EDGE_CURVE('',#9831,#9545,#9842,.T.);
#9844=ORIENTED_EDGE('',*,*,#9843,.T.);
#9845=ORIENTED_EDGE('',*,*,#9550,.T.);
#9846=CARTESIAN_POINT('',(-11.997686938,67.,0.));
#9847=VERTEX_POINT('',#9846);
#9848=CARTESIAN_POINT('',(-11.997686938,63.,0.));
#9849=DIRECTION('',(0.,0.,1.));
#9850=DIRECTION('',(1.,0.,-0.));
#9851=AXIS2_PLACEMENT_3D('',#9848,#9849,#9850);
#9852=CIRCLE('',#9851,4.);
#9853=EDGE_CURVE('',#9506,#9847,#9852,.T.);
#9854=ORIENTED_EDGE('',*,*,#9853,.T.);
#9855=CARTESIAN_POINT('',(-22.997686938,67.,-0.));
#9856=VERTEX_POINT('',#9855);
#9857=CARTESIAN_POINT('',(-22.997686938,67.,-0.));
#9858=DIRECTION('',(1.,-0.,0.));
#9859=VECTOR('',#9858,11.);
#9860=LINE('',#9857,#9859);
#9861=EDGE_CURVE('',#9856,#9847,#9860,.T.);
#9862=ORIENTED_EDGE('',*,*,#9861,.F.);
#9863=CARTESIAN_POINT('',(-22.997686938,80.,-0.));
#9864=VERTEX_POINT('',#9863);
#9865=CARTESIAN_POINT('',(-22.997686938,80.,0.));
#9866=DIRECTION('',(0.,-1.,0.));
#9867=VECTOR('',#9866,13.);
#9868=LINE('',#9865,#9867);
#9869=EDGE_CURVE('',#9864,#9856,#9868,.T.);
#9870=ORIENTED_EDGE('',*,*,#9869,.F.);
#9871=CARTESIAN_POINT('',(-22.997686938,80.,-0.));
#9872=DIRECTION('',(1.,0.,-0.));
#9873=VECTOR('',#9872,46.);
#9874=LINE('',#9871,#9873);
#9875=EDGE_CURVE('',#9864,#9821,#9874,.T.);
#9876=ORIENTED_EDGE('',*,*,#9875,.T.);
#9877=EDGE_LOOP('',(#9829,#9837,#9844,#9845,#9854,#9862,#9870,#9876));
#9878=FACE_BOUND('',#9877,.T.);
#9879=ADVANCED_FACE('',(#9878),#9819,.F.);
#9880=CARTESIAN_POINT('',(-22.997686938,0.,0.002313062));
#9881=DIRECTION('',(1.,0.,0.));
#9882=DIRECTION('',(0.,0.,-1.));
#9883=AXIS2_PLACEMENT_3D('',#9880,#9881,#9882);
#9884=PLANE('',#9883);
#9885=CARTESIAN_POINT('',(-22.997686938,92.6875,1.170431002));
#9886=VERTEX_POINT('',#9885);
#9887=CARTESIAN_POINT('',(-22.997686938,92.6875,11.170431002));
#9888=VERTEX_POINT('',#9887);
#9889=CARTESIAN_POINT('',(-22.997686938,92.6875,6.170431002));
#9890=DIRECTION('',(1.,0.,0.));
#9891=DIRECTION('',(0.,0.,-1.));
#9892=AXIS2_PLACEMENT_3D('',#9889,#9890,#9891);
#9893=CIRCLE('',#9892,5.);
#9894=EDGE_CURVE('',#9886,#9888,#9893,.T.);
#9895=ORIENTED_EDGE('',*,*,#9894,.T.);
#9896=CARTESIAN_POINT('',(-22.997686938,92.6875,6.170431002));
#9897=DIRECTION('',(1.,0.,0.));
#9898=DIRECTION('',(0.,0.,-1.));
#9899=AXIS2_PLACEMENT_3D('',#9896,#9897,#9898);
#9900=CIRCLE('',#9899,5.);
#9901=EDGE_CURVE('',#9888,#9886,#9900,.T.);
#9902=ORIENTED_EDGE('',*,*,#9901,.T.);
#9903=EDGE_LOOP('',(#9895,#9902));
#9904=FACE_BOUND('',#9903,.T.);
#9905=CARTESIAN_POINT('',(-22.997686938,71.3125,1.170431002));
#9906=VERTEX_POINT('',#9905);
#9907=CARTESIAN_POINT('',(-22.997686938,71.3125,11.170431002));
#9908=VERTEX_POINT('',#9907);
#9909=CARTESIAN_POINT('',(-22.997686938,71.3125,6.170431002));
#9910=DIRECTION('',(1.,0.,0.));
#9911=DIRECTION('',(0.,0.,-1.));
#9912=AXIS2_PLACEMENT_3D('',#9909,#9910,#9911);
#9913=CIRCLE('',#9912,5.);
#9914=EDGE_CURVE('',#9906,#9908,#9913,.T.);
#9915=ORIENTED_EDGE('',*,*,#9914,.T.);
#9916=CARTESIAN_POINT('',(-22.997686938,71.3125,6.170431002));
#9917=DIRECTION('',(1.,0.,0.));
#9918=DIRECTION('',(0.,0.,-1.));
#9919=AXIS2_PLACEMENT_3D('',#9916,#9917,#9918);
#9920=CIRCLE('',#9919,5.);
#9921=EDGE_CURVE('',#9908,#9906,#9920,.T.);
#9922=ORIENTED_EDGE('',*,*,#9921,.T.);
#9923=EDGE_LOOP('',(#9915,#9922));
#9924=FACE_BOUND('',#9923,.T.);
#9925=CARTESIAN_POINT('',(-22.997686938,82.,7.340862004));
#9926=VERTEX_POINT('',#9925);
#9927=CARTESIAN_POINT('',(-22.997686938,82.,17.340862004));
#9928=VERTEX_POINT('',#9927);
#9929=CARTESIAN_POINT('',(-22.997686938,82.,12.340862004));
#9930=DIRECTION('',(1.,0.,0.));
#9931=DIRECTION('',(0.,0.,-1.));
#9932=AXIS2_PLACEMENT_3D('',#9929,#9930,#9931);
#9933=CIRCLE('',#9932,5.);
#9934=EDGE_CURVE('',#9926,#9928,#9933,.T.);
#9935=ORIENTED_EDGE('',*,*,#9934,.T.);
#9936=CARTESIAN_POINT('',(-22.997686938,82.,12.340862004));
#9937=DIRECTION('',(1.,0.,0.));
#9938=DIRECTION('',(0.,0.,-1.));
#9939=AXIS2_PLACEMENT_3D('',#9936,#9937,#9938);
#9940=CIRCLE('',#9939,5.);
#9941=EDGE_CURVE('',#9928,#9926,#9940,.T.);
#9942=ORIENTED_EDGE('',*,*,#9941,.T.);
#9943=EDGE_LOOP('',(#9935,#9942));
#9944=FACE_BOUND('',#9943,.T.);
#9945=ORIENTED_EDGE('',*,*,#9392,.F.);
#9946=CARTESIAN_POINT('',(-22.997686938,91.5,16.454482672));
#9947=DIRECTION('',(1.,0.,0.));
#9948=DIRECTION('',(0.,0.,-1.));
#9949=AXIS2_PLACEMENT_3D('',#9946,#9947,#9948);
#9950=CIRCLE('',#9949,4.);
#9951=EDGE_CURVE('',#9378,#9283,#9950,.T.);
#9952=ORIENTED_EDGE('',*,*,#9951,.T.);
#9953=ORIENTED_EDGE('',*,*,#9289,.F.);
#9954=CARTESIAN_POINT('',(-22.997686938,97.,-0.));
#9955=VERTEX_POINT('',#9954);
#9956=CARTESIAN_POINT('',(-22.997686938,101.,-0.));
#9957=DIRECTION('',(1.,0.,0.));
#9958=DIRECTION('',(0.,0.,-1.));
#9959=AXIS2_PLACEMENT_3D('',#9956,#9957,#9958);
#9960=CIRCLE('',#9959,4.);
#9961=EDGE_CURVE('',#9275,#9955,#9960,.T.);
#9962=ORIENTED_EDGE('',*,*,#9961,.T.);
#9963=CARTESIAN_POINT('',(-22.997686938,84.,-0.));
#9964=VERTEX_POINT('',#9963);
#9965=CARTESIAN_POINT('',(-22.997686938,97.,0.));
#9966=DIRECTION('',(0.,-1.,0.));
#9967=VECTOR('',#9966,13.);
#9968=LINE('',#9965,#9967);
#9969=EDGE_CURVE('',#9955,#9964,#9968,.T.);
#9970=ORIENTED_EDGE('',*,*,#9969,.T.);
#9971=CARTESIAN_POINT('',(-22.997686938,82.,0.));
#9972=DIRECTION('',(-1.,-0.,-0.));
#9973=DIRECTION('',(0.,0.,-1.));
#9974=AXIS2_PLACEMENT_3D('',#9971,#9972,#9973);
#9975=CIRCLE('',#9974,2.);
#9976=EDGE_CURVE('',#9864,#9964,#9975,.T.);
#9977=ORIENTED_EDGE('',*,*,#9976,.F.);
#9978=ORIENTED_EDGE('',*,*,#9869,.T.);
#9979=CARTESIAN_POINT('',(-22.997686938,63.,0.));
#9980=DIRECTION('',(1.,0.,0.));
#9981=DIRECTION('',(0.,0.,-1.));
#9982=AXIS2_PLACEMENT_3D('',#9979,#9980,#9981);
#9983=CIRCLE('',#9982,4.);
#9984=EDGE_CURVE('',#9856,#9489,#9983,.T.);
#9985=ORIENTED_EDGE('',*,*,#9984,.T.);
#9986=ORIENTED_EDGE('',*,*,#9495,.F.);
#9987=CARTESIAN_POINT('',(-22.997686938,72.5,16.454482672));
#9988=DIRECTION('',(1.,0.,0.));
#9989=DIRECTION('',(0.,0.,-1.));
#9990=AXIS2_PLACEMENT_3D('',#9987,#9988,#9989);
#9991=CIRCLE('',#9990,4.);
#9992=EDGE_CURVE('',#9481,#9386,#9991,.T.);
#9993=ORIENTED_EDGE('',*,*,#9992,.T.);
#9994=EDGE_LOOP('',(#9945,#9952,#9953,#9962,#9970,#9977,#9978,#9985,#9986,#9993));
#9995=FACE_BOUND('',#9994,.T.);
#9996=ADVANCED_FACE('',(#9904,#9924,#9944,#9995),#9884,.F.);
#9997=CARTESIAN_POINT('',(0.,0.,0.));
#9998=DIRECTION('',(0.,0.,1.));
#9999=DIRECTION('',(1.,0.,0.));
#10000=AXIS2_PLACEMENT_3D('',#9997,#9998,#9999);
#10001=PLANE('',#10000);
#10002=ORIENTED_EDGE('',*,*,#9233,.T.);
#10003=CARTESIAN_POINT('',(12.002313062,97.,0.));
#10004=VERTEX_POINT('',#10003);
#10005=CARTESIAN_POINT('',(12.002313062,101.,0.));
#10006=DIRECTION('',(0.,0.,1.));
#10007=DIRECTION('',(1.,0.,-0.));
#10008=AXIS2_PLACEMENT_3D('',#10005,#10006,#10007);
#10009=CIRCLE('',#10008,4.);
#10010=EDGE_CURVE('',#9189,#10004,#10009,.T.);
#10011=ORIENTED_EDGE('',*,*,#10010,.T.);
#10012=CARTESIAN_POINT('',(23.002313062,97.,0.));
#10013=VERTEX_POINT('',#10012);
#10014=CARTESIAN_POINT('',(12.002313062,97.,0.));
#10015=DIRECTION('',(1.,0.,0.));
#10016=VECTOR('',#10015,11.);
#10017=LINE('',#10014,#10016);
#10018=EDGE_CURVE('',#10004,#10013,#10017,.T.);
#10019=ORIENTED_EDGE('',*,*,#10018,.T.);
#10020=CARTESIAN_POINT('',(23.002313062,84.,-0.));
#10021=VERTEX_POINT('',#10020);
#10022=CARTESIAN_POINT('',(23.002313062,97.,0.));
#10023=DIRECTION('',(0.,-1.,0.));
#10024=VECTOR('',#10023,13.);
#10025=LINE('',#10022,#10024);
#10026=EDGE_CURVE('',#10013,#10021,#10025,.T.);
#10027=ORIENTED_EDGE('',*,*,#10026,.T.);
#10028=CARTESIAN_POINT('',(23.002313062,84.,-0.));
#10029=DIRECTION('',(-1.,-0.,0.));
#10030=VECTOR('',#10029,46.);
#10031=LINE('',#10028,#10030);
#10032=EDGE_CURVE('',#10021,#9964,#10031,.T.);
#10033=ORIENTED_EDGE('',*,*,#10032,.T.);
#10034=ORIENTED_EDGE('',*,*,#9969,.F.);
#10035=CARTESIAN_POINT('',(-11.997686938,97.,0.));
#10036=VERTEX_POINT('',#10035);
#10037=CARTESIAN_POINT('',(-11.997686938,97.,0.));
#10038=DIRECTION('',(-1.,0.,-0.));
#10039=VECTOR('',#10038,11.);
#10040=LINE('',#10037,#10039);
#10041=EDGE_CURVE('',#10036,#9955,#10040,.T.);
#10042=ORIENTED_EDGE('',*,*,#10041,.F.);
#10043=CARTESIAN_POINT('',(-11.997686938,101.,0.));
#10044=DIRECTION('',(0.,0.,1.));
#10045=DIRECTION('',(1.,0.,-0.));
#10046=AXIS2_PLACEMENT_3D('',#10043,#10044,#10045);
#10047=CIRCLE('',#10046,4.);
#10048=EDGE_CURVE('',#10036,#9228,#10047,.T.);
#10049=ORIENTED_EDGE('',*,*,#10048,.T.);
#10050=EDGE_LOOP('',(#10002,#10011,#10019,#10027,#10033,#10034,#10042,#10049));
#10051=FACE_BOUND('',#10050,.T.);
#10052=ADVANCED_FACE('',(#10051),#10001,.F.);
#10053=CARTESIAN_POINT('',(23.002313062,0.,0.002313062));
#10054=DIRECTION('',(1.,0.,0.));
#10055=DIRECTION('',(0.,0.,-1.));
#10056=AXIS2_PLACEMENT_3D('',#10053,#10054,#10055);
#10057=PLANE('',#10056);
#10058=CARTESIAN_POINT('',(23.002313062,101.,0.));
#10059=DIRECTION('',(1.,0.,0.));
#10060=DIRECTION('',(0.,0.,-1.));
#10061=AXIS2_PLACEMENT_3D('',#10058,#10059,#10060);
#10062=CIRCLE('',#10061,4.);
#10063=EDGE_CURVE('',#9181,#10013,#10062,.T.);
#10064=ORIENTED_EDGE('',*,*,#10063,.F.);
#10065=ORIENTED_EDGE('',*,*,#9810,.T.);
#10066=CARTESIAN_POINT('',(23.002313062,91.5,12.454482672));
#10067=VERTEX_POINT('',#10066);
#10068=CARTESIAN_POINT('',(23.002313062,91.5,16.454482672));
#10069=DIRECTION('',(1.,0.,0.));
#10070=DIRECTION('',(0.,0.,-1.));
#10071=AXIS2_PLACEMENT_3D('',#10068,#10069,#10070);
#10072=CIRCLE('',#10071,4.);
#10073=EDGE_CURVE('',#10067,#9798,#10072,.T.);
#10074=ORIENTED_EDGE('',*,*,#10073,.F.);
#10075=CARTESIAN_POINT('',(23.002313062,91.5,16.454482672));
#10076=DIRECTION('',(1.,0.,0.));
#10077=DIRECTION('',(0.,0.,-1.));
#10078=AXIS2_PLACEMENT_3D('',#10075,#10076,#10077);
#10079=CIRCLE('',#10078,4.);
#10080=EDGE_CURVE('',#9703,#10067,#10079,.T.);
#10081=ORIENTED_EDGE('',*,*,#10080,.F.);
#10082=ORIENTED_EDGE('',*,*,#9709,.T.);
#10083=CARTESIAN_POINT('',(23.002313062,72.5,12.454482672));
#10084=VERTEX_POINT('',#10083);
#10085=CARTESIAN_POINT('',(23.002313062,72.5,16.454482672));
#10086=DIRECTION('',(1.,0.,0.));
#10087=DIRECTION('',(0.,0.,-1.));
#10088=AXIS2_PLACEMENT_3D('',#10085,#10086,#10087);
#10089=CIRCLE('',#10088,4.);
#10090=EDGE_CURVE('',#10084,#9695,#10089,.T.);
#10091=ORIENTED_EDGE('',*,*,#10090,.F.);
#10092=CARTESIAN_POINT('',(23.002313062,72.5,16.454482672));
#10093=DIRECTION('',(1.,0.,0.));
#10094=DIRECTION('',(0.,0.,-1.));
#10095=AXIS2_PLACEMENT_3D('',#10092,#10093,#10094);
#10096=CIRCLE('',#10095,4.);
#10097=EDGE_CURVE('',#9600,#10084,#10096,.T.);
#10098=ORIENTED_EDGE('',*,*,#10097,.F.);
#10099=ORIENTED_EDGE('',*,*,#9606,.T.);
#10100=CARTESIAN_POINT('',(23.002313062,63.,0.));
#10101=DIRECTION('',(1.,0.,0.));
#10102=DIRECTION('',(0.,0.,-1.));
#10103=AXIS2_PLACEMENT_3D('',#10100,#10101,#10102);
#10104=CIRCLE('',#10103,4.);
#10105=EDGE_CURVE('',#9823,#9592,#10104,.T.);
#10106=ORIENTED_EDGE('',*,*,#10105,.F.);
#10107=ORIENTED_EDGE('',*,*,#9828,.F.);
#10108=CARTESIAN_POINT('',(23.002313062,82.,0.));
#10109=DIRECTION('',(-1.,-0.,-0.));
#10110=DIRECTION('',(0.,0.,-1.));
#10111=AXIS2_PLACEMENT_3D('',#10108,#10109,#10110);
#10112=CIRCLE('',#10111,2.);
#10113=EDGE_CURVE('',#9821,#10021,#10112,.T.);
#10114=ORIENTED_EDGE('',*,*,#10113,.T.);
#10115=ORIENTED_EDGE('',*,*,#10026,.F.);
#10116=EDGE_LOOP('',(#10064,#10065,#10074,#10081,#10082,#10091,#10098,#10099,#10106,#10107,#10114,#10115));
#10117=FACE_BOUND('',#10116,.T.);
#10118=CARTESIAN_POINT('',(23.002313062,92.6875,1.170431002));
#10119=VERTEX_POINT('',#10118);
#10120=CARTESIAN_POINT('',(23.002313062,92.6875,6.170431002));
#10121=DIRECTION('',(1.,0.,0.));
#10122=DIRECTION('',(0.,0.,-1.));
#10123=AXIS2_PLACEMENT_3D('',#10120,#10121,#10122);
#10124=CIRCLE('',#10123,5.);
#10125=EDGE_CURVE('',#10119,#10119,#10124,.T.);
#10126=ORIENTED_EDGE('',*,*,#10125,.F.);
#10127=EDGE_LOOP('',(#10126));
#10128=FACE_BOUND('',#10127,.T.);
#10129=CARTESIAN_POINT('',(23.002313062,82.,7.340862004));
#10130=VERTEX_POINT('',#10129);
#10131=CARTESIAN_POINT('',(23.002313062,82.,12.340862004));
#10132=DIRECTION('',(1.,0.,0.));
#10133=DIRECTION('',(0.,0.,-1.));
#10134=AXIS2_PLACEMENT_3D('',#10131,#10132,#10133);
#10135=CIRCLE('',#10134,5.);
#10136=EDGE_CURVE('',#10130,#10130,#10135,.T.);
#10137=ORIENTED_EDGE('',*,*,#10136,.F.);
#10138=EDGE_LOOP('',(#10137));
#10139=FACE_BOUND('',#10138,.T.);
#10140=CARTESIAN_POINT('',(23.002313062,71.3125,1.170431002));
#10141=VERTEX_POINT('',#10140);
#10142=CARTESIAN_POINT('',(23.002313062,71.3125,6.170431002));
#10143=DIRECTION('',(1.,0.,0.));
#10144=DIRECTION('',(0.,0.,-1.));
#10145=AXIS2_PLACEMENT_3D('',#10142,#10143,#10144);
#10146=CIRCLE('',#10145,5.);
#10147=EDGE_CURVE('',#10141,#10141,#10146,.T.);
#10148=ORIENTED_EDGE('',*,*,#10147,.F.);
#10149=EDGE_LOOP('',(#10148));
#10150=FACE_BOUND('',#10149,.T.);
#10151=ADVANCED_FACE('',(#10117,#10128,#10139,#10150),#10057,.T.);
#10152=CARTESIAN_POINT('',(-49.776341893,82.,0.));
#10153=DIRECTION('',(1.,0.,-0.));
#10154=DIRECTION('',(-0.,0.,-1.));
#10155=AXIS2_PLACEMENT_3D('',#10152,#10153,#10154);
#10156=CYLINDRICAL_SURFACE('',#10155,2.);
#10157=ORIENTED_EDGE('',*,*,#9875,.F.);
#10158=ORIENTED_EDGE('',*,*,#9976,.T.);
#10159=ORIENTED_EDGE('',*,*,#10032,.F.);
#10160=ORIENTED_EDGE('',*,*,#10113,.F.);
#10161=EDGE_LOOP('',(#10157,#10158,#10159,#10160));
#10162=FACE_BOUND('',#10161,.T.);
#10163=ADVANCED_FACE('',(#10162),#10156,.F.);
#10164=CARTESIAN_POINT('',(18.002313062,71.3125,6.170431002));
#10165=DIRECTION('',(1.,0.,0.));
#10166=DIRECTION('',(0.,0.,-1.));
#10167=AXIS2_PLACEMENT_3D('',#10164,#10165,#10166);
#10168=CYLINDRICAL_SURFACE('',#10167,5.);
#10169=CARTESIAN_POINT('',(18.002313062,71.3125,1.170431002));
#10170=VERTEX_POINT('',#10169);
#10171=CARTESIAN_POINT('',(23.002313062,71.3125,1.170431002));
#10172=DIRECTION('',(-1.,-0.,-0.));
#10173=VECTOR('',#10172,5.);
#10174=LINE('',#10171,#10173);
#10175=EDGE_CURVE('',#10141,#10170,#10174,.T.);
#10176=ORIENTED_EDGE('',*,*,#10175,.F.);
#10177=ORIENTED_EDGE('',*,*,#10147,.T.);
#10178=ORIENTED_EDGE('',*,*,#10175,.T.);
#10179=CARTESIAN_POINT('',(18.002313062,71.3125,6.170431002));
#10180=DIRECTION('',(1.,0.,0.));
#10181=DIRECTION('',(0.,0.,-1.));
#10182=AXIS2_PLACEMENT_3D('',#10179,#10180,#10181);
#10183=CIRCLE('',#10182,5.);
#10184=EDGE_CURVE('',#10170,#10170,#10183,.T.);
#10185=ORIENTED_EDGE('',*,*,#10184,.F.);
#10186=EDGE_LOOP('',(#10176,#10177,#10178,#10185));
#10187=FACE_BOUND('',#10186,.T.);
#10188=ADVANCED_FACE('',(#10187),#10168,.F.);
#10189=CARTESIAN_POINT('',(18.002313062,0.,0.));
#10190=DIRECTION('',(1.,0.,0.));
#10191=DIRECTION('',(0.,1.,0.));
#10192=AXIS2_PLACEMENT_3D('',#10189,#10190,#10191);
#10193=PLANE('',#10192);
#10194=ORIENTED_EDGE('',*,*,#10184,.T.);
#10195=EDGE_LOOP('',(#10194));
#10196=FACE_BOUND('',#10195,.T.);
#10197=ADVANCED_FACE('',(#10196),#10193,.T.);
#10198=CARTESIAN_POINT('',(18.002313062,82.,12.340862004));
#10199=DIRECTION('',(1.,0.,0.));
#10200=DIRECTION('',(0.,0.,-1.));
#10201=AXIS2_PLACEMENT_3D('',#10198,#10199,#10200);
#10202=CYLINDRICAL_SURFACE('',#10201,5.);
#10203=CARTESIAN_POINT('',(18.002313062,82.,7.340862004));
#10204=VERTEX_POINT('',#10203);
#10205=CARTESIAN_POINT('',(23.002313062,82.,7.340862004));
#10206=DIRECTION('',(-1.,-0.,-0.));
#10207=VECTOR('',#10206,5.);
#10208=LINE('',#10205,#10207);
#10209=EDGE_CURVE('',#10130,#10204,#10208,.T.);
#10210=ORIENTED_EDGE('',*,*,#10209,.F.);
#10211=ORIENTED_EDGE('',*,*,#10136,.T.);
#10212=ORIENTED_EDGE('',*,*,#10209,.T.);
#10213=CARTESIAN_POINT('',(18.002313062,82.,12.340862004));
#10214=DIRECTION('',(1.,0.,0.));
#10215=DIRECTION('',(0.,0.,-1.));
#10216=AXIS2_PLACEMENT_3D('',#10213,#10214,#10215);
#10217=CIRCLE('',#10216,5.);
#10218=EDGE_CURVE('',#10204,#10204,#10217,.T.);
#10219=ORIENTED_EDGE('',*,*,#10218,.F.);
#10220=EDGE_LOOP('',(#10210,#10211,#10212,#10219));
#10221=FACE_BOUND('',#10220,.T.);
#10222=ADVANCED_FACE('',(#10221),#10202,.F.);
#10223=CARTESIAN_POINT('',(18.002313062,0.,0.));
#10224=DIRECTION('',(1.,0.,0.));
#10225=DIRECTION('',(0.,1.,0.));
#10226=AXIS2_PLACEMENT_3D('',#10223,#10224,#10225);
#10227=PLANE('',#10226);
#10228=ORIENTED_EDGE('',*,*,#10218,.T.);
#10229=EDGE_LOOP('',(#10228));
#10230=FACE_BOUND('',#10229,.T.);
#10231=ADVANCED_FACE('',(#10230),#10227,.T.);
#10232=CARTESIAN_POINT('',(18.002313062,92.6875,6.170431002));
#10233=DIRECTION('',(1.,0.,0.));
#10234=DIRECTION('',(0.,0.,-1.));
#10235=AXIS2_PLACEMENT_3D('',#10232,#10233,#10234);
#10236=CYLINDRICAL_SURFACE('',#10235,5.);
#10237=CARTESIAN_POINT('',(18.002313062,92.6875,1.170431002));
#10238=VERTEX_POINT('',#10237);
#10239=CARTESIAN_POINT('',(23.002313062,92.6875,1.170431002));
#10240=DIRECTION('',(-1.,-0.,-0.));
#10241=VECTOR('',#10240,5.);
#10242=LINE('',#10239,#10241);
#10243=EDGE_CURVE('',#10119,#10238,#10242,.T.);
#10244=ORIENTED_EDGE('',*,*,#10243,.F.);
#10245=ORIENTED_EDGE('',*,*,#10125,.T.);
#10246=ORIENTED_EDGE('',*,*,#10243,.T.);
#10247=CARTESIAN_POINT('',(18.002313062,92.6875,6.170431002));
#10248=DIRECTION('',(1.,0.,0.));
#10249=DIRECTION('',(0.,0.,-1.));
#10250=AXIS2_PLACEMENT_3D('',#10247,#10248,#10249);
#10251=CIRCLE('',#10250,5.);
#10252=EDGE_CURVE('',#10238,#10238,#10251,.T.);
#10253=ORIENTED_EDGE('',*,*,#10252,.F.);
#10254=EDGE_LOOP('',(#10244,#10245,#10246,#10253));
#10255=FACE_BOUND('',#10254,.T.);
#10256=ADVANCED_FACE('',(#10255),#10236,.F.);
#10257=CARTESIAN_POINT('',(18.002313062,0.,0.));
#10258=DIRECTION('',(1.,0.,0.));
#10259=DIRECTION('',(0.,1.,0.));
#10260=AXIS2_PLACEMENT_3D('',#10257,#10258,#10259);
#10261=PLANE('',#10260);
#10262=ORIENTED_EDGE('',*,*,#10252,.T.);
#10263=EDGE_LOOP('',(#10262));
#10264=FACE_BOUND('',#10263,.T.);
#10265=ADVANCED_FACE('',(#10264),#10261,.T.);
#10266=CARTESIAN_POINT('',(-17.997686938,82.,12.340862004));
#10267=DIRECTION('',(-1.,0.,-0.));
#10268=DIRECTION('',(-0.,0.,1.));
#10269=AXIS2_PLACEMENT_3D('',#10266,#10267,#10268);
#10270=CYLINDRICAL_SURFACE('',#10269,5.);
#10271=CARTESIAN_POINT('',(-17.997686938,82.,17.340862004));
#10272=VERTEX_POINT('',#10271);
#10273=CARTESIAN_POINT('',(-22.997686938,82.,17.340862004));
#10274=DIRECTION('',(1.,-0.,0.));
#10275=VECTOR('',#10274,5.);
#10276=LINE('',#10273,#10275);
#10277=EDGE_CURVE('',#9928,#10272,#10276,.T.);
#10278=ORIENTED_EDGE('',*,*,#10277,.F.);
#10279=ORIENTED_EDGE('',*,*,#9934,.F.);
#10280=ORIENTED_EDGE('',*,*,#9941,.F.);
#10281=ORIENTED_EDGE('',*,*,#10277,.T.);
#10282=CARTESIAN_POINT('',(-17.997686938,82.,7.340862004));
#10283=VERTEX_POINT('',#10282);
#10284=CARTESIAN_POINT('',(-17.997686938,82.,12.340862004));
#10285=DIRECTION('',(1.,0.,0.));
#10286=DIRECTION('',(0.,0.,-1.));
#10287=AXIS2_PLACEMENT_3D('',#10284,#10285,#10286);
#10288=CIRCLE('',#10287,5.);
#10289=EDGE_CURVE('',#10272,#10283,#10288,.T.);
#10290=ORIENTED_EDGE('',*,*,#10289,.T.);
#10291=CARTESIAN_POINT('',(-17.997686938,82.,12.340862004));
#10292=DIRECTION('',(1.,0.,0.));
#10293=DIRECTION('',(0.,0.,-1.));
#10294=AXIS2_PLACEMENT_3D('',#10291,#10292,#10293);
#10295=CIRCLE('',#10294,5.);
#10296=EDGE_CURVE('',#10283,#10272,#10295,.T.);
#10297=ORIENTED_EDGE('',*,*,#10296,.T.);
#10298=EDGE_LOOP('',(#10278,#10279,#10280,#10281,#10290,#10297));
#10299=FACE_BOUND('',#10298,.T.);
#10300=ADVANCED_FACE('',(#10299),#10270,.F.);
#10301=CARTESIAN_POINT('',(-17.997686938,0.,-0.));
#10302=DIRECTION('',(1.,0.,0.));
#10303=DIRECTION('',(0.,1.,0.));
#10304=AXIS2_PLACEMENT_3D('',#10301,#10302,#10303);
#10305=PLANE('',#10304);
#10306=ORIENTED_EDGE('',*,*,#10289,.F.);
#10307=ORIENTED_EDGE('',*,*,#10296,.F.);
#10308=EDGE_LOOP('',(#10306,#10307));
#10309=FACE_BOUND('',#10308,.T.);
#10310=ADVANCED_FACE('',(#10309),#10305,.F.);
#10311=CARTESIAN_POINT('',(-17.997686938,71.3125,6.170431002));
#10312=DIRECTION('',(-1.,0.,-0.));
#10313=DIRECTION('',(-0.,0.,1.));
#10314=AXIS2_PLACEMENT_3D('',#10311,#10312,#10313);
#10315=CYLINDRICAL_SURFACE('',#10314,5.);
#10316=CARTESIAN_POINT('',(-17.997686938,71.3125,11.170431002));
#10317=VERTEX_POINT('',#10316);
#10318=CARTESIAN_POINT('',(-22.997686938,71.3125,11.170431002));
#10319=DIRECTION('',(1.,-0.,0.));
#10320=VECTOR('',#10319,5.);
#10321=LINE('',#10318,#10320);
#10322=EDGE_CURVE('',#9908,#10317,#10321,.T.);
#10323=ORIENTED_EDGE('',*,*,#10322,.F.);
#10324=ORIENTED_EDGE('',*,*,#9914,.F.);
#10325=ORIENTED_EDGE('',*,*,#9921,.F.);
#10326=ORIENTED_EDGE('',*,*,#10322,.T.);
#10327=CARTESIAN_POINT('',(-17.997686938,71.3125,1.170431002));
#10328=VERTEX_POINT('',#10327);
#10329=CARTESIAN_POINT('',(-17.997686938,71.3125,6.170431002));
#10330=DIRECTION('',(1.,0.,0.));
#10331=DIRECTION('',(0.,0.,-1.));
#10332=AXIS2_PLACEMENT_3D('',#10329,#10330,#10331);
#10333=CIRCLE('',#10332,5.);
#10334=EDGE_CURVE('',#10317,#10328,#10333,.T.);
#10335=ORIENTED_EDGE('',*,*,#10334,.T.);
#10336=CARTESIAN_POINT('',(-17.997686938,71.3125,6.170431002));
#10337=DIRECTION('',(1.,0.,0.));
#10338=DIRECTION('',(0.,0.,-1.));
#10339=AXIS2_PLACEMENT_3D('',#10336,#10337,#10338);
#10340=CIRCLE('',#10339,5.);
#10341=EDGE_CURVE('',#10328,#10317,#10340,.T.);
#10342=ORIENTED_EDGE('',*,*,#10341,.T.);
#10343=EDGE_LOOP('',(#10323,#10324,#10325,#10326,#10335,#10342));
#10344=FACE_BOUND('',#10343,.T.);
#10345=ADVANCED_FACE('',(#10344),#10315,.F.);
#10346=CARTESIAN_POINT('',(-17.997686938,0.,-0.));
#10347=DIRECTION('',(1.,0.,0.));
#10348=DIRECTION('',(0.,1.,0.));
#10349=AXIS2_PLACEMENT_3D('',#10346,#10347,#10348);
#10350=PLANE('',#10349);
#10351=ORIENTED_EDGE('',*,*,#10334,.F.);
#10352=ORIENTED_EDGE('',*,*,#10341,.F.);
#10353=EDGE_LOOP('',(#10351,#10352));
#10354=FACE_BOUND('',#10353,.T.);
#10355=ADVANCED_FACE('',(#10354),#10350,.F.);
#10356=CARTESIAN_POINT('',(-17.997686938,92.6875,6.170431002));
#10357=DIRECTION('',(-1.,0.,-0.));
#10358=DIRECTION('',(-0.,0.,1.));
#10359=AXIS2_PLACEMENT_3D('',#10356,#10357,#10358);
#10360=CYLINDRICAL_SURFACE('',#10359,5.);
#10361=CARTESIAN_POINT('',(-17.997686938,92.6875,11.170431002));
#10362=VERTEX_POINT('',#10361);
#10363=CARTESIAN_POINT('',(-22.997686938,92.6875,11.170431002));
#10364=DIRECTION('',(1.,-0.,0.));
#10365=VECTOR('',#10364,5.);
#10366=LINE('',#10363,#10365);
#10367=EDGE_CURVE('',#9888,#10362,#10366,.T.);
#10368=ORIENTED_EDGE('',*,*,#10367,.F.);
#10369=ORIENTED_EDGE('',*,*,#9894,.F.);
#10370=ORIENTED_EDGE('',*,*,#9901,.F.);
#10371=ORIENTED_EDGE('',*,*,#10367,.T.);
#10372=CARTESIAN_POINT('',(-17.997686938,92.6875,1.170431002));
#10373=VERTEX_POINT('',#10372);
#10374=CARTESIAN_POINT('',(-17.997686938,92.6875,6.170431002));
#10375=DIRECTION('',(1.,0.,0.));
#10376=DIRECTION('',(0.,0.,-1.));
#10377=AXIS2_PLACEMENT_3D('',#10374,#10375,#10376);
#10378=CIRCLE('',#10377,5.);
#10379=EDGE_CURVE('',#10362,#10373,#10378,.T.);
#10380=ORIENTED_EDGE('',*,*,#10379,.T.);
#10381=CARTESIAN_POINT('',(-17.997686938,92.6875,6.170431002));
#10382=DIRECTION('',(1.,0.,0.));
#10383=DIRECTION('',(0.,0.,-1.));
#10384=AXIS2_PLACEMENT_3D('',#10381,#10382,#10383);
#10385=CIRCLE('',#10384,5.);
#10386=EDGE_CURVE('',#10373,#10362,#10385,.T.);
#10387=ORIENTED_EDGE('',*,*,#10386,.T.);
#10388=EDGE_LOOP('',(#10368,#10369,#10370,#10371,#10380,#10387));
#10389=FACE_BOUND('',#10388,.T.);
#10390=ADVANCED_FACE('',(#10389),#10360,.F.);
#10391=CARTESIAN_POINT('',(-17.997686938,0.,-0.));
#10392=DIRECTION('',(1.,0.,0.));
#10393=DIRECTION('',(0.,1.,0.));
#10394=AXIS2_PLACEMENT_3D('',#10391,#10392,#10393);
#10395=PLANE('',#10394);
#10396=ORIENTED_EDGE('',*,*,#10379,.F.);
#10397=ORIENTED_EDGE('',*,*,#10386,.F.);
#10398=EDGE_LOOP('',(#10396,#10397));
#10399=FACE_BOUND('',#10398,.T.);
#10400=ADVANCED_FACE('',(#10399),#10395,.F.);
#10401=CARTESIAN_POINT('',(-12.997686938,72.5,16.454482672));
#10402=DIRECTION('',(-1.,0.,-0.));
#10403=DIRECTION('',(-0.,0.,1.));
#10404=AXIS2_PLACEMENT_3D('',#10401,#10402,#10403);
#10405=CYLINDRICAL_SURFACE('',#10404,4.);
#10406=ORIENTED_EDGE('',*,*,#9486,.F.);
#10407=CARTESIAN_POINT('',(-11.997686938,72.5,12.454482672));
#10408=VERTEX_POINT('',#10407);
#10409=CARTESIAN_POINT('',(-11.997686938,72.5,16.454482672));
#10410=DIRECTION('',(1.,-0.,0.));
#10411=DIRECTION('',(-0.,0.,1.));
#10412=AXIS2_PLACEMENT_3D('',#10409,#10410,#10411);
#10413=CIRCLE('',#10412,4.);
#10414=EDGE_CURVE('',#9442,#10408,#10413,.T.);
#10415=ORIENTED_EDGE('',*,*,#10414,.T.);
#10416=CARTESIAN_POINT('',(-11.997686938,72.5,16.454482672));
#10417=DIRECTION('',(1.,-0.,0.));
#10418=DIRECTION('',(-0.,0.,1.));
#10419=AXIS2_PLACEMENT_3D('',#10416,#10417,#10418);
#10420=CIRCLE('',#10419,4.);
#10421=EDGE_CURVE('',#10408,#9395,#10420,.T.);
#10422=ORIENTED_EDGE('',*,*,#10421,.T.);
#10423=ORIENTED_EDGE('',*,*,#9400,.T.);
#10424=ORIENTED_EDGE('',*,*,#9992,.F.);
#10425=EDGE_LOOP('',(#10406,#10415,#10422,#10423,#10424));
#10426=FACE_BOUND('',#10425,.T.);
#10427=ADVANCED_FACE('',(#10426),#10405,.F.);
#10428=CARTESIAN_POINT('',(-12.997686938,101.,-0.));
#10429=DIRECTION('',(-1.,0.,-0.));
#10430=DIRECTION('',(-0.,0.,1.));
#10431=AXIS2_PLACEMENT_3D('',#10428,#10429,#10430);
#10432=CYLINDRICAL_SURFACE('',#10431,4.);
#10433=ORIENTED_EDGE('',*,*,#9280,.F.);
#10434=CARTESIAN_POINT('',(-11.997686938,101.,-0.));
#10435=DIRECTION('',(1.,-0.,0.));
#10436=DIRECTION('',(-0.,0.,1.));
#10437=AXIS2_PLACEMENT_3D('',#10434,#10435,#10436);
#10438=CIRCLE('',#10437,4.);
#10439=EDGE_CURVE('',#9236,#10036,#10438,.T.);
#10440=ORIENTED_EDGE('',*,*,#10439,.T.);
#10441=ORIENTED_EDGE('',*,*,#10041,.T.);
#10442=ORIENTED_EDGE('',*,*,#9961,.F.);
#10443=EDGE_LOOP('',(#10433,#10440,#10441,#10442));
#10444=FACE_BOUND('',#10443,.T.);
#10445=ADVANCED_FACE('',(#10444),#10432,.F.);
#10446=CARTESIAN_POINT('',(-12.997686938,63.,0.));
#10447=DIRECTION('',(-1.,0.,-0.));
#10448=DIRECTION('',(-0.,0.,1.));
#10449=AXIS2_PLACEMENT_3D('',#10446,#10447,#10448);
#10450=CYLINDRICAL_SURFACE('',#10449,4.);
#10451=ORIENTED_EDGE('',*,*,#9861,.T.);
#10452=CARTESIAN_POINT('',(-11.997686938,63.,0.));
#10453=DIRECTION('',(1.,-0.,0.));
#10454=DIRECTION('',(-0.,0.,1.));
#10455=AXIS2_PLACEMENT_3D('',#10452,#10453,#10454);
#10456=CIRCLE('',#10455,4.);
#10457=EDGE_CURVE('',#9847,#9498,#10456,.T.);
#10458=ORIENTED_EDGE('',*,*,#10457,.T.);
#10459=ORIENTED_EDGE('',*,*,#9503,.T.);
#10460=ORIENTED_EDGE('',*,*,#9984,.F.);
#10461=EDGE_LOOP('',(#10451,#10458,#10459,#10460));
#10462=FACE_BOUND('',#10461,.T.);
#10463=ADVANCED_FACE('',(#10462),#10450,.F.);
#10464=CARTESIAN_POINT('',(-12.997686938,91.5,16.454482672));
#10465=DIRECTION('',(-1.,0.,-0.));
#10466=DIRECTION('',(-0.,0.,1.));
#10467=AXIS2_PLACEMENT_3D('',#10464,#10465,#10466);
#10468=CYLINDRICAL_SURFACE('',#10467,4.);
#10469=ORIENTED_EDGE('',*,*,#9383,.F.);
#10470=CARTESIAN_POINT('',(-11.997686938,91.5,12.454482672));
#10471=VERTEX_POINT('',#10470);
#10472=CARTESIAN_POINT('',(-11.997686938,91.5,16.454482672));
#10473=DIRECTION('',(1.,-0.,0.));
#10474=DIRECTION('',(-0.,0.,1.));
#10475=AXIS2_PLACEMENT_3D('',#10472,#10473,#10474);
#10476=CIRCLE('',#10475,4.);
#10477=EDGE_CURVE('',#9339,#10471,#10476,.T.);
#10478=ORIENTED_EDGE('',*,*,#10477,.T.);
#10479=CARTESIAN_POINT('',(-11.997686938,91.5,16.454482672));
#10480=DIRECTION('',(1.,-0.,0.));
#10481=DIRECTION('',(-0.,0.,1.));
#10482=AXIS2_PLACEMENT_3D('',#10479,#10480,#10481);
#10483=CIRCLE('',#10482,4.);
#10484=EDGE_CURVE('',#10471,#9292,#10483,.T.);
#10485=ORIENTED_EDGE('',*,*,#10484,.T.);
#10486=ORIENTED_EDGE('',*,*,#9297,.T.);
#10487=ORIENTED_EDGE('',*,*,#9951,.F.);
#10488=EDGE_LOOP('',(#10469,#10478,#10485,#10486,#10487));
#10489=FACE_BOUND('',#10488,.T.);
#10490=ADVANCED_FACE('',(#10489),#10468,.F.);
#10491=CARTESIAN_POINT('',(8.002313062,63.,0.));
#10492=DIRECTION('',(1.,0.,0.));
#10493=DIRECTION('',(0.,0.,-1.));
#10494=AXIS2_PLACEMENT_3D('',#10491,#10492,#10493);
#10495=CYLINDRICAL_SURFACE('',#10494,4.);
#10496=ORIENTED_EDGE('',*,*,#9597,.T.);
#10497=CARTESIAN_POINT('',(12.002313062,63.,0.));
#10498=DIRECTION('',(-1.,-0.,-0.));
#10499=DIRECTION('',(0.,0.,-1.));
#10500=AXIS2_PLACEMENT_3D('',#10497,#10498,#10499);
#10501=CIRCLE('',#10500,4.);
#10502=EDGE_CURVE('',#9553,#9831,#10501,.T.);
#10503=ORIENTED_EDGE('',*,*,#10502,.T.);
#10504=ORIENTED_EDGE('',*,*,#9836,.F.);
#10505=ORIENTED_EDGE('',*,*,#10105,.T.);
#10506=EDGE_LOOP('',(#10496,#10503,#10504,#10505));
#10507=FACE_BOUND('',#10506,.T.);
#10508=ADVANCED_FACE('',(#10507),#10495,.F.);
#10509=CARTESIAN_POINT('',(8.002313062,72.5,16.454482672));
#10510=DIRECTION('',(1.,0.,0.));
#10511=DIRECTION('',(0.,0.,-1.));
#10512=AXIS2_PLACEMENT_3D('',#10509,#10510,#10511);
#10513=CYLINDRICAL_SURFACE('',#10512,4.);
#10514=CARTESIAN_POINT('',(12.002313062,72.5,12.454482672));
#10515=VERTEX_POINT('',#10514);
#10516=CARTESIAN_POINT('',(23.002313062,72.5,12.454482672));
#10517=DIRECTION('',(-1.,-0.,-0.));
#10518=VECTOR('',#10517,11.);
#10519=LINE('',#10516,#10518);
#10520=EDGE_CURVE('',#10084,#10515,#10519,.T.);
#10521=ORIENTED_EDGE('',*,*,#10520,.F.);
#10522=ORIENTED_EDGE('',*,*,#10090,.T.);
#10523=ORIENTED_EDGE('',*,*,#9700,.T.);
#10524=CARTESIAN_POINT('',(12.002313062,72.5,16.454482672));
#10525=DIRECTION('',(-1.,-0.,-0.));
#10526=DIRECTION('',(0.,0.,-1.));
#10527=AXIS2_PLACEMENT_3D('',#10524,#10525,#10526);
#10528=CIRCLE('',#10527,4.);
#10529=EDGE_CURVE('',#9656,#10515,#10528,.T.);
#10530=ORIENTED_EDGE('',*,*,#10529,.T.);
#10531=EDGE_LOOP('',(#10521,#10522,#10523,#10530));
#10532=FACE_BOUND('',#10531,.T.);
#10533=ADVANCED_FACE('',(#10532),#10513,.F.);
#10534=CARTESIAN_POINT('',(8.002313062,91.5,16.454482672));
#10535=DIRECTION('',(1.,0.,0.));
#10536=DIRECTION('',(0.,0.,-1.));
#10537=AXIS2_PLACEMENT_3D('',#10534,#10535,#10536);
#10538=CYLINDRICAL_SURFACE('',#10537,4.);
#10539=CARTESIAN_POINT('',(12.002313062,91.5,12.454482672));
#10540=VERTEX_POINT('',#10539);
#10541=CARTESIAN_POINT('',(23.002313062,91.5,12.454482672));
#10542=DIRECTION('',(-1.,-0.,-0.));
#10543=VECTOR('',#10542,11.);
#10544=LINE('',#10541,#10543);
#10545=EDGE_CURVE('',#10067,#10540,#10544,.T.);
#10546=ORIENTED_EDGE('',*,*,#10545,.F.);
#10547=ORIENTED_EDGE('',*,*,#10073,.T.);
#10548=ORIENTED_EDGE('',*,*,#9803,.T.);
#10549=CARTESIAN_POINT('',(12.002313062,91.5,16.454482672));
#10550=DIRECTION('',(-1.,-0.,-0.));
#10551=DIRECTION('',(0.,0.,-1.));
#10552=AXIS2_PLACEMENT_3D('',#10549,#10550,#10551);
#10553=CIRCLE('',#10552,4.);
#10554=EDGE_CURVE('',#9759,#10540,#10553,.T.);
#10555=ORIENTED_EDGE('',*,*,#10554,.T.);
#10556=EDGE_LOOP('',(#10546,#10547,#10548,#10555));
#10557=FACE_BOUND('',#10556,.T.);
#10558=ADVANCED_FACE('',(#10557),#10538,.F.);
#10559=CARTESIAN_POINT('',(8.002313062,101.,0.));
#10560=DIRECTION('',(1.,0.,0.));
#10561=DIRECTION('',(0.,0.,-1.));
#10562=AXIS2_PLACEMENT_3D('',#10559,#10560,#10561);
#10563=CYLINDRICAL_SURFACE('',#10562,4.);
#10564=ORIENTED_EDGE('',*,*,#10018,.F.);
#10565=CARTESIAN_POINT('',(12.002313062,101.,0.));
#10566=DIRECTION('',(-1.,-0.,-0.));
#10567=DIRECTION('',(0.,0.,-1.));
#10568=AXIS2_PLACEMENT_3D('',#10565,#10566,#10567);
#10569=CIRCLE('',#10568,4.);
#10570=EDGE_CURVE('',#10004,#9179,#10569,.T.);
#10571=ORIENTED_EDGE('',*,*,#10570,.T.);
#10572=ORIENTED_EDGE('',*,*,#9186,.T.);
#10573=ORIENTED_EDGE('',*,*,#10063,.T.);
#10574=EDGE_LOOP('',(#10564,#10571,#10572,#10573));
#10575=FACE_BOUND('',#10574,.T.);
#10576=ADVANCED_FACE('',(#10575),#10563,.F.);
#10577=CARTESIAN_POINT('',(12.002313062,91.5,16.454482672));
#10578=DIRECTION('',(1.,0.,0.));
#10579=DIRECTION('',(0.,0.,-1.));
#10580=AXIS2_PLACEMENT_3D('',#10577,#10578,#10579);
#10581=SPHERICAL_SURFACE('',#10580,4.);
#10582=CARTESIAN_POINT('',(12.002313062,91.5,16.454482672));
#10583=DIRECTION('',(-0.,1.,-0.));
#10584=DIRECTION('',(0.,0.,-1.));
#10585=AXIS2_PLACEMENT_3D('',#10582,#10583,#10584);
#10586=CIRCLE('',#10585,4.);
#10587=EDGE_CURVE('',#10540,#9720,#10586,.T.);
#10588=ORIENTED_EDGE('',*,*,#10587,.F.);
#10589=ORIENTED_EDGE('',*,*,#10554,.F.);
#10590=ORIENTED_EDGE('',*,*,#9795,.F.);
#10591=EDGE_LOOP('',(#10588,#10589,#10590));
#10592=FACE_BOUND('',#10591,.T.);
#10593=ADVANCED_FACE('',(#10592),#10581,.F.);
#10594=CARTESIAN_POINT('',(12.002313062,101.,0.));
#10595=DIRECTION('',(1.,0.,0.));
#10596=DIRECTION('',(0.,0.,-1.));
#10597=AXIS2_PLACEMENT_3D('',#10594,#10595,#10596);
#10598=SPHERICAL_SURFACE('',#10597,4.);
#10599=ORIENTED_EDGE('',*,*,#9225,.F.);
#10600=ORIENTED_EDGE('',*,*,#10570,.F.);
#10601=ORIENTED_EDGE('',*,*,#10010,.F.);
#10602=EDGE_LOOP('',(#10599,#10600,#10601));
#10603=FACE_BOUND('',#10602,.T.);
#10604=ADVANCED_FACE('',(#10603),#10598,.F.);
#10605=CARTESIAN_POINT('',(12.002313062,63.,0.));
#10606=DIRECTION('',(1.,0.,0.));
#10607=DIRECTION('',(0.,0.,-1.));
#10608=AXIS2_PLACEMENT_3D('',#10605,#10606,#10607);
#10609=SPHERICAL_SURFACE('',#10608,4.);
#10610=ORIENTED_EDGE('',*,*,#9843,.F.);
#10611=ORIENTED_EDGE('',*,*,#10502,.F.);
#10612=ORIENTED_EDGE('',*,*,#9589,.F.);
#10613=EDGE_LOOP('',(#10610,#10611,#10612));
#10614=FACE_BOUND('',#10613,.T.);
#10615=ADVANCED_FACE('',(#10614),#10609,.F.);
#10616=CARTESIAN_POINT('',(12.002313062,72.5,16.454482672));
#10617=DIRECTION('',(1.,0.,0.));
#10618=DIRECTION('',(0.,0.,-1.));
#10619=AXIS2_PLACEMENT_3D('',#10616,#10617,#10618);
#10620=SPHERICAL_SURFACE('',#10619,4.);
#10621=CARTESIAN_POINT('',(12.002313062,72.5,16.454482672));
#10622=DIRECTION('',(-0.,1.,-0.));
#10623=DIRECTION('',(0.,0.,-1.));
#10624=AXIS2_PLACEMENT_3D('',#10621,#10622,#10623);
#10625=CIRCLE('',#10624,4.);
#10626=EDGE_CURVE('',#10515,#9617,#10625,.T.);
#10627=ORIENTED_EDGE('',*,*,#10626,.F.);
#10628=ORIENTED_EDGE('',*,*,#10529,.F.);
#10629=ORIENTED_EDGE('',*,*,#9692,.F.);
#10630=EDGE_LOOP('',(#10627,#10628,#10629));
#10631=FACE_BOUND('',#10630,.T.);
#10632=ADVANCED_FACE('',(#10631),#10620,.F.);
#10633=CARTESIAN_POINT('',(-11.997686938,72.5,16.454482672));
#10634=DIRECTION('',(1.,0.,0.));
#10635=DIRECTION('',(0.,0.,-1.));
#10636=AXIS2_PLACEMENT_3D('',#10633,#10634,#10635);
#10637=SPHERICAL_SURFACE('',#10636,4.);
#10638=CARTESIAN_POINT('',(-11.997686938,72.5,16.454482672));
#10639=DIRECTION('',(-0.,1.,-0.));
#10640=DIRECTION('',(0.,0.,-1.));
#10641=AXIS2_PLACEMENT_3D('',#10638,#10639,#10640);
#10642=CIRCLE('',#10641,4.);
#10643=EDGE_CURVE('',#9403,#10408,#10642,.T.);
#10644=ORIENTED_EDGE('',*,*,#10643,.F.);
#10645=ORIENTED_EDGE('',*,*,#9439,.F.);
#10646=ORIENTED_EDGE('',*,*,#10421,.F.);
#10647=EDGE_LOOP('',(#10644,#10645,#10646));
#10648=FACE_BOUND('',#10647,.T.);
#10649=ADVANCED_FACE('',(#10648),#10637,.F.);
#10650=CARTESIAN_POINT('',(-11.997686938,63.,0.));
#10651=DIRECTION('',(1.,0.,0.));
#10652=DIRECTION('',(0.,0.,-1.));
#10653=AXIS2_PLACEMENT_3D('',#10650,#10651,#10652);
#10654=SPHERICAL_SURFACE('',#10653,4.);
#10655=ORIENTED_EDGE('',*,*,#10457,.F.);
#10656=ORIENTED_EDGE('',*,*,#9853,.F.);
#10657=ORIENTED_EDGE('',*,*,#9542,.F.);
#10658=EDGE_LOOP('',(#10655,#10656,#10657));
#10659=FACE_BOUND('',#10658,.T.);
#10660=ADVANCED_FACE('',(#10659),#10654,.F.);
#10661=CARTESIAN_POINT('',(-11.997686938,91.5,16.454482672));
#10662=DIRECTION('',(1.,0.,0.));
#10663=DIRECTION('',(0.,0.,-1.));
#10664=AXIS2_PLACEMENT_3D('',#10661,#10662,#10663);
#10665=SPHERICAL_SURFACE('',#10664,4.);
#10666=CARTESIAN_POINT('',(-11.997686938,91.5,16.454482672));
#10667=DIRECTION('',(-0.,1.,-0.));
#10668=DIRECTION('',(0.,0.,-1.));
#10669=AXIS2_PLACEMENT_3D('',#10666,#10667,#10668);
#10670=CIRCLE('',#10669,4.);
#10671=EDGE_CURVE('',#9300,#10471,#10670,.T.);
#10672=ORIENTED_EDGE('',*,*,#10671,.F.);
#10673=ORIENTED_EDGE('',*,*,#9336,.F.);
#10674=ORIENTED_EDGE('',*,*,#10484,.F.);
#10675=EDGE_LOOP('',(#10672,#10673,#10674));
#10676=FACE_BOUND('',#10675,.T.);
#10677=ADVANCED_FACE('',(#10676),#10665,.F.);
#10678=CARTESIAN_POINT('',(-11.997686938,101.,-0.));
#10679=DIRECTION('',(1.,0.,0.));
#10680=DIRECTION('',(0.,0.,-1.));
#10681=AXIS2_PLACEMENT_3D('',#10678,#10679,#10680);
#10682=SPHERICAL_SURFACE('',#10681,4.);
#10683=ORIENTED_EDGE('',*,*,#10439,.F.);
#10684=ORIENTED_EDGE('',*,*,#9272,.F.);
#10685=ORIENTED_EDGE('',*,*,#10048,.F.);
#10686=EDGE_LOOP('',(#10683,#10684,#10685));
#10687=FACE_BOUND('',#10686,.T.);
#10688=ADVANCED_FACE('',(#10687),#10682,.F.);
#10689=CARTESIAN_POINT('',(8.002313062,72.5,16.454482672));
#10690=DIRECTION('',(1.,0.,0.));
#10691=DIRECTION('',(0.,0.,-1.));
#10692=AXIS2_PLACEMENT_3D('',#10689,#10690,#10691);
#10693=CYLINDRICAL_SURFACE('',#10692,4.);
#10694=ORIENTED_EDGE('',*,*,#10520,.T.);
#10695=CARTESIAN_POINT('',(12.002313062,72.5,16.454482672));
#10696=DIRECTION('',(-1.,-0.,-0.));
#10697=DIRECTION('',(0.,0.,-1.));
#10698=AXIS2_PLACEMENT_3D('',#10695,#10696,#10697);
#10699=CIRCLE('',#10698,4.);
#10700=EDGE_CURVE('',#10515,#9609,#10699,.T.);
#10701=ORIENTED_EDGE('',*,*,#10700,.T.);
#10702=ORIENTED_EDGE('',*,*,#9614,.T.);
#10703=ORIENTED_EDGE('',*,*,#10097,.T.);
#10704=EDGE_LOOP('',(#10694,#10701,#10702,#10703));
#10705=FACE_BOUND('',#10704,.T.);
#10706=ADVANCED_FACE('',(#10705),#10693,.F.);
#10707=CARTESIAN_POINT('',(8.002313062,91.5,16.454482672));
#10708=DIRECTION('',(1.,0.,0.));
#10709=DIRECTION('',(0.,0.,-1.));
#10710=AXIS2_PLACEMENT_3D('',#10707,#10708,#10709);
#10711=CYLINDRICAL_SURFACE('',#10710,4.);
#10712=ORIENTED_EDGE('',*,*,#10545,.T.);
#10713=CARTESIAN_POINT('',(12.002313062,91.5,16.454482672));
#10714=DIRECTION('',(-1.,-0.,-0.));
#10715=DIRECTION('',(0.,0.,-1.));
#10716=AXIS2_PLACEMENT_3D('',#10713,#10714,#10715);
#10717=CIRCLE('',#10716,4.);
#10718=EDGE_CURVE('',#10540,#9712,#10717,.T.);
#10719=ORIENTED_EDGE('',*,*,#10718,.T.);
#10720=ORIENTED_EDGE('',*,*,#9717,.T.);
#10721=ORIENTED_EDGE('',*,*,#10080,.T.);
#10722=EDGE_LOOP('',(#10712,#10719,#10720,#10721));
#10723=FACE_BOUND('',#10722,.T.);
#10724=ADVANCED_FACE('',(#10723),#10711,.F.);
#10725=CARTESIAN_POINT('',(12.002313062,91.5,16.454482672));
#10726=DIRECTION('',(1.,0.,0.));
#10727=DIRECTION('',(0.,0.,-1.));
#10728=AXIS2_PLACEMENT_3D('',#10725,#10726,#10727);
#10729=SPHERICAL_SURFACE('',#10728,4.);
#10730=ORIENTED_EDGE('',*,*,#10587,.T.);
#10731=ORIENTED_EDGE('',*,*,#9756,.F.);
#10732=ORIENTED_EDGE('',*,*,#10718,.F.);
#10733=EDGE_LOOP('',(#10730,#10731,#10732));
#10734=FACE_BOUND('',#10733,.T.);
#10735=ADVANCED_FACE('',(#10734),#10729,.F.);
#10736=CARTESIAN_POINT('',(12.002313062,72.5,16.454482672));
#10737=DIRECTION('',(1.,0.,0.));
#10738=DIRECTION('',(0.,0.,-1.));
#10739=AXIS2_PLACEMENT_3D('',#10736,#10737,#10738);
#10740=SPHERICAL_SURFACE('',#10739,4.);
#10741=ORIENTED_EDGE('',*,*,#10626,.T.);
#10742=ORIENTED_EDGE('',*,*,#9653,.F.);
#10743=ORIENTED_EDGE('',*,*,#10700,.F.);
#10744=EDGE_LOOP('',(#10741,#10742,#10743));
#10745=FACE_BOUND('',#10744,.T.);
#10746=ADVANCED_FACE('',(#10745),#10740,.F.);
#10747=CARTESIAN_POINT('',(-11.997686938,72.5,16.454482672));
#10748=DIRECTION('',(1.,0.,0.));
#10749=DIRECTION('',(0.,0.,-1.));
#10750=AXIS2_PLACEMENT_3D('',#10747,#10748,#10749);
#10751=SPHERICAL_SURFACE('',#10750,4.);
#10752=ORIENTED_EDGE('',*,*,#10643,.T.);
#10753=ORIENTED_EDGE('',*,*,#10414,.F.);
#10754=ORIENTED_EDGE('',*,*,#9478,.F.);
#10755=EDGE_LOOP('',(#10752,#10753,#10754));
#10756=FACE_BOUND('',#10755,.T.);
#10757=ADVANCED_FACE('',(#10756),#10751,.F.);
#10758=CARTESIAN_POINT('',(-11.997686938,91.5,16.454482672));
#10759=DIRECTION('',(1.,0.,0.));
#10760=DIRECTION('',(0.,0.,-1.));
#10761=AXIS2_PLACEMENT_3D('',#10758,#10759,#10760);
#10762=SPHERICAL_SURFACE('',#10761,4.);
#10763=ORIENTED_EDGE('',*,*,#10671,.T.);
#10764=ORIENTED_EDGE('',*,*,#10477,.F.);
#10765=ORIENTED_EDGE('',*,*,#9375,.F.);
#10766=EDGE_LOOP('',(#10763,#10764,#10765));
#10767=FACE_BOUND('',#10766,.T.);
#10768=ADVANCED_FACE('',(#10767),#10762,.F.);
#10769=CLOSED_SHELL('',(#9814,#9879,#9996,#10052,#10151,#10163,#10188,#10197,#10222,#10231,#10256,#10265,#10300,#10310,#10345,#10355,#10390,#10400,#10427,#10445,#10463,#10490,#10508,#10533,#10558,#10576,
#10593,#10604,#10615,#10632,#10649,#10660,#10677,#10688,#10706,#10724,#10735,#10746,#10757,#10768));
#10770=MANIFOLD_SOLID_BREP('Cylinder-Top',#10769);
#9172=STYLED_ITEM('',(#347),#10770);
#10772=CARTESIAN_POINT('',(-22.997686938,82.,0.));
#10773=DIRECTION('',(1.,0.,0.));
#10774=DIRECTION('',(0.,0.,-1.));
#10775=AXIS2_PLACEMENT_3D('',#10772,#10773,#10774);
#10776=CYLINDRICAL_SURFACE('',#10775,19.);
#10777=CARTESIAN_POINT('',(23.002313062,82.,-19.));
#10778=VERTEX_POINT('',#10777);
#10779=CARTESIAN_POINT('',(-22.997686938,82.,-19.));
#10780=VERTEX_POINT('',#10779);
#10781=CARTESIAN_POINT('',(23.002313062,82.,-19.));
#10782=DIRECTION('',(-1.,-0.,-0.));
#10783=VECTOR('',#10782,46.);
#10784=LINE('',#10781,#10783);
#10785=EDGE_CURVE('',#10778,#10780,#10784,.T.);
#10786=ORIENTED_EDGE('',*,*,#10785,.T.);
#10787=CARTESIAN_POINT('',(-22.997686938,87.844617227,-18.0787292));
#10788=VERTEX_POINT('',#10787);
#10789=CARTESIAN_POINT('',(-22.997686938,82.,0.));
#10790=DIRECTION('',(1.,0.,0.));
#10791=DIRECTION('',(0.,0.,-1.));
#10792=AXIS2_PLACEMENT_3D('',#10789,#10790,#10791);
#10793=CIRCLE('',#10792,19.);
#10794=EDGE_CURVE('',#10780,#10788,#10793,.T.);
#10795=ORIENTED_EDGE('',*,*,#10794,.T.);
#10796=CARTESIAN_POINT('',(-11.997686938,87.844617227,-18.0787292));
#10797=VERTEX_POINT('',#10796);
#10798=CARTESIAN_POINT('',(-11.997686938,87.844617227,-18.0787292));
#10799=DIRECTION('',(-1.,0.,-0.));
#10800=VECTOR('',#10799,11.);
#10801=LINE('',#10798,#10800);
#10802=EDGE_CURVE('',#10797,#10788,#10801,.T.);
#10803=ORIENTED_EDGE('',*,*,#10802,.F.);
#10804=CARTESIAN_POINT('',(-7.997686938,91.5,-16.454482672));
#10805=VERTEX_POINT('',#10804);
#10806=CARTESIAN_POINT('',(-11.997686938,87.844617227,-18.0787292));
#10807=CARTESIAN_POINT('',(-11.733377544,87.844617227,-18.0787292));
#10808=CARTESIAN_POINT('',(-11.47351897,87.869455031,-18.070752794));
#10809=CARTESIAN_POINT('',(-11.217923669,87.917987929,-18.054844748));
#10810=CARTESIAN_POINT('',(-11.090126018,87.942254378,-18.046890725));
#10811=CARTESIAN_POINT('',(-10.963402042,87.972485573,-18.036931));
#10812=CARTESIAN_POINT('',(-10.837775052,88.008781144,-18.02483146));
#10813=CARTESIAN_POINT('',(-10.712148062,88.045076714,-18.01273192));
#10814=CARTESIAN_POINT('',(-10.587310951,88.087630055,-17.998424931));
#10815=CARTESIAN_POINT('',(-10.466286014,88.135324991,-17.982151908));
#10816=CARTESIAN_POINT('',(-10.224236141,88.230714863,-17.949605863));
#10817=CARTESIAN_POINT('',(-9.994658195,88.347155057,-17.909070428));
#10818=CARTESIAN_POINT('',(-9.777402948,88.483954101,-17.859404783));
#10819=CARTESIAN_POINT('',(-9.560147701,88.620753144,-17.809739139));
#10820=CARTESIAN_POINT('',(-9.354524801,88.779255846,-17.750374861));
#10821=CARTESIAN_POINT('',(-9.170205633,88.951159418,-17.682799064));
#10822=CARTESIAN_POINT('',(-8.985886465,89.123062989,-17.615223268));
#10823=CARTESIAN_POINT('',(-8.820389233,89.309614068,-17.539024961));
#10824=CARTESIAN_POINT('',(-8.674140282,89.510554116,-17.452552159));
#10825=CARTESIAN_POINT('',(-8.601015806,89.61102414,-17.409315758));
#10826=CARTESIAN_POINT('',(-8.532939937,89.714983441,-17.363535177));
#10827=CARTESIAN_POINT('',(-8.471223252,89.820179922,-17.316026853));
#10828=CARTESIAN_POINT('',(-8.409506567,89.925376403,-17.26851853));
#10829=CARTESIAN_POINT('',(-8.353724855,90.03236679,-17.219046272));
#10830=CARTESIAN_POINT('',(-8.303789007,90.141059151,-17.167502902));
#10831=CARTESIAN_POINT('',(-8.253853159,90.249751512,-17.115959533));
#10832=CARTESIAN_POINT('',(-8.209763016,90.360145998,-17.062345524));
#10833=CARTESIAN_POINT('',(-8.171603732,90.472213104,-17.006516549));
#10834=CARTESIAN_POINT('',(-8.133444448,90.58428021,-16.950687574));
#10835=CARTESIAN_POINT('',(-8.101105731,90.69856855,-16.892353483));
#10836=CARTESIAN_POINT('',(-8.075279207,90.813058217,-16.83240936));
#10837=CARTESIAN_POINT('',(-8.023626159,91.042037551,-16.712521114));
#10838=CARTESIAN_POINT('',(-7.997686938,91.271068867,-16.586656123));
#10839=CARTESIAN_POINT('',(-7.997686938,91.5,-16.454482672));
#10840=B_SPLINE_CURVE_WITH_KNOTS('',3,(#10806,#10807,#10808,#10809,#10810,#10811,#10812,#10813,#10814,#10815,#10816,#10817,#10818,#10819,#10820,#10821,#10822,#10823,#10824,#10825,#10826,#10827,#10828,#10829,#10830,#10831,
#10832,#10833,#10834,#10835,#10836,#10837,#10838,#10839),.UNSPECIFIED.,.F.,.F.,(4,3,3,3,3,3,3,3,3,3,3,4),(0.,0.000781633,0.001172449,0.001563266,0.002344898,0.003126531,0.003908164,0.004298981,0.004689797,0.005080613,0.00547143,0.006253063),.UNSPECIFIED.);
#10841=EDGE_CURVE('',#10797,#10805,#10840,.T.);
#10842=ORIENTED_EDGE('',*,*,#10841,.T.);
#10843=CARTESIAN_POINT('',(-11.997686938,94.734330141,-14.100951594));
#10844=VERTEX_POINT('',#10843);
#10845=CARTESIAN_POINT('',(-7.997686938,91.5,-16.454482672));
#10846=CARTESIAN_POINT('',(-7.997686938,91.728913602,-16.322319342));
#10847=CARTESIAN_POINT('',(-8.023618957,91.951146835,-16.187650999));
#10848=CARTESIAN_POINT('',(-8.074422552,92.167133677,-16.05083776));
#10849=CARTESIAN_POINT('',(-8.099824349,92.275127098,-15.982431141));
#10850=CARTESIAN_POINT('',(-8.131492389,92.381551291,-15.91349136));
#10851=CARTESIAN_POINT('',(-8.169580948,92.48641766,-15.844085479));
#10852=CARTESIAN_POINT('',(-8.207669507,92.591284029,-15.774679598));
#10853=CARTESIAN_POINT('',(-8.252334025,92.694711707,-15.704706222));
#10854=CARTESIAN_POINT('',(-8.302466289,92.79433879,-15.635928181));
#10855=CARTESIAN_POINT('',(-8.402730815,92.993592955,-15.4983721));
#10856=CARTESIAN_POINT('',(-8.525445604,93.180133103,-15.363985814));
#10857=CARTESIAN_POINT('',(-8.6705469,93.354759902,-15.233825113));
#10858=CARTESIAN_POINT('',(-8.743097548,93.442073301,-15.168744763));
#10859=CARTESIAN_POINT('',(-8.82172799,93.526800954,-15.104411198));
#10860=CARTESIAN_POINT('',(-8.90510955,93.607452151,-15.042175859));
#10861=CARTESIAN_POINT('',(-8.98849111,93.688103347,-14.97994052));
#10862=CARTESIAN_POINT('',(-9.076272571,93.764444656,-14.919999215));
#10863=CARTESIAN_POINT('',(-9.16834024,93.836710329,-14.862445579));
#10864=CARTESIAN_POINT('',(-9.352475577,93.981241675,-14.747338307));
#10865=CARTESIAN_POINT('',(-9.553632268,94.109583645,-14.64170764));
#10866=CARTESIAN_POINT('',(-9.77241234,94.222157602,-14.547125612));
#10867=CARTESIAN_POINT('',(-9.991192412,94.334731559,-14.452543584));
#10868=CARTESIAN_POINT('',(-10.222663852,94.428774698,-14.371347576));
#10869=CARTESIAN_POINT('',(-10.463097825,94.504337153,-14.305298052));
#10870=CARTESIAN_POINT('',(-10.583314812,94.542118381,-14.27227329));
#10871=CARTESIAN_POINT('',(-10.706050139,94.575375882,-14.242941945));
#10872=CARTESIAN_POINT('',(-10.831353836,94.604103699,-14.217474106));
#10873=CARTESIAN_POINT('',(-10.956657533,94.632831515,-14.192006267));
#10874=CARTESIAN_POINT('',(-11.085134931,94.657097638,-14.170340535));
#10875=CARTESIAN_POINT('',(-11.214171698,94.676400393,-14.153051723));
#10876=CARTESIAN_POINT('',(-11.472245233,94.715005903,-14.1184741));
#10877=CARTESIAN_POINT('',(-11.733403231,94.734330141,-14.100951594));
#10878=CARTESIAN_POINT('',(-11.997686938,94.734330141,-14.100951594));
#10879=B_SPLINE_CURVE_WITH_KNOTS('',3,(#10845,#10846,#10847,#10848,#10849,#10850,#10851,#10852,#10853,#10854,#10855,#10856,#10857,#10858,#10859,#10860,#10861,#10862,#10863,#10864,#10865,#10866,#10867,#10868,#10869,#10870,
#10871,#10872,#10873,#10874,#10875,#10876,#10877,#10878),.UNSPECIFIED.,.F.,.F.,(4,3,3,3,3,3,3,3,3,3,3,4),(0.,0.000781636,0.001172454,0.001563272,0.002344909,0.002735727,0.003126545,0.003908181,0.004689817,0.005080636,0.005471454,0.00625309),.UNSPECIFIED.);
#10880=EDGE_CURVE('',#10805,#10844,#10879,.T.);
#10881=ORIENTED_EDGE('',*,*,#10880,.T.);
#10882=CARTESIAN_POINT('',(-22.997686938,94.734330141,-14.100951594));
#10883=VERTEX_POINT('',#10882);
#10884=CARTESIAN_POINT('',(-11.997686938,94.734330141,-14.100951594));
#10885=DIRECTION('',(-1.,0.,-0.));
#10886=VECTOR('',#10885,11.);
#10887=LINE('',#10884,#10886);
#10888=EDGE_CURVE('',#10844,#10883,#10887,.T.);
#10889=ORIENTED_EDGE('',*,*,#10888,.T.);
#10890=CARTESIAN_POINT('',(-22.997686938,100.578947368,-3.977777606));
#10891=VERTEX_POINT('',#10890);
#10892=CARTESIAN_POINT('',(-22.997686938,82.,0.));
#10893=DIRECTION('',(1.,0.,0.));
#10894=DIRECTION('',(0.,0.,-1.));
#10895=AXIS2_PLACEMENT_3D('',#10892,#10893,#10894);
#10896=CIRCLE('',#10895,19.);
#10897=EDGE_CURVE('',#10883,#10891,#10896,.T.);
#10898=ORIENTED_EDGE('',*,*,#10897,.T.);
#10899=CARTESIAN_POINT('',(-11.997686938,100.578947368,-3.977777606));
#10900=VERTEX_POINT('',#10899);
#10901=CARTESIAN_POINT('',(-11.997686938,100.578947368,-3.977777606));
#10902=DIRECTION('',(-1.,0.,-0.));
#10903=VECTOR('',#10902,11.);
#10904=LINE('',#10901,#10903);
#10905=EDGE_CURVE('',#10900,#10891,#10904,.T.);
#10906=ORIENTED_EDGE('',*,*,#10905,.F.);
#10907=CARTESIAN_POINT('',(-7.997686938,101.,0.));
#10908=VERTEX_POINT('',#10907);
#10909=CARTESIAN_POINT('',(-11.997686938,100.578947368,-3.977777606));
#10910=CARTESIAN_POINT('',(-11.733377544,100.578947368,-3.977777606));
#10911=CARTESIAN_POINT('',(-11.47351897,100.5844585,-3.952279234));
#10912=CARTESIAN_POINT('',(-11.217923669,100.594948178,-3.902294488));
#10913=CARTESIAN_POINT('',(-11.090126018,100.600193016,-3.877302115));
#10914=CARTESIAN_POINT('',(-10.963402042,100.606683239,-3.84614127));
#10915=CARTESIAN_POINT('',(-10.837775052,100.614352515,-3.808658614));
#10916=CARTESIAN_POINT('',(-10.712148062,100.622021792,-3.771175958));
#10917=CARTESIAN_POINT('',(-10.587310951,100.630908246,-3.727170189));
#10918=CARTESIAN_POINT('',(-10.466286014,100.640662863,-3.677728652));
#10919=CARTESIAN_POINT('',(-10.224236141,100.660172097,-3.578845576));
#10920=CARTESIAN_POINT('',(-9.994658195,100.683287478,-3.457737693));
#10921=CARTESIAN_POINT('',(-9.777402948,100.708675289,-3.314433424));
#10922=CARTESIAN_POINT('',(-9.560147701,100.734063101,-3.171129154));
#10923=CARTESIAN_POINT('',(-9.354524801,100.76190348,-3.004179649));
#10924=CARTESIAN_POINT('',(-9.170205633,100.789332909,-2.821518891));
#10925=CARTESIAN_POINT('',(-8.985886465,100.816762337,-2.638858133));
#10926=CARTESIAN_POINT('',(-8.820389233,100.844048208,-2.439201006));
#10927=CARTESIAN_POINT('',(-8.674140282,100.869630589,-2.221945419));
#10928=CARTESIAN_POINT('',(-8.601015806,100.882421779,-2.113317625));
#10929=CARTESIAN_POINT('',(-8.532939937,100.894754284,-2.000395939));
#10930=CARTESIAN_POINT('',(-8.471223252,100.906209109,-1.885538952));
#10931=CARTESIAN_POINT('',(-8.409506567,100.917663934,-1.770681966));
#10932=CARTESIAN_POINT('',(-8.353724855,100.928314895,-1.653289443));
#10933=CARTESIAN_POINT('',(-8.303789007,100.938023208,-1.533387412));
#10934=CARTESIAN_POINT('',(-8.253853159,100.947731522,-1.413485382));
#10935=CARTESIAN_POINT('',(-8.209763016,100.95649767,-1.291073949));
#10936=CARTESIAN_POINT('',(-8.171603732,100.964181913,-1.1661065));
#10937=CARTESIAN_POINT('',(-8.133444448,100.971866156,-1.041139051));
#10938=CARTESIAN_POINT('',(-8.101105747,100.978491525,-0.912995399));
#10939=CARTESIAN_POINT('',(-8.075279207,100.983823221,-0.783872379));
#10940=CARTESIAN_POINT('',(-8.023626128,100.994486613,-0.525626339));
#10941=CARTESIAN_POINT('',(-7.997686938,101.,-0.264346903));
#10942=CARTESIAN_POINT('',(-7.997686938,101.,0.));
#10943=B_SPLINE_CURVE_WITH_KNOTS('',3,(#10909,#10910,#10911,#10912,#10913,#10914,#10915,#10916,#10917,#10918,#10919,#10920,#10921,#10922,#10923,#10924,#10925,#10926,#10927,#10928,#10929,#10930,#10931,#10932,#10933,#10934,
#10935,#10936,#10937,#10938,#10939,#10940,#10941,#10942),.UNSPECIFIED.,.F.,.F.,(4,3,3,3,3,3,3,3,3,3,3,4),(0.,0.000781633,0.001172449,0.001563266,0.002344898,0.003126531,0.003908164,0.004298981,0.004689797,0.005080613,0.00547143,0.006253063),.UNSPECIFIED.);
#10944=EDGE_CURVE('',#10900,#10908,#10943,.T.);
#10945=ORIENTED_EDGE('',*,*,#10944,.T.);
#10946=CARTESIAN_POINT('',(8.002313062,101.,0.));
#10947=VERTEX_POINT('',#10946);
#10948=CARTESIAN_POINT('',(-7.997686938,101.,0.));
#10949=DIRECTION('',(1.,0.,0.));
#10950=VECTOR('',#10949,16.);
#10951=LINE('',#10948,#10950);
#10952=EDGE_CURVE('',#10908,#10947,#10951,.T.);
#10953=ORIENTED_EDGE('',*,*,#10952,.T.);
#10954=CARTESIAN_POINT('',(12.002313062,100.578947368,-3.977777606));
#10955=VERTEX_POINT('',#10954);
#10956=CARTESIAN_POINT('',(8.002313062,101.,0.));
#10957=CARTESIAN_POINT('',(8.002313062,101.,-0.26432666));
#10958=CARTESIAN_POINT('',(8.028245052,100.994490409,-0.524120462));
#10959=CARTESIAN_POINT('',(8.079048676,100.984000091,-0.779577168));
#10960=CARTESIAN_POINT('',(8.104450489,100.978754931,-0.907305521));
#10961=CARTESIAN_POINT('',(8.136118477,100.972263417,-1.033941475));
#10962=CARTESIAN_POINT('',(8.174207073,100.964589354,-1.159461349));
#10963=CARTESIAN_POINT('',(8.212295669,100.956915292,-1.284981223));
#10964=CARTESIAN_POINT('',(8.25696015,100.948030401,-1.409538913));
#10965=CARTESIAN_POINT('',(8.307092414,100.938280412,-1.530207518));
#10966=CARTESIAN_POINT('',(8.40735694,100.918780433,-1.771544728));
#10967=CARTESIAN_POINT('',(8.530071728,100.895668569,-2.000286378));
#10968=CARTESIAN_POINT('',(8.675173025,100.870259496,-2.216597972));
#10969=CARTESIAN_POINT('',(8.747723673,100.857554959,-2.324753769));
#10970=CARTESIAN_POINT('',(8.826354115,100.844204283,-2.430296852));
#10971=CARTESIAN_POINT('',(8.909735675,100.830632497,-2.531260506));
#10972=CARTESIAN_POINT('',(8.993117234,100.817060711,-2.63222416));
#10973=CARTESIAN_POINT('',(9.080898696,100.803320673,-2.728308325));
#10974=CARTESIAN_POINT('',(9.172966364,100.789610598,-2.819669052));
#10975=CARTESIAN_POINT('',(9.357101702,100.762190449,-3.002390506));
#10976=CARTESIAN_POINT('',(9.558258392,100.734882593,-3.166353246));
#10977=CARTESIAN_POINT('',(9.777038465,100.709259133,-3.311136166));
#10978=CARTESIAN_POINT('',(9.995818537,100.683635672,-3.455919087));
#10979=CARTESIAN_POINT('',(10.227289976,100.660339436,-3.577960839));
#10980=CARTESIAN_POINT('',(10.46772395,100.640920098,-3.676424606));
#10981=CARTESIAN_POINT('',(10.587940937,100.631210429,-3.72565649));
#10982=CARTESIAN_POINT('',(10.710676264,100.62243749,-3.769124004));
#10983=CARTESIAN_POINT('',(10.835979961,100.614745603,-3.806736942));
#10984=CARTESIAN_POINT('',(10.961283658,100.607053715,-3.84434988));
#10985=CARTESIAN_POINT('',(11.089761056,100.600423702,-3.876197825));
#10986=CARTESIAN_POINT('',(11.218797823,100.59510253,-3.901558907));
#10987=CARTESIAN_POINT('',(11.476871357,100.584460185,-3.952281072));
#10988=CARTESIAN_POINT('',(11.738029356,100.578947368,-3.977777606));
#10989=CARTESIAN_POINT('',(12.002313062,100.578947368,-3.977777606));
#10990=B_SPLINE_CURVE_WITH_KNOTS('',3,(#10956,#10957,#10958,#10959,#10960,#10961,#10962,#10963,#10964,#10965,#10966,#10967,#10968,#10969,#10970,#10971,#10972,#10973,#10974,#10975,#10976,#10977,#10978,#10979,#10980,#10981,
#10982,#10983,#10984,#10985,#10986,#10987,#10988,#10989),.UNSPECIFIED.,.F.,.F.,(4,3,3,3,3,3,3,3,3,3,3,4),(0.,0.000781636,0.001172454,0.001563272,0.002344909,0.002735727,0.003126545,0.003908181,0.004689817,0.005080636,0.005471454,0.00625309),.UNSPECIFIED.);
#10991=EDGE_CURVE('',#10947,#10955,#10990,.T.);
#10992=ORIENTED_EDGE('',*,*,#10991,.T.);
#10993=CARTESIAN_POINT('',(23.002313062,100.578947368,-3.977777606));
#10994=VERTEX_POINT('',#10993);
#10995=CARTESIAN_POINT('',(23.002313062,100.578947368,-3.977777606));
#10996=DIRECTION('',(-1.,-0.,-0.));
#10997=VECTOR('',#10996,11.);
#10998=LINE('',#10995,#10997);
#10999=EDGE_CURVE('',#10994,#10955,#10998,.T.);
#11000=ORIENTED_EDGE('',*,*,#10999,.F.);
#11001=CARTESIAN_POINT('',(23.002313062,94.734330141,-14.100951594));
#11002=VERTEX_POINT('',#11001);
#11003=CARTESIAN_POINT('',(23.002313062,82.,0.));
#11004=DIRECTION('',(1.,0.,0.));
#11005=DIRECTION('',(0.,0.,-1.));
#11006=AXIS2_PLACEMENT_3D('',#11003,#11004,#11005);
#11007=CIRCLE('',#11006,19.);
#11008=EDGE_CURVE('',#11002,#10994,#11007,.T.);
#11009=ORIENTED_EDGE('',*,*,#11008,.F.);
#11010=CARTESIAN_POINT('',(12.002313062,94.734330141,-14.100951594));
#11011=VERTEX_POINT('',#11010);
#11012=CARTESIAN_POINT('',(12.002313062,94.734330141,-14.100951594));
#11013=DIRECTION('',(1.,0.,0.));
#11014=VECTOR('',#11013,11.);
#11015=LINE('',#11012,#11014);
#11016=EDGE_CURVE('',#11011,#11002,#11015,.T.);
#11017=ORIENTED_EDGE('',*,*,#11016,.F.);
#11018=CARTESIAN_POINT('',(8.002313062,91.5,-16.454482672));
#11019=VERTEX_POINT('',#11018);
#11020=CARTESIAN_POINT('',(12.002313062,94.734330141,-14.100951594));
#11021=CARTESIAN_POINT('',(11.738003669,94.734330141,-14.100951594));
#11022=CARTESIAN_POINT('',(11.478145095,94.71500347,-14.11847356));
#11023=CARTESIAN_POINT('',(11.222549794,94.676960249,-14.15255026));
#11024=CARTESIAN_POINT('',(11.094752143,94.657938638,-14.16958861));
#11025=CARTESIAN_POINT('',(10.968028167,94.634197665,-14.19078973));
#11026=CARTESIAN_POINT('',(10.842401177,94.605571371,-14.216172846));
#11027=CARTESIAN_POINT('',(10.716774187,94.576945077,-14.241555963));
#11028=CARTESIAN_POINT('',(10.591937076,94.543278191,-14.271254742));
#11029=CARTESIAN_POINT('',(10.470912139,94.505337872,-14.304423257));
#11030=CARTESIAN_POINT('',(10.228862266,94.429457234,-14.370760287));
#11031=CARTESIAN_POINT('',(9.99928432,94.336132421,-14.451332735));
#11032=CARTESIAN_POINT('',(9.782029073,94.224721189,-14.54497136));
#11033=CARTESIAN_POINT('',(9.564773825,94.113309957,-14.638609985));
#11034=CARTESIAN_POINT('',(9.359150926,93.982647633,-14.746195212));
#11035=CARTESIAN_POINT('',(9.174831758,93.838173491,-14.861280174));
#11036=CARTESIAN_POINT('',(8.99051259,93.693699349,-14.976365135));
#11037=CARTESIAN_POINT('',(8.825015358,93.53443414,-15.099823955));
#11038=CARTESIAN_POINT('',(8.678766407,93.359076473,-15.230606741));
#11039=CARTESIAN_POINT('',(8.605641931,93.271397639,-15.295998133));
#11040=CARTESIAN_POINT('',(8.537566062,93.179770843,-15.363139238));
#11041=CARTESIAN_POINT('',(8.475849376,93.086029187,-15.430487901));
#11042=CARTESIAN_POINT('',(8.414132691,92.992287531,-15.497836564));
#11043=CARTESIAN_POINT('',(8.358350979,92.895948105,-15.565756829));
#11044=CARTESIAN_POINT('',(8.308415132,92.796964057,-15.63411549));
#11045=CARTESIAN_POINT('',(8.258479284,92.697980009,-15.702474151));
#11046=CARTESIAN_POINT('',(8.214389141,92.596351673,-15.771271575));
#11047=CARTESIAN_POINT('',(8.176229857,92.491968809,-15.840410049));
#11048=CARTESIAN_POINT('',(8.138070573,92.387585945,-15.909548522));
#11049=CARTESIAN_POINT('',(8.105731852,92.279922972,-15.979358082));
#11050=CARTESIAN_POINT('',(8.079905332,92.170765004,-16.048536981));
#11051=CARTESIAN_POINT('',(8.028252291,91.95244907,-16.186894778));
#11052=CARTESIAN_POINT('',(8.002313062,91.728931133,-16.32230922));
#11053=CARTESIAN_POINT('',(8.002313062,91.5,-16.454482672));
#11054=B_SPLINE_CURVE_WITH_KNOTS('',3,(#11020,#11021,#11022,#11023,#11024,#11025,#11026,#11027,#11028,#11029,#11030,#11031,#11032,#11033,#11034,#11035,#11036,#11037,#11038,#11039,#11040,#11041,#11042,#11043,#11044,#11045,
#11046,#11047,#11048,#11049,#11050,#11051,#11052,#11053),.UNSPECIFIED.,.F.,.F.,(4,3,3,3,3,3,3,3,3,3,3,4),(0.,0.000781633,0.001172449,0.001563266,0.002344898,0.003126531,0.003908164,0.004298981,0.004689797,0.005080613,0.00547143,0.006253063),.UNSPECIFIED.);
#11055=EDGE_CURVE('',#11011,#11019,#11054,.T.);
#11056=ORIENTED_EDGE('',*,*,#11055,.T.);
#11057=CARTESIAN_POINT('',(12.002313062,87.844617227,-18.0787292));
#11058=VERTEX_POINT('',#11057);
#11059=CARTESIAN_POINT('',(8.002313062,91.5,-16.454482672));
#11060=CARTESIAN_POINT('',(8.002313062,91.271086398,-16.586646002));
#11061=CARTESIAN_POINT('',(8.028245082,91.043343575,-16.711771455));
#11062=CARTESIAN_POINT('',(8.079048676,90.816866414,-16.830414928));
#11063=CARTESIAN_POINT('',(8.104450473,90.703627833,-16.889736664));
#11064=CARTESIAN_POINT('',(8.136118509,90.590712134,-16.947432829));
#11065=CARTESIAN_POINT('',(8.174207073,90.478171694,-17.003546828));
#11066=CARTESIAN_POINT('',(8.212295637,90.365631255,-17.059660826));
#11067=CARTESIAN_POINT('',(8.25696015,90.253318694,-17.114245135));
#11068=CARTESIAN_POINT('',(8.307092414,90.143941622,-17.1661357));
#11069=CARTESIAN_POINT('',(8.40735694,89.925187478,-17.269916828));
#11070=CARTESIAN_POINT('',(8.530071728,89.715535467,-17.364272192));
#11071=CARTESIAN_POINT('',(8.675173025,89.515499594,-17.450423085));
#11072=CARTESIAN_POINT('',(8.747723673,89.415481658,-17.493498532));
#11073=CARTESIAN_POINT('',(8.826354115,89.317403329,-17.534708049));
#11074=CARTESIAN_POINT('',(8.909735675,89.223180347,-17.573436365));
#11075=CARTESIAN_POINT('',(8.993117234,89.128957364,-17.612164681));
#11076=CARTESIAN_POINT('',(9.080898696,89.038876017,-17.648307541));
#11077=CARTESIAN_POINT('',(9.172966364,88.95290027,-17.682114631));
#11078=CARTESIAN_POINT('',(9.357101702,88.780948775,-17.749728813));
#11079=CARTESIAN_POINT('',(9.558258392,88.625298948,-17.808060885));
#11080=CARTESIAN_POINT('',(9.777038465,88.487101531,-17.858261778));
#11081=CARTESIAN_POINT('',(9.995818537,88.348904113,-17.908462671));
#11082=CARTESIAN_POINT('',(10.227289976,88.231564738,-17.949308415));
#11083=CARTESIAN_POINT('',(10.46772395,88.136582945,-17.981722658));
#11084=CARTESIAN_POINT('',(10.587940937,88.089092049,-17.99792978));
#11085=CARTESIAN_POINT('',(10.710676264,88.047061608,-18.012065949));
#11086=CARTESIAN_POINT('',(10.835979961,88.010641904,-18.024211048));
#11087=CARTESIAN_POINT('',(10.961283658,87.9742222,-18.036356147));
#11088=CARTESIAN_POINT('',(11.089761056,87.943326064,-18.04653836));
#11089=CARTESIAN_POINT('',(11.218797823,87.918702137,-18.05461063));
#11090=CARTESIAN_POINT('',(11.476871357,87.869454281,-18.070755172));
#11091=CARTESIAN_POINT('',(11.738029356,87.844617227,-18.0787292));
#11092=CARTESIAN_POINT('',(12.002313062,87.844617227,-18.0787292));
#11093=B_SPLINE_CURVE_WITH_KNOTS('',3,(#11059,#11060,#11061,#11062,#11063,#11064,#11065,#11066,#11067,#11068,#11069,#11070,#11071,#11072,#11073,#11074,#11075,#11076,#11077,#11078,#11079,#11080,#11081,#11082,#11083,#11084,
#11085,#11086,#11087,#11088,#11089,#11090,#11091,#11092),.UNSPECIFIED.,.F.,.F.,(4,3,3,3,3,3,3,3,3,3,3,4),(0.,0.000781636,0.001172454,0.001563272,0.002344909,0.002735727,0.003126545,0.003908181,0.004689817,0.005080636,0.005471454,0.00625309),.UNSPECIFIED.);
#11094=EDGE_CURVE('',#11019,#11058,#11093,.T.);
#11095=ORIENTED_EDGE('',*,*,#11094,.T.);
#11096=CARTESIAN_POINT('',(23.002313062,87.844617227,-18.0787292));
#11097=VERTEX_POINT('',#11096);
#11098=CARTESIAN_POINT('',(23.002313062,87.844617227,-18.0787292));
#11099=DIRECTION('',(-1.,-0.,-0.));
#11100=VECTOR('',#11099,11.);
#11101=LINE('',#11098,#11100);
#11102=EDGE_CURVE('',#11097,#11058,#11101,.T.);
#11103=ORIENTED_EDGE('',*,*,#11102,.F.);
#11104=CARTESIAN_POINT('',(23.002313062,82.,0.));
#11105=DIRECTION('',(1.,0.,0.));
#11106=DIRECTION('',(0.,0.,-1.));
#11107=AXIS2_PLACEMENT_3D('',#11104,#11105,#11106);
#11108=CIRCLE('',#11107,19.);
#11109=EDGE_CURVE('',#10778,#11097,#11108,.T.);
#11110=ORIENTED_EDGE('',*,*,#11109,.F.);
#11111=EDGE_LOOP('',(#10786,#10795,#10803,#10842,#10881,#10889,#10898,#10906,#10945,#10953,#10992,#11000,#11009,#11017,#11056,#11095,#11103,#11110));
#11112=FACE_BOUND('',#11111,.T.);
#11113=ADVANCED_FACE('',(#11112),#10776,.T.);
#11114=CARTESIAN_POINT('',(-22.997686938,0.,0.002313062));
#11115=DIRECTION('',(1.,0.,0.));
#11116=DIRECTION('',(0.,0.,-1.));
#11117=AXIS2_PLACEMENT_3D('',#11114,#11115,#11116);
#11118=PLANE('',#11117);
#11119=CARTESIAN_POINT('',(-22.997686938,82.,-17.340862004));
#11120=VERTEX_POINT('',#11119);
#11121=CARTESIAN_POINT('',(-22.997686938,82.,-7.340862004));
#11122=VERTEX_POINT('',#11121);
#11123=CARTESIAN_POINT('',(-22.997686938,82.,-12.340862004));
#11124=DIRECTION('',(1.,0.,0.));
#11125=DIRECTION('',(0.,0.,-1.));
#11126=AXIS2_PLACEMENT_3D('',#11123,#11124,#11125);
#11127=CIRCLE('',#11126,5.);
#11128=EDGE_CURVE('',#11120,#11122,#11127,.T.);
#11129=ORIENTED_EDGE('',*,*,#11128,.T.);
#11130=CARTESIAN_POINT('',(-22.997686938,82.,-12.340862004));
#11131=DIRECTION('',(1.,0.,0.));
#11132=DIRECTION('',(0.,0.,-1.));
#11133=AXIS2_PLACEMENT_3D('',#11130,#11131,#11132);
#11134=CIRCLE('',#11133,5.);
#11135=EDGE_CURVE('',#11122,#11120,#11134,.T.);
#11136=ORIENTED_EDGE('',*,*,#11135,.T.);
#11137=EDGE_LOOP('',(#11129,#11136));
#11138=FACE_BOUND('',#11137,.T.);
#11139=CARTESIAN_POINT('',(-22.997686938,71.3125,-11.170431002));
#11140=VERTEX_POINT('',#11139);
#11141=CARTESIAN_POINT('',(-22.997686938,71.3125,-1.170431002));
#11142=VERTEX_POINT('',#11141);
#11143=CARTESIAN_POINT('',(-22.997686938,71.3125,-6.170431002));
#11144=DIRECTION('',(1.,0.,0.));
#11145=DIRECTION('',(0.,0.,-1.));
#11146=AXIS2_PLACEMENT_3D('',#11143,#11144,#11145);
#11147=CIRCLE('',#11146,5.);
#11148=EDGE_CURVE('',#11140,#11142,#11147,.T.);
#11149=ORIENTED_EDGE('',*,*,#11148,.T.);
#11150=CARTESIAN_POINT('',(-22.997686938,71.3125,-6.170431002));
#11151=DIRECTION('',(1.,0.,0.));
#11152=DIRECTION('',(0.,0.,-1.));
#11153=AXIS2_PLACEMENT_3D('',#11150,#11151,#11152);
#11154=CIRCLE('',#11153,5.);
#11155=EDGE_CURVE('',#11142,#11140,#11154,.T.);
#11156=ORIENTED_EDGE('',*,*,#11155,.T.);
#11157=EDGE_LOOP('',(#11149,#11156));
#11158=FACE_BOUND('',#11157,.T.);
#11159=CARTESIAN_POINT('',(-22.997686938,92.6875,-11.170431002));
#11160=VERTEX_POINT('',#11159);
#11161=CARTESIAN_POINT('',(-22.997686938,92.6875,-1.170431002));
#11162=VERTEX_POINT('',#11161);
#11163=CARTESIAN_POINT('',(-22.997686938,92.6875,-6.170431002));
#11164=DIRECTION('',(1.,0.,0.));
#11165=DIRECTION('',(0.,0.,-1.));
#11166=AXIS2_PLACEMENT_3D('',#11163,#11164,#11165);
#11167=CIRCLE('',#11166,5.);
#11168=EDGE_CURVE('',#11160,#11162,#11167,.T.);
#11169=ORIENTED_EDGE('',*,*,#11168,.T.);
#11170=CARTESIAN_POINT('',(-22.997686938,92.6875,-6.170431002));
#11171=DIRECTION('',(1.,0.,0.));
#11172=DIRECTION('',(0.,0.,-1.));
#11173=AXIS2_PLACEMENT_3D('',#11170,#11171,#11172);
#11174=CIRCLE('',#11173,5.);
#11175=EDGE_CURVE('',#11162,#11160,#11174,.T.);
#11176=ORIENTED_EDGE('',*,*,#11175,.T.);
#11177=EDGE_LOOP('',(#11169,#11176));
#11178=FACE_BOUND('',#11177,.T.);
#11179=ORIENTED_EDGE('',*,*,#10897,.F.);
#11180=CARTESIAN_POINT('',(-22.997686938,91.5,-12.454482672));
#11181=VERTEX_POINT('',#11180);
#11182=CARTESIAN_POINT('',(-22.997686938,91.5,-16.454482672));
#11183=DIRECTION('',(1.,0.,0.));
#11184=DIRECTION('',(0.,0.,-1.));
#11185=AXIS2_PLACEMENT_3D('',#11182,#11183,#11184);
#11186=CIRCLE('',#11185,4.);
#11187=EDGE_CURVE('',#10883,#11181,#11186,.T.);
#11188=ORIENTED_EDGE('',*,*,#11187,.T.);
#11189=CARTESIAN_POINT('',(-22.997686938,91.5,-16.454482672));
#11190=DIRECTION('',(1.,0.,0.));
#11191=DIRECTION('',(0.,0.,-1.));
#11192=AXIS2_PLACEMENT_3D('',#11189,#11190,#11191);
#11193=CIRCLE('',#11192,4.);
#11194=EDGE_CURVE('',#11181,#10788,#11193,.T.);
#11195=ORIENTED_EDGE('',*,*,#11194,.T.);
#11196=ORIENTED_EDGE('',*,*,#10794,.F.);
#11197=CARTESIAN_POINT('',(-22.997686938,76.155382773,-18.0787292));
#11198=VERTEX_POINT('',#11197);
#11199=CARTESIAN_POINT('',(-22.997686938,82.,0.));
#11200=DIRECTION('',(1.,0.,0.));
#11201=DIRECTION('',(0.,0.,-1.));
#11202=AXIS2_PLACEMENT_3D('',#11199,#11200,#11201);
#11203=CIRCLE('',#11202,19.);
#11204=EDGE_CURVE('',#11198,#10780,#11203,.T.);
#11205=ORIENTED_EDGE('',*,*,#11204,.F.);
#11206=CARTESIAN_POINT('',(-22.997686938,72.5,-12.454482672));
#11207=VERTEX_POINT('',#11206);
#11208=CARTESIAN_POINT('',(-22.997686938,72.5,-16.454482672));
#11209=DIRECTION('',(1.,0.,0.));
#11210=DIRECTION('',(0.,0.,-1.));
#11211=AXIS2_PLACEMENT_3D('',#11208,#11209,#11210);
#11212=CIRCLE('',#11211,4.);
#11213=EDGE_CURVE('',#11198,#11207,#11212,.T.);
#11214=ORIENTED_EDGE('',*,*,#11213,.T.);
#11215=CARTESIAN_POINT('',(-22.997686938,69.265669859,-14.100951594));
#11216=VERTEX_POINT('',#11215);
#11217=CARTESIAN_POINT('',(-22.997686938,72.5,-16.454482672));
#11218=DIRECTION('',(1.,0.,0.));
#11219=DIRECTION('',(0.,0.,-1.));
#11220=AXIS2_PLACEMENT_3D('',#11217,#11218,#11219);
#11221=CIRCLE('',#11220,4.);
#11222=EDGE_CURVE('',#11207,#11216,#11221,.T.);
#11223=ORIENTED_EDGE('',*,*,#11222,.T.);
#11224=CARTESIAN_POINT('',(-22.997686938,63.421052632,-3.977777606));
#11225=VERTEX_POINT('',#11224);
#11226=CARTESIAN_POINT('',(-22.997686938,82.,0.));
#11227=DIRECTION('',(1.,0.,0.));
#11228=DIRECTION('',(0.,0.,-1.));
#11229=AXIS2_PLACEMENT_3D('',#11226,#11227,#11228);
#11230=CIRCLE('',#11229,19.);
#11231=EDGE_CURVE('',#11225,#11216,#11230,.T.);
#11232=ORIENTED_EDGE('',*,*,#11231,.F.);
#11233=CARTESIAN_POINT('',(-22.997686938,67.,-0.));
#11234=VERTEX_POINT('',#11233);
#11235=CARTESIAN_POINT('',(-22.997686938,63.,0.));
#11236=DIRECTION('',(1.,0.,0.));
#11237=DIRECTION('',(0.,0.,-1.));
#11238=AXIS2_PLACEMENT_3D('',#11235,#11236,#11237);
#11239=CIRCLE('',#11238,4.);
#11240=EDGE_CURVE('',#11225,#11234,#11239,.T.);
#11241=ORIENTED_EDGE('',*,*,#11240,.T.);
#11242=CARTESIAN_POINT('',(-22.997686938,80.,-0.));
#11243=VERTEX_POINT('',#11242);
#11244=CARTESIAN_POINT('',(-22.997686938,80.,0.));
#11245=DIRECTION('',(0.,-1.,0.));
#11246=VECTOR('',#11245,13.);
#11247=LINE('',#11244,#11246);
#11248=EDGE_CURVE('',#11243,#11234,#11247,.T.);
#11249=ORIENTED_EDGE('',*,*,#11248,.F.);
#11250=CARTESIAN_POINT('',(-22.997686938,82.,-2.));
#11251=VERTEX_POINT('',#11250);
#11252=CARTESIAN_POINT('',(-22.997686938,82.,0.));
#11253=DIRECTION('',(-1.,-0.,-0.));
#11254=DIRECTION('',(0.,0.,-1.));
#11255=AXIS2_PLACEMENT_3D('',#11252,#11253,#11254);
#11256=CIRCLE('',#11255,2.);
#11257=EDGE_CURVE('',#11251,#11243,#11256,.T.);
#11258=ORIENTED_EDGE('',*,*,#11257,.F.);
#11259=CARTESIAN_POINT('',(-22.997686938,84.,-0.));
#11260=VERTEX_POINT('',#11259);
#11261=CARTESIAN_POINT('',(-22.997686938,82.,0.));
#11262=DIRECTION('',(-1.,-0.,-0.));
#11263=DIRECTION('',(0.,0.,-1.));
#11264=AXIS2_PLACEMENT_3D('',#11261,#11262,#11263);
#11265=CIRCLE('',#11264,2.);
#11266=EDGE_CURVE('',#11260,#11251,#11265,.T.);
#11267=ORIENTED_EDGE('',*,*,#11266,.F.);
#11268=CARTESIAN_POINT('',(-22.997686938,97.,-0.));
#11269=VERTEX_POINT('',#11268);
#11270=CARTESIAN_POINT('',(-22.997686938,97.,0.));
#11271=DIRECTION('',(0.,-1.,0.));
#11272=VECTOR('',#11271,13.);
#11273=LINE('',#11270,#11272);
#11274=EDGE_CURVE('',#11269,#11260,#11273,.T.);
#11275=ORIENTED_EDGE('',*,*,#11274,.F.);
#11276=CARTESIAN_POINT('',(-22.997686938,101.,-0.));
#11277=DIRECTION('',(1.,0.,0.));
#11278=DIRECTION('',(0.,0.,-1.));
#11279=AXIS2_PLACEMENT_3D('',#11276,#11277,#11278);
#11280=CIRCLE('',#11279,4.);
#11281=EDGE_CURVE('',#11269,#10891,#11280,.T.);
#11282=ORIENTED_EDGE('',*,*,#11281,.T.);
#11283=EDGE_LOOP('',(#11179,#11188,#11195,#11196,#11205,#11214,#11223,#11232,#11241,#11249,#11258,#11267,#11275,#11282));
#11284=FACE_BOUND('',#11283,.T.);
#11285=ADVANCED_FACE('',(#11138,#11158,#11178,#11284),#11118,.F.);
#11286=CARTESIAN_POINT('',(0.,0.,0.));
#11287=DIRECTION('',(0.,0.,1.));
#11288=DIRECTION('',(1.,0.,0.));
#11289=AXIS2_PLACEMENT_3D('',#11286,#11287,#11288);
#11290=PLANE('',#11289);
#11291=CARTESIAN_POINT('',(23.002313062,67.,-0.));
#11292=VERTEX_POINT('',#11291);
#11293=CARTESIAN_POINT('',(12.002313062,67.,0.));
#11294=VERTEX_POINT('',#11293);
#11295=CARTESIAN_POINT('',(23.002313062,67.,0.));
#11296=DIRECTION('',(-1.,-0.,-0.));
#11297=VECTOR('',#11296,11.);
#11298=LINE('',#11295,#11297);
#11299=EDGE_CURVE('',#11292,#11294,#11298,.T.);
#11300=ORIENTED_EDGE('',*,*,#11299,.F.);
#11301=CARTESIAN_POINT('',(23.002313062,80.,-0.));
#11302=VERTEX_POINT('',#11301);
#11303=CARTESIAN_POINT('',(23.002313062,80.,0.));
#11304=DIRECTION('',(0.,-1.,0.));
#11305=VECTOR('',#11304,13.);
#11306=LINE('',#11303,#11305);
#11307=EDGE_CURVE('',#11302,#11292,#11306,.T.);
#11308=ORIENTED_EDGE('',*,*,#11307,.F.);
#11309=CARTESIAN_POINT('',(-22.997686938,80.,-0.));
#11310=DIRECTION('',(1.,0.,-0.));
#11311=VECTOR('',#11310,46.);
#11312=LINE('',#11309,#11311);
#11313=EDGE_CURVE('',#11243,#11302,#11312,.T.);
#11314=ORIENTED_EDGE('',*,*,#11313,.F.);
#11315=ORIENTED_EDGE('',*,*,#11248,.T.);
#11316=CARTESIAN_POINT('',(-11.997686938,67.,0.));
#11317=VERTEX_POINT('',#11316);
#11318=CARTESIAN_POINT('',(-22.997686938,67.,-0.));
#11319=DIRECTION('',(1.,-0.,0.));
#11320=VECTOR('',#11319,11.);
#11321=LINE('',#11318,#11320);
#11322=EDGE_CURVE('',#11234,#11317,#11321,.T.);
#11323=ORIENTED_EDGE('',*,*,#11322,.T.);
#11324=CARTESIAN_POINT('',(-7.997686938,63.,0.));
#11325=VERTEX_POINT('',#11324);
#11326=CARTESIAN_POINT('',(-11.997686938,63.,0.));
#11327=DIRECTION('',(-0.,-0.,-1.));
#11328=DIRECTION('',(1.,0.,-0.));
#11329=AXIS2_PLACEMENT_3D('',#11326,#11327,#11328);
#11330=CIRCLE('',#11329,4.);
#11331=EDGE_CURVE('',#11317,#11325,#11330,.T.);
#11332=ORIENTED_EDGE('',*,*,#11331,.T.);
#11333=CARTESIAN_POINT('',(8.002313062,63.,0.));
#11334=VERTEX_POINT('',#11333);
#11335=CARTESIAN_POINT('',(8.002313062,63.,0.));
#11336=DIRECTION('',(-1.,-0.,-0.));
#11337=VECTOR('',#11336,16.);
#11338=LINE('',#11335,#11337);
#11339=EDGE_CURVE('',#11334,#11325,#11338,.T.);
#11340=ORIENTED_EDGE('',*,*,#11339,.F.);
#11341=CARTESIAN_POINT('',(12.002313062,63.,0.));
#11342=DIRECTION('',(-0.,-0.,-1.));
#11343=DIRECTION('',(1.,0.,-0.));
#11344=AXIS2_PLACEMENT_3D('',#11341,#11342,#11343);
#11345=CIRCLE('',#11344,4.);
#11346=EDGE_CURVE('',#11334,#11294,#11345,.T.);
#11347=ORIENTED_EDGE('',*,*,#11346,.T.);
#11348=EDGE_LOOP('',(#11300,#11308,#11314,#11315,#11323,#11332,#11340,#11347));
#11349=FACE_BOUND('',#11348,.T.);
#11350=ADVANCED_FACE('',(#11349),#11290,.T.);
#11351=CARTESIAN_POINT('',(0.,0.,0.));
#11352=DIRECTION('',(0.,0.,1.));
#11353=DIRECTION('',(1.,0.,0.));
#11354=AXIS2_PLACEMENT_3D('',#11351,#11352,#11353);
#11355=PLANE('',#11354);
#11356=CARTESIAN_POINT('',(12.002313062,97.,0.));
#11357=VERTEX_POINT('',#11356);
#11358=CARTESIAN_POINT('',(23.002313062,97.,0.));
#11359=VERTEX_POINT('',#11358);
#11360=CARTESIAN_POINT('',(12.002313062,97.,0.));
#11361=DIRECTION('',(1.,0.,0.));
#11362=VECTOR('',#11361,11.);
#11363=LINE('',#11360,#11362);
#11364=EDGE_CURVE('',#11357,#11359,#11363,.T.);
#11365=ORIENTED_EDGE('',*,*,#11364,.F.);
#11366=CARTESIAN_POINT('',(12.002313062,101.,0.));
#11367=DIRECTION('',(-0.,-0.,-1.));
#11368=DIRECTION('',(1.,0.,-0.));
#11369=AXIS2_PLACEMENT_3D('',#11366,#11367,#11368);
#11370=CIRCLE('',#11369,4.);
#11371=EDGE_CURVE('',#11357,#10947,#11370,.T.);
#11372=ORIENTED_EDGE('',*,*,#11371,.T.);
#11373=ORIENTED_EDGE('',*,*,#10952,.F.);
#11374=CARTESIAN_POINT('',(-11.997686938,97.,0.));
#11375=VERTEX_POINT('',#11374);
#11376=CARTESIAN_POINT('',(-11.997686938,101.,0.));
#11377=DIRECTION('',(-0.,-0.,-1.));
#11378=DIRECTION('',(1.,0.,-0.));
#11379=AXIS2_PLACEMENT_3D('',#11376,#11377,#11378);
#11380=CIRCLE('',#11379,4.);
#11381=EDGE_CURVE('',#10908,#11375,#11380,.T.);
#11382=ORIENTED_EDGE('',*,*,#11381,.T.);
#11383=CARTESIAN_POINT('',(-11.997686938,97.,0.));
#11384=DIRECTION('',(-1.,0.,-0.));
#11385=VECTOR('',#11384,11.);
#11386=LINE('',#11383,#11385);
#11387=EDGE_CURVE('',#11375,#11269,#11386,.T.);
#11388=ORIENTED_EDGE('',*,*,#11387,.T.);
#11389=ORIENTED_EDGE('',*,*,#11274,.T.);
#11390=CARTESIAN_POINT('',(23.002313062,84.,-0.));
#11391=VERTEX_POINT('',#11390);
#11392=CARTESIAN_POINT('',(23.002313062,84.,-0.));
#11393=DIRECTION('',(-1.,-0.,0.));
#11394=VECTOR('',#11393,46.);
#11395=LINE('',#11392,#11394);
#11396=EDGE_CURVE('',#11391,#11260,#11395,.T.);
#11397=ORIENTED_EDGE('',*,*,#11396,.F.);
#11398=CARTESIAN_POINT('',(23.002313062,97.,0.));
#11399=DIRECTION('',(0.,-1.,0.));
#11400=VECTOR('',#11399,13.);
#11401=LINE('',#11398,#11400);
#11402=EDGE_CURVE('',#11359,#11391,#11401,.T.);
#11403=ORIENTED_EDGE('',*,*,#11402,.F.);
#11404=EDGE_LOOP('',(#11365,#11372,#11373,#11382,#11388,#11389,#11397,#11403));
#11405=FACE_BOUND('',#11404,.T.);
#11406=ADVANCED_FACE('',(#11405),#11355,.T.);
#11407=CARTESIAN_POINT('',(23.002313062,0.,0.002313062));
#11408=DIRECTION('',(1.,0.,0.));
#11409=DIRECTION('',(0.,0.,-1.));
#11410=AXIS2_PLACEMENT_3D('',#11407,#11408,#11409);
#11411=PLANE('',#11410);
#11412=CARTESIAN_POINT('',(23.002313062,76.155382773,-18.0787292));
#11413=VERTEX_POINT('',#11412);
#11414=CARTESIAN_POINT('',(23.002313062,69.265669859,-14.100951594));
#11415=VERTEX_POINT('',#11414);
#11416=CARTESIAN_POINT('',(23.002313062,72.5,-16.454482672));
#11417=DIRECTION('',(1.,0.,0.));
#11418=DIRECTION('',(0.,0.,-1.));
#11419=AXIS2_PLACEMENT_3D('',#11416,#11417,#11418);
#11420=CIRCLE('',#11419,4.);
#11421=EDGE_CURVE('',#11413,#11415,#11420,.T.);
#11422=ORIENTED_EDGE('',*,*,#11421,.F.);
#11423=CARTESIAN_POINT('',(23.002313062,82.,0.));
#11424=DIRECTION('',(1.,0.,0.));
#11425=DIRECTION('',(0.,0.,-1.));
#11426=AXIS2_PLACEMENT_3D('',#11423,#11424,#11425);
#11427=CIRCLE('',#11426,19.);
#11428=EDGE_CURVE('',#11413,#10778,#11427,.T.);
#11429=ORIENTED_EDGE('',*,*,#11428,.T.);
#11430=ORIENTED_EDGE('',*,*,#11109,.T.);
#11431=CARTESIAN_POINT('',(23.002313062,91.5,-16.454482672));
#11432=DIRECTION('',(1.,0.,0.));
#11433=DIRECTION('',(0.,0.,-1.));
#11434=AXIS2_PLACEMENT_3D('',#11431,#11432,#11433);
#11435=CIRCLE('',#11434,4.);
#11436=EDGE_CURVE('',#11002,#11097,#11435,.T.);
#11437=ORIENTED_EDGE('',*,*,#11436,.F.);
#11438=ORIENTED_EDGE('',*,*,#11008,.T.);
#11439=CARTESIAN_POINT('',(23.002313062,101.,0.));
#11440=DIRECTION('',(1.,0.,0.));
#11441=DIRECTION('',(0.,0.,-1.));
#11442=AXIS2_PLACEMENT_3D('',#11439,#11440,#11441);
#11443=CIRCLE('',#11442,4.);
#11444=EDGE_CURVE('',#11359,#10994,#11443,.T.);
#11445=ORIENTED_EDGE('',*,*,#11444,.F.);
#11446=ORIENTED_EDGE('',*,*,#11402,.T.);
#11447=CARTESIAN_POINT('',(23.002313062,82.,-2.));
#11448=VERTEX_POINT('',#11447);
#11449=CARTESIAN_POINT('',(23.002313062,82.,0.));
#11450=DIRECTION('',(-1.,-0.,-0.));
#11451=DIRECTION('',(0.,0.,-1.));
#11452=AXIS2_PLACEMENT_3D('',#11449,#11450,#11451);
#11453=CIRCLE('',#11452,2.);
#11454=EDGE_CURVE('',#11391,#11448,#11453,.T.);
#11455=ORIENTED_EDGE('',*,*,#11454,.T.);
#11456=CARTESIAN_POINT('',(23.002313062,82.,0.));
#11457=DIRECTION('',(-1.,-0.,-0.));
#11458=DIRECTION('',(0.,0.,-1.));
#11459=AXIS2_PLACEMENT_3D('',#11456,#11457,#11458);
#11460=CIRCLE('',#11459,2.);
#11461=EDGE_CURVE('',#11448,#11302,#11460,.T.);
#11462=ORIENTED_EDGE('',*,*,#11461,.T.);
#11463=ORIENTED_EDGE('',*,*,#11307,.T.);
#11464=CARTESIAN_POINT('',(23.002313062,63.421052632,-3.977777606));
#11465=VERTEX_POINT('',#11464);
#11466=CARTESIAN_POINT('',(23.002313062,63.,0.));
#11467=DIRECTION('',(1.,0.,0.));
#11468=DIRECTION('',(0.,0.,-1.));
#11469=AXIS2_PLACEMENT_3D('',#11466,#11467,#11468);
#11470=CIRCLE('',#11469,4.);
#11471=EDGE_CURVE('',#11465,#11292,#11470,.T.);
#11472=ORIENTED_EDGE('',*,*,#11471,.F.);
#11473=CARTESIAN_POINT('',(23.002313062,82.,0.));
#11474=DIRECTION('',(1.,0.,0.));
#11475=DIRECTION('',(0.,0.,-1.));
#11476=AXIS2_PLACEMENT_3D('',#11473,#11474,#11475);
#11477=CIRCLE('',#11476,19.);
#11478=EDGE_CURVE('',#11465,#11415,#11477,.T.);
#11479=ORIENTED_EDGE('',*,*,#11478,.T.);
#11480=EDGE_LOOP('',(#11422,#11429,#11430,#11437,#11438,#11445,#11446,#11455,#11462,#11463,#11472,#11479));
#11481=FACE_BOUND('',#11480,.T.);
#11482=CARTESIAN_POINT('',(23.002313062,92.6875,-11.170431002));
#11483=VERTEX_POINT('',#11482);
#11484=CARTESIAN_POINT('',(23.002313062,92.6875,-6.170431002));
#11485=DIRECTION('',(1.,0.,0.));
#11486=DIRECTION('',(0.,0.,-1.));
#11487=AXIS2_PLACEMENT_3D('',#11484,#11485,#11486);
#11488=CIRCLE('',#11487,5.);
#11489=EDGE_CURVE('',#11483,#11483,#11488,.T.);
#11490=ORIENTED_EDGE('',*,*,#11489,.F.);
#11491=EDGE_LOOP('',(#11490));
#11492=FACE_BOUND('',#11491,.T.);
#11493=CARTESIAN_POINT('',(23.002313062,71.3125,-11.170431002));
#11494=VERTEX_POINT('',#11493);
#11495=CARTESIAN_POINT('',(23.002313062,71.3125,-6.170431002));
#11496=DIRECTION('',(1.,0.,0.));
#11497=DIRECTION('',(0.,0.,-1.));
#11498=AXIS2_PLACEMENT_3D('',#11495,#11496,#11497);
#11499=CIRCLE('',#11498,5.);
#11500=EDGE_CURVE('',#11494,#11494,#11499,.T.);
#11501=ORIENTED_EDGE('',*,*,#11500,.F.);
#11502=EDGE_LOOP('',(#11501));
#11503=FACE_BOUND('',#11502,.T.);
#11504=CARTESIAN_POINT('',(23.002313062,82.,-17.340862004));
#11505=VERTEX_POINT('',#11504);
#11506=CARTESIAN_POINT('',(23.002313062,82.,-12.340862004));
#11507=DIRECTION('',(1.,0.,0.));
#11508=DIRECTION('',(0.,0.,-1.));
#11509=AXIS2_PLACEMENT_3D('',#11506,#11507,#11508);
#11510=CIRCLE('',#11509,5.);
#11511=EDGE_CURVE('',#11505,#11505,#11510,.T.);
#11512=ORIENTED_EDGE('',*,*,#11511,.F.);
#11513=EDGE_LOOP('',(#11512));
#11514=FACE_BOUND('',#11513,.T.);
#11515=ADVANCED_FACE('',(#11481,#11492,#11503,#11514),#11411,.T.);
#11516=CARTESIAN_POINT('',(-49.776341893,82.,0.));
#11517=DIRECTION('',(1.,0.,-0.));
#11518=DIRECTION('',(-0.,0.,-1.));
#11519=AXIS2_PLACEMENT_3D('',#11516,#11517,#11518);
#11520=CYLINDRICAL_SURFACE('',#11519,2.);
#11521=CARTESIAN_POINT('',(23.002313062,82.,-2.));
#11522=DIRECTION('',(-1.,-0.,0.));
#11523=VECTOR('',#11522,46.);
#11524=LINE('',#11521,#11523);
#11525=EDGE_CURVE('',#11448,#11251,#11524,.T.);
#11526=ORIENTED_EDGE('',*,*,#11525,.F.);
#11527=ORIENTED_EDGE('',*,*,#11454,.F.);
#11528=ORIENTED_EDGE('',*,*,#11396,.T.);
#11529=ORIENTED_EDGE('',*,*,#11266,.T.);
#11530=EDGE_LOOP('',(#11526,#11527,#11528,#11529));
#11531=FACE_BOUND('',#11530,.T.);
#11532=ADVANCED_FACE('',(#11531),#11520,.F.);
#11533=CARTESIAN_POINT('',(18.002313062,82.,-12.340862004));
#11534=DIRECTION('',(1.,0.,0.));
#11535=DIRECTION('',(0.,0.,-1.));
#11536=AXIS2_PLACEMENT_3D('',#11533,#11534,#11535);
#11537=CYLINDRICAL_SURFACE('',#11536,5.);
#11538=CARTESIAN_POINT('',(18.002313062,82.,-17.340862004));
#11539=VERTEX_POINT('',#11538);
#11540=CARTESIAN_POINT('',(23.002313062,82.,-17.340862004));
#11541=DIRECTION('',(-1.,-0.,-0.));
#11542=VECTOR('',#11541,5.);
#11543=LINE('',#11540,#11542);
#11544=EDGE_CURVE('',#11505,#11539,#11543,.T.);
#11545=ORIENTED_EDGE('',*,*,#11544,.F.);
#11546=ORIENTED_EDGE('',*,*,#11511,.T.);
#11547=ORIENTED_EDGE('',*,*,#11544,.T.);
#11548=CARTESIAN_POINT('',(18.002313062,82.,-12.340862004));
#11549=DIRECTION('',(1.,0.,0.));
#11550=DIRECTION('',(0.,0.,-1.));
#11551=AXIS2_PLACEMENT_3D('',#11548,#11549,#11550);
#11552=CIRCLE('',#11551,5.);
#11553=EDGE_CURVE('',#11539,#11539,#11552,.T.);
#11554=ORIENTED_EDGE('',*,*,#11553,.F.);
#11555=EDGE_LOOP('',(#11545,#11546,#11547,#11554));
#11556=FACE_BOUND('',#11555,.T.);
#11557=ADVANCED_FACE('',(#11556),#11537,.F.);
#11558=CARTESIAN_POINT('',(18.002313062,0.,0.));
#11559=DIRECTION('',(1.,0.,0.));
#11560=DIRECTION('',(0.,1.,0.));
#11561=AXIS2_PLACEMENT_3D('',#11558,#11559,#11560);
#11562=PLANE('',#11561);
#11563=ORIENTED_EDGE('',*,*,#11553,.T.);
#11564=EDGE_LOOP('',(#11563));
#11565=FACE_BOUND('',#11564,.T.);
#11566=ADVANCED_FACE('',(#11565),#11562,.T.);
#11567=CARTESIAN_POINT('',(18.002313062,71.3125,-6.170431002));
#11568=DIRECTION('',(1.,0.,0.));
#11569=DIRECTION('',(0.,0.,-1.));
#11570=AXIS2_PLACEMENT_3D('',#11567,#11568,#11569);
#11571=CYLINDRICAL_SURFACE('',#11570,5.);
#11572=CARTESIAN_POINT('',(18.002313062,71.3125,-11.170431002));
#11573=VERTEX_POINT('',#11572);
#11574=CARTESIAN_POINT('',(23.002313062,71.3125,-11.170431002));
#11575=DIRECTION('',(-1.,-0.,-0.));
#11576=VECTOR('',#11575,5.);
#11577=LINE('',#11574,#11576);
#11578=EDGE_CURVE('',#11494,#11573,#11577,.T.);
#11579=ORIENTED_EDGE('',*,*,#11578,.F.);
#11580=ORIENTED_EDGE('',*,*,#11500,.T.);
#11581=ORIENTED_EDGE('',*,*,#11578,.T.);
#11582=CARTESIAN_POINT('',(18.002313062,71.3125,-6.170431002));
#11583=DIRECTION('',(1.,0.,0.));
#11584=DIRECTION('',(0.,0.,-1.));
#11585=AXIS2_PLACEMENT_3D('',#11582,#11583,#11584);
#11586=CIRCLE('',#11585,5.);
#11587=EDGE_CURVE('',#11573,#11573,#11586,.T.);
#11588=ORIENTED_EDGE('',*,*,#11587,.F.);
#11589=EDGE_LOOP('',(#11579,#11580,#11581,#11588));
#11590=FACE_BOUND('',#11589,.T.);
#11591=ADVANCED_FACE('',(#11590),#11571,.F.);
#11592=CARTESIAN_POINT('',(18.002313062,0.,0.));
#11593=DIRECTION('',(1.,0.,0.));
#11594=DIRECTION('',(0.,1.,0.));
#11595=AXIS2_PLACEMENT_3D('',#11592,#11593,#11594);
#11596=PLANE('',#11595);
#11597=ORIENTED_EDGE('',*,*,#11587,.T.);
#11598=EDGE_LOOP('',(#11597));
#11599=FACE_BOUND('',#11598,.T.);
#11600=ADVANCED_FACE('',(#11599),#11596,.T.);
#11601=CARTESIAN_POINT('',(18.002313062,92.6875,-6.170431002));
#11602=DIRECTION('',(1.,0.,0.));
#11603=DIRECTION('',(0.,0.,-1.));
#11604=AXIS2_PLACEMENT_3D('',#11601,#11602,#11603);
#11605=CYLINDRICAL_SURFACE('',#11604,5.);
#11606=CARTESIAN_POINT('',(18.002313062,92.6875,-11.170431002));
#11607=VERTEX_POINT('',#11606);
#11608=CARTESIAN_POINT('',(23.002313062,92.6875,-11.170431002));
#11609=DIRECTION('',(-1.,-0.,-0.));
#11610=VECTOR('',#11609,5.);
#11611=LINE('',#11608,#11610);
#11612=EDGE_CURVE('',#11483,#11607,#11611,.T.);
#11613=ORIENTED_EDGE('',*,*,#11612,.F.);
#11614=ORIENTED_EDGE('',*,*,#11489,.T.);
#11615=ORIENTED_EDGE('',*,*,#11612,.T.);
#11616=CARTESIAN_POINT('',(18.002313062,92.6875,-6.170431002));
#11617=DIRECTION('',(1.,0.,0.));
#11618=DIRECTION('',(0.,0.,-1.));
#11619=AXIS2_PLACEMENT_3D('',#11616,#11617,#11618);
#11620=CIRCLE('',#11619,5.);
#11621=EDGE_CURVE('',#11607,#11607,#11620,.T.);
#11622=ORIENTED_EDGE('',*,*,#11621,.F.);
#11623=EDGE_LOOP('',(#11613,#11614,#11615,#11622));
#11624=FACE_BOUND('',#11623,.T.);
#11625=ADVANCED_FACE('',(#11624),#11605,.F.);
#11626=CARTESIAN_POINT('',(18.002313062,0.,0.));
#11627=DIRECTION('',(1.,0.,0.));
#11628=DIRECTION('',(0.,1.,0.));
#11629=AXIS2_PLACEMENT_3D('',#11626,#11627,#11628);
#11630=PLANE('',#11629);
#11631=ORIENTED_EDGE('',*,*,#11621,.T.);
#11632=EDGE_LOOP('',(#11631));
#11633=FACE_BOUND('',#11632,.T.);
#11634=ADVANCED_FACE('',(#11633),#11630,.T.);
#11635=CARTESIAN_POINT('',(-17.997686938,92.6875,-6.170431002));
#11636=DIRECTION('',(-1.,0.,-0.));
#11637=DIRECTION('',(-0.,0.,1.));
#11638=AXIS2_PLACEMENT_3D('',#11635,#11636,#11637);
#11639=CYLINDRICAL_SURFACE('',#11638,5.);
#11640=CARTESIAN_POINT('',(-17.997686938,92.6875,-1.170431002));
#11641=VERTEX_POINT('',#11640);
#11642=CARTESIAN_POINT('',(-22.997686938,92.6875,-1.170431002));
#11643=DIRECTION('',(1.,-0.,0.));
#11644=VECTOR('',#11643,5.);
#11645=LINE('',#11642,#11644);
#11646=EDGE_CURVE('',#11162,#11641,#11645,.T.);
#11647=ORIENTED_EDGE('',*,*,#11646,.F.);
#11648=ORIENTED_EDGE('',*,*,#11168,.F.);
#11649=ORIENTED_EDGE('',*,*,#11175,.F.);
#11650=ORIENTED_EDGE('',*,*,#11646,.T.);
#11651=CARTESIAN_POINT('',(-17.997686938,92.6875,-11.170431002));
#11652=VERTEX_POINT('',#11651);
#11653=CARTESIAN_POINT('',(-17.997686938,92.6875,-6.170431002));
#11654=DIRECTION('',(1.,0.,0.));
#11655=DIRECTION('',(0.,0.,-1.));
#11656=AXIS2_PLACEMENT_3D('',#11653,#11654,#11655);
#11657=CIRCLE('',#11656,5.);
#11658=EDGE_CURVE('',#11641,#11652,#11657,.T.);
#11659=ORIENTED_EDGE('',*,*,#11658,.T.);
#11660=CARTESIAN_POINT('',(-17.997686938,92.6875,-6.170431002));
#11661=DIRECTION('',(1.,0.,0.));
#11662=DIRECTION('',(0.,0.,-1.));
#11663=AXIS2_PLACEMENT_3D('',#11660,#11661,#11662);
#11664=CIRCLE('',#11663,5.);
#11665=EDGE_CURVE('',#11652,#11641,#11664,.T.);
#11666=ORIENTED_EDGE('',*,*,#11665,.T.);
#11667=EDGE_LOOP('',(#11647,#11648,#11649,#11650,#11659,#11666));
#11668=FACE_BOUND('',#11667,.T.);
#11669=ADVANCED_FACE('',(#11668),#11639,.F.);
#11670=CARTESIAN_POINT('',(-17.997686938,0.,-0.));
#11671=DIRECTION('',(1.,0.,0.));
#11672=DIRECTION('',(0.,1.,0.));
#11673=AXIS2_PLACEMENT_3D('',#11670,#11671,#11672);
#11674=PLANE('',#11673);
#11675=ORIENTED_EDGE('',*,*,#11658,.F.);
#11676=ORIENTED_EDGE('',*,*,#11665,.F.);
#11677=EDGE_LOOP('',(#11675,#11676));
#11678=FACE_BOUND('',#11677,.T.);
#11679=ADVANCED_FACE('',(#11678),#11674,.F.);
#11680=CARTESIAN_POINT('',(-17.997686938,71.3125,-6.170431002));
#11681=DIRECTION('',(-1.,0.,-0.));
#11682=DIRECTION('',(-0.,0.,1.));
#11683=AXIS2_PLACEMENT_3D('',#11680,#11681,#11682);
#11684=CYLINDRICAL_SURFACE('',#11683,5.);
#11685=CARTESIAN_POINT('',(-17.997686938,71.3125,-1.170431002));
#11686=VERTEX_POINT('',#11685);
#11687=CARTESIAN_POINT('',(-22.997686938,71.3125,-1.170431002));
#11688=DIRECTION('',(1.,-0.,0.));
#11689=VECTOR('',#11688,5.);
#11690=LINE('',#11687,#11689);
#11691=EDGE_CURVE('',#11142,#11686,#11690,.T.);
#11692=ORIENTED_EDGE('',*,*,#11691,.F.);
#11693=ORIENTED_EDGE('',*,*,#11148,.F.);
#11694=ORIENTED_EDGE('',*,*,#11155,.F.);
#11695=ORIENTED_EDGE('',*,*,#11691,.T.);
#11696=CARTESIAN_POINT('',(-17.997686938,71.3125,-11.170431002));
#11697=VERTEX_POINT('',#11696);
#11698=CARTESIAN_POINT('',(-17.997686938,71.3125,-6.170431002));
#11699=DIRECTION('',(1.,0.,0.));
#11700=DIRECTION('',(0.,0.,-1.));
#11701=AXIS2_PLACEMENT_3D('',#11698,#11699,#11700);
#11702=CIRCLE('',#11701,5.);
#11703=EDGE_CURVE('',#11686,#11697,#11702,.T.);
#11704=ORIENTED_EDGE('',*,*,#11703,.T.);
#11705=CARTESIAN_POINT('',(-17.997686938,71.3125,-6.170431002));
#11706=DIRECTION('',(1.,0.,0.));
#11707=DIRECTION('',(0.,0.,-1.));
#11708=AXIS2_PLACEMENT_3D('',#11705,#11706,#11707);
#11709=CIRCLE('',#11708,5.);
#11710=EDGE_CURVE('',#11697,#11686,#11709,.T.);
#11711=ORIENTED_EDGE('',*,*,#11710,.T.);
#11712=EDGE_LOOP('',(#11692,#11693,#11694,#11695,#11704,#11711));
#11713=FACE_BOUND('',#11712,.T.);
#11714=ADVANCED_FACE('',(#11713),#11684,.F.);
#11715=CARTESIAN_POINT('',(-17.997686938,0.,-0.));
#11716=DIRECTION('',(1.,0.,0.));
#11717=DIRECTION('',(0.,1.,0.));
#11718=AXIS2_PLACEMENT_3D('',#11715,#11716,#11717);
#11719=PLANE('',#11718);
#11720=ORIENTED_EDGE('',*,*,#11703,.F.);
#11721=ORIENTED_EDGE('',*,*,#11710,.F.);
#11722=EDGE_LOOP('',(#11720,#11721));
#11723=FACE_BOUND('',#11722,.T.);
#11724=ADVANCED_FACE('',(#11723),#11719,.F.);
#11725=CARTESIAN_POINT('',(-17.997686938,82.,-12.340862004));
#11726=DIRECTION('',(-1.,0.,-0.));
#11727=DIRECTION('',(-0.,0.,1.));
#11728=AXIS2_PLACEMENT_3D('',#11725,#11726,#11727);
#11729=CYLINDRICAL_SURFACE('',#11728,5.);
#11730=CARTESIAN_POINT('',(-17.997686938,82.,-7.340862004));
#11731=VERTEX_POINT('',#11730);
#11732=CARTESIAN_POINT('',(-22.997686938,82.,-7.340862004));
#11733=DIRECTION('',(1.,-0.,0.));
#11734=VECTOR('',#11733,5.);
#11735=LINE('',#11732,#11734);
#11736=EDGE_CURVE('',#11122,#11731,#11735,.T.);
#11737=ORIENTED_EDGE('',*,*,#11736,.F.);
#11738=ORIENTED_EDGE('',*,*,#11128,.F.);
#11739=ORIENTED_EDGE('',*,*,#11135,.F.);
#11740=ORIENTED_EDGE('',*,*,#11736,.T.);
#11741=CARTESIAN_POINT('',(-17.997686938,82.,-17.340862004));
#11742=VERTEX_POINT('',#11741);
#11743=CARTESIAN_POINT('',(-17.997686938,82.,-12.340862004));
#11744=DIRECTION('',(1.,0.,0.));
#11745=DIRECTION('',(0.,0.,-1.));
#11746=AXIS2_PLACEMENT_3D('',#11743,#11744,#11745);
#11747=CIRCLE('',#11746,5.);
#11748=EDGE_CURVE('',#11731,#11742,#11747,.T.);
#11749=ORIENTED_EDGE('',*,*,#11748,.T.);
#11750=CARTESIAN_POINT('',(-17.997686938,82.,-12.340862004));
#11751=DIRECTION('',(1.,0.,0.));
#11752=DIRECTION('',(0.,0.,-1.));
#11753=AXIS2_PLACEMENT_3D('',#11750,#11751,#11752);
#11754=CIRCLE('',#11753,5.);
#11755=EDGE_CURVE('',#11742,#11731,#11754,.T.);
#11756=ORIENTED_EDGE('',*,*,#11755,.T.);
#11757=EDGE_LOOP('',(#11737,#11738,#11739,#11740,#11749,#11756));
#11758=FACE_BOUND('',#11757,.T.);
#11759=ADVANCED_FACE('',(#11758),#11729,.F.);
#11760=CARTESIAN_POINT('',(-17.997686938,0.,-0.));
#11761=DIRECTION('',(1.,0.,0.));
#11762=DIRECTION('',(0.,1.,0.));
#11763=AXIS2_PLACEMENT_3D('',#11760,#11761,#11762);
#11764=PLANE('',#11763);
#11765=ORIENTED_EDGE('',*,*,#11748,.F.);
#11766=ORIENTED_EDGE('',*,*,#11755,.F.);
#11767=EDGE_LOOP('',(#11765,#11766));
#11768=FACE_BOUND('',#11767,.T.);
#11769=ADVANCED_FACE('',(#11768),#11764,.F.);
#11770=CARTESIAN_POINT('',(-12.997686938,72.5,-16.454482672));
#11771=DIRECTION('',(-1.,0.,-0.));
#11772=DIRECTION('',(-0.,0.,1.));
#11773=AXIS2_PLACEMENT_3D('',#11770,#11771,#11772);
#11774=CYLINDRICAL_SURFACE('',#11773,4.);
#11775=CARTESIAN_POINT('',(-11.997686938,72.5,-12.454482672));
#11776=VERTEX_POINT('',#11775);
#11777=CARTESIAN_POINT('',(-22.997686938,72.5,-12.454482672));
#11778=DIRECTION('',(1.,-0.,0.));
#11779=VECTOR('',#11778,11.);
#11780=LINE('',#11777,#11779);
#11781=EDGE_CURVE('',#11207,#11776,#11780,.T.);
#11782=ORIENTED_EDGE('',*,*,#11781,.F.);
#11783=ORIENTED_EDGE('',*,*,#11213,.F.);
#11784=CARTESIAN_POINT('',(-11.997686938,76.155382773,-18.0787292));
#11785=VERTEX_POINT('',#11784);
#11786=CARTESIAN_POINT('',(-11.997686938,76.155382773,-18.0787292));
#11787=DIRECTION('',(-1.,0.,-0.));
#11788=VECTOR('',#11787,11.);
#11789=LINE('',#11786,#11788);
#11790=EDGE_CURVE('',#11785,#11198,#11789,.T.);
#11791=ORIENTED_EDGE('',*,*,#11790,.F.);
#11792=CARTESIAN_POINT('',(-11.997686938,72.5,-16.454482672));
#11793=DIRECTION('',(1.,-0.,0.));
#11794=DIRECTION('',(-0.,0.,1.));
#11795=AXIS2_PLACEMENT_3D('',#11792,#11793,#11794);
#11796=CIRCLE('',#11795,4.);
#11797=EDGE_CURVE('',#11785,#11776,#11796,.T.);
#11798=ORIENTED_EDGE('',*,*,#11797,.T.);
#11799=EDGE_LOOP('',(#11782,#11783,#11791,#11798));
#11800=FACE_BOUND('',#11799,.T.);
#11801=ADVANCED_FACE('',(#11800),#11774,.F.);
#11802=CARTESIAN_POINT('',(-12.997686938,101.,-0.));
#11803=DIRECTION('',(-1.,0.,-0.));
#11804=DIRECTION('',(-0.,0.,1.));
#11805=AXIS2_PLACEMENT_3D('',#11802,#11803,#11804);
#11806=CYLINDRICAL_SURFACE('',#11805,4.);
#11807=ORIENTED_EDGE('',*,*,#11387,.F.);
#11808=CARTESIAN_POINT('',(-11.997686938,101.,-0.));
#11809=DIRECTION('',(1.,-0.,0.));
#11810=DIRECTION('',(-0.,0.,1.));
#11811=AXIS2_PLACEMENT_3D('',#11808,#11809,#11810);
#11812=CIRCLE('',#11811,4.);
#11813=EDGE_CURVE('',#11375,#10900,#11812,.T.);
#11814=ORIENTED_EDGE('',*,*,#11813,.T.);
#11815=ORIENTED_EDGE('',*,*,#10905,.T.);
#11816=ORIENTED_EDGE('',*,*,#11281,.F.);
#11817=EDGE_LOOP('',(#11807,#11814,#11815,#11816));
#11818=FACE_BOUND('',#11817,.T.);
#11819=ADVANCED_FACE('',(#11818),#11806,.F.);
#11820=CARTESIAN_POINT('',(-12.997686938,63.,0.));
#11821=DIRECTION('',(-1.,0.,-0.));
#11822=DIRECTION('',(-0.,0.,1.));
#11823=AXIS2_PLACEMENT_3D('',#11820,#11821,#11822);
#11824=CYLINDRICAL_SURFACE('',#11823,4.);
#11825=CARTESIAN_POINT('',(-11.997686938,63.421052632,-3.977777606));
#11826=VERTEX_POINT('',#11825);
#11827=CARTESIAN_POINT('',(-11.997686938,63.421052632,-3.977777606));
#11828=DIRECTION('',(-1.,0.,-0.));
#11829=VECTOR('',#11828,11.);
#11830=LINE('',#11827,#11829);
#11831=EDGE_CURVE('',#11826,#11225,#11830,.T.);
#11832=ORIENTED_EDGE('',*,*,#11831,.F.);
#11833=CARTESIAN_POINT('',(-11.997686938,63.,0.));
#11834=DIRECTION('',(1.,-0.,0.));
#11835=DIRECTION('',(-0.,0.,1.));
#11836=AXIS2_PLACEMENT_3D('',#11833,#11834,#11835);
#11837=CIRCLE('',#11836,4.);
#11838=EDGE_CURVE('',#11826,#11317,#11837,.T.);
#11839=ORIENTED_EDGE('',*,*,#11838,.T.);
#11840=ORIENTED_EDGE('',*,*,#11322,.F.);
#11841=ORIENTED_EDGE('',*,*,#11240,.F.);
#11842=EDGE_LOOP('',(#11832,#11839,#11840,#11841));
#11843=FACE_BOUND('',#11842,.T.);
#11844=ADVANCED_FACE('',(#11843),#11824,.F.);
#11845=CARTESIAN_POINT('',(-12.997686938,91.5,-16.454482672));
#11846=DIRECTION('',(-1.,0.,-0.));
#11847=DIRECTION('',(-0.,0.,1.));
#11848=AXIS2_PLACEMENT_3D('',#11845,#11846,#11847);
#11849=CYLINDRICAL_SURFACE('',#11848,4.);
#11850=CARTESIAN_POINT('',(-11.997686938,91.5,-12.454482672));
#11851=VERTEX_POINT('',#11850);
#11852=CARTESIAN_POINT('',(-22.997686938,91.5,-12.454482672));
#11853=DIRECTION('',(1.,-0.,0.));
#11854=VECTOR('',#11853,11.);
#11855=LINE('',#11852,#11854);
#11856=EDGE_CURVE('',#11181,#11851,#11855,.T.);
#11857=ORIENTED_EDGE('',*,*,#11856,.F.);
#11858=ORIENTED_EDGE('',*,*,#11187,.F.);
#11859=ORIENTED_EDGE('',*,*,#10888,.F.);
#11860=CARTESIAN_POINT('',(-11.997686938,91.5,-16.454482672));
#11861=DIRECTION('',(1.,-0.,0.));
#11862=DIRECTION('',(-0.,0.,1.));
#11863=AXIS2_PLACEMENT_3D('',#11860,#11861,#11862);
#11864=CIRCLE('',#11863,4.);
#11865=EDGE_CURVE('',#10844,#11851,#11864,.T.);
#11866=ORIENTED_EDGE('',*,*,#11865,.T.);
#11867=EDGE_LOOP('',(#11857,#11858,#11859,#11866));
#11868=FACE_BOUND('',#11867,.T.);
#11869=ADVANCED_FACE('',(#11868),#11849,.F.);
#11870=CARTESIAN_POINT('',(8.002313062,91.5,-16.454482672));
#11871=DIRECTION('',(1.,0.,0.));
#11872=DIRECTION('',(0.,0.,-1.));
#11873=AXIS2_PLACEMENT_3D('',#11870,#11871,#11872);
#11874=CYLINDRICAL_SURFACE('',#11873,4.);
#11875=ORIENTED_EDGE('',*,*,#11102,.T.);
#11876=CARTESIAN_POINT('',(12.002313062,91.5,-16.454482672));
#11877=DIRECTION('',(-1.,-0.,-0.));
#11878=DIRECTION('',(0.,0.,-1.));
#11879=AXIS2_PLACEMENT_3D('',#11876,#11877,#11878);
#11880=CIRCLE('',#11879,4.);
#11881=EDGE_CURVE('',#11058,#11011,#11880,.T.);
#11882=ORIENTED_EDGE('',*,*,#11881,.T.);
#11883=ORIENTED_EDGE('',*,*,#11016,.T.);
#11884=ORIENTED_EDGE('',*,*,#11436,.T.);
#11885=EDGE_LOOP('',(#11875,#11882,#11883,#11884));
#11886=FACE_BOUND('',#11885,.T.);
#11887=ADVANCED_FACE('',(#11886),#11874,.F.);
#11888=CARTESIAN_POINT('',(8.002313062,63.,0.));
#11889=DIRECTION('',(1.,0.,0.));
#11890=DIRECTION('',(0.,0.,-1.));
#11891=AXIS2_PLACEMENT_3D('',#11888,#11889,#11890);
#11892=CYLINDRICAL_SURFACE('',#11891,4.);
#11893=ORIENTED_EDGE('',*,*,#11299,.T.);
#11894=CARTESIAN_POINT('',(12.002313062,63.421052632,-3.977777606));
#11895=VERTEX_POINT('',#11894);
#11896=CARTESIAN_POINT('',(12.002313062,63.,0.));
#11897=DIRECTION('',(-1.,-0.,-0.));
#11898=DIRECTION('',(0.,0.,-1.));
#11899=AXIS2_PLACEMENT_3D('',#11896,#11897,#11898);
#11900=CIRCLE('',#11899,4.);
#11901=EDGE_CURVE('',#11294,#11895,#11900,.T.);
#11902=ORIENTED_EDGE('',*,*,#11901,.T.);
#11903=CARTESIAN_POINT('',(12.002313062,63.421052632,-3.977777606));
#11904=DIRECTION('',(1.,0.,0.));
#11905=VECTOR('',#11904,11.);
#11906=LINE('',#11903,#11905);
#11907=EDGE_CURVE('',#11895,#11465,#11906,.T.);
#11908=ORIENTED_EDGE('',*,*,#11907,.T.);
#11909=ORIENTED_EDGE('',*,*,#11471,.T.);
#11910=EDGE_LOOP('',(#11893,#11902,#11908,#11909));
#11911=FACE_BOUND('',#11910,.T.);
#11912=ADVANCED_FACE('',(#11911),#11892,.F.);
#11913=CARTESIAN_POINT('',(8.002313062,101.,0.));
#11914=DIRECTION('',(1.,0.,0.));
#11915=DIRECTION('',(0.,0.,-1.));
#11916=AXIS2_PLACEMENT_3D('',#11913,#11914,#11915);
#11917=CYLINDRICAL_SURFACE('',#11916,4.);
#11918=ORIENTED_EDGE('',*,*,#10999,.T.);
#11919=CARTESIAN_POINT('',(12.002313062,101.,0.));
#11920=DIRECTION('',(-1.,-0.,-0.));
#11921=DIRECTION('',(0.,0.,-1.));
#11922=AXIS2_PLACEMENT_3D('',#11919,#11920,#11921);
#11923=CIRCLE('',#11922,4.);
#11924=EDGE_CURVE('',#10955,#11357,#11923,.T.);
#11925=ORIENTED_EDGE('',*,*,#11924,.T.);
#11926=ORIENTED_EDGE('',*,*,#11364,.T.);
#11927=ORIENTED_EDGE('',*,*,#11444,.T.);
#11928=EDGE_LOOP('',(#11918,#11925,#11926,#11927));
#11929=FACE_BOUND('',#11928,.T.);
#11930=ADVANCED_FACE('',(#11929),#11917,.F.);
#11931=CARTESIAN_POINT('',(8.002313062,72.5,-16.454482672));
#11932=DIRECTION('',(1.,0.,0.));
#11933=DIRECTION('',(0.,0.,-1.));
#11934=AXIS2_PLACEMENT_3D('',#11931,#11932,#11933);
#11935=CYLINDRICAL_SURFACE('',#11934,4.);
#11936=CARTESIAN_POINT('',(12.002313062,69.265669859,-14.100951594));
#11937=VERTEX_POINT('',#11936);
#11938=CARTESIAN_POINT('',(23.002313062,69.265669859,-14.100951594));
#11939=DIRECTION('',(-1.,-0.,-0.));
#11940=VECTOR('',#11939,11.);
#11941=LINE('',#11938,#11940);
#11942=EDGE_CURVE('',#11415,#11937,#11941,.T.);
#11943=ORIENTED_EDGE('',*,*,#11942,.T.);
#11944=CARTESIAN_POINT('',(12.002313062,76.155382773,-18.0787292));
#11945=VERTEX_POINT('',#11944);
#11946=CARTESIAN_POINT('',(12.002313062,72.5,-16.454482672));
#11947=DIRECTION('',(-1.,-0.,-0.));
#11948=DIRECTION('',(0.,0.,-1.));
#11949=AXIS2_PLACEMENT_3D('',#11946,#11947,#11948);
#11950=CIRCLE('',#11949,4.);
#11951=EDGE_CURVE('',#11937,#11945,#11950,.T.);
#11952=ORIENTED_EDGE('',*,*,#11951,.T.);
#11953=CARTESIAN_POINT('',(12.002313062,76.155382773,-18.0787292));
#11954=DIRECTION('',(1.,0.,0.));
#11955=VECTOR('',#11954,11.);
#11956=LINE('',#11953,#11955);
#11957=EDGE_CURVE('',#11945,#11413,#11956,.T.);
#11958=ORIENTED_EDGE('',*,*,#11957,.T.);
#11959=ORIENTED_EDGE('',*,*,#11421,.T.);
#11960=EDGE_LOOP('',(#11943,#11952,#11958,#11959));
#11961=FACE_BOUND('',#11960,.T.);
#11962=ADVANCED_FACE('',(#11961),#11935,.F.);
#11963=CARTESIAN_POINT('',(12.002313062,101.,0.));
#11964=DIRECTION('',(1.,0.,0.));
#11965=DIRECTION('',(0.,0.,-1.));
#11966=AXIS2_PLACEMENT_3D('',#11963,#11964,#11965);
#11967=SPHERICAL_SURFACE('',#11966,4.);
#11968=ORIENTED_EDGE('',*,*,#11371,.F.);
#11969=ORIENTED_EDGE('',*,*,#11924,.F.);
#11970=ORIENTED_EDGE('',*,*,#10991,.F.);
#11971=EDGE_LOOP('',(#11968,#11969,#11970));
#11972=FACE_BOUND('',#11971,.T.);
#11973=ADVANCED_FACE('',(#11972),#11967,.F.);
#11974=CARTESIAN_POINT('',(12.002313062,91.5,-16.454482672));
#11975=DIRECTION('',(1.,0.,0.));
#11976=DIRECTION('',(0.,0.,-1.));
#11977=AXIS2_PLACEMENT_3D('',#11974,#11975,#11976);
#11978=SPHERICAL_SURFACE('',#11977,4.);
#11979=ORIENTED_EDGE('',*,*,#11055,.F.);
#11980=ORIENTED_EDGE('',*,*,#11881,.F.);
#11981=ORIENTED_EDGE('',*,*,#11094,.F.);
#11982=EDGE_LOOP('',(#11979,#11980,#11981));
#11983=FACE_BOUND('',#11982,.T.);
#11984=ADVANCED_FACE('',(#11983),#11978,.F.);
#11985=CARTESIAN_POINT('',(12.002313062,72.5,-16.454482672));
#11986=DIRECTION('',(1.,0.,0.));
#11987=DIRECTION('',(0.,0.,-1.));
#11988=AXIS2_PLACEMENT_3D('',#11985,#11986,#11987);
#11989=SPHERICAL_SURFACE('',#11988,4.);
#11990=CARTESIAN_POINT('',(8.002313062,72.5,-16.454482672));
#11991=VERTEX_POINT('',#11990);
#11992=CARTESIAN_POINT('',(12.002313062,76.155382773,-18.0787292));
#11993=CARTESIAN_POINT('',(11.738003669,76.155382773,-18.0787292));
#11994=CARTESIAN_POINT('',(11.478145095,76.130544969,-18.070752794));
#11995=CARTESIAN_POINT('',(11.222549794,76.082012071,-18.054844748));
#11996=CARTESIAN_POINT('',(11.094752143,76.057745622,-18.046890725));
#11997=CARTESIAN_POINT('',(10.968028167,76.027514427,-18.036931));
#11998=CARTESIAN_POINT('',(10.842401177,75.991218856,-18.02483146));
#11999=CARTESIAN_POINT('',(10.716774187,75.954923286,-18.01273192));
#12000=CARTESIAN_POINT('',(10.591937076,75.912369945,-17.998424931));
#12001=CARTESIAN_POINT('',(10.470912139,75.864675009,-17.982151908));
#12002=CARTESIAN_POINT('',(10.228862266,75.769285137,-17.949605863));
#12003=CARTESIAN_POINT('',(9.99928432,75.652844943,-17.909070428));
#12004=CARTESIAN_POINT('',(9.782029073,75.516045899,-17.859404783));
#12005=CARTESIAN_POINT('',(9.564773825,75.379246856,-17.809739139));
#12006=CARTESIAN_POINT('',(9.359150926,75.220744154,-17.750374861));
#12007=CARTESIAN_POINT('',(9.174831758,75.048840582,-17.682799064));
#12008=CARTESIAN_POINT('',(8.99051259,74.876937011,-17.615223268));
#12009=CARTESIAN_POINT('',(8.825015358,74.690385932,-17.539024961));
#12010=CARTESIAN_POINT('',(8.678766407,74.489445884,-17.452552159));
#12011=CARTESIAN_POINT('',(8.605641931,74.38897586,-17.409315758));
#12012=CARTESIAN_POINT('',(8.537566062,74.285016559,-17.363535177));
#12013=CARTESIAN_POINT('',(8.475849376,74.179820078,-17.316026853));
#12014=CARTESIAN_POINT('',(8.414132691,74.074623597,-17.26851853));
#12015=CARTESIAN_POINT('',(8.358350979,73.96763321,-17.219046272));
#12016=CARTESIAN_POINT('',(8.308415132,73.858940849,-17.167502902));
#12017=CARTESIAN_POINT('',(8.258479284,73.750248488,-17.115959533));
#12018=CARTESIAN_POINT('',(8.214389141,73.639854002,-17.062345524));
#12019=CARTESIAN_POINT('',(8.176229857,73.527786896,-17.006516549));
#12020=CARTESIAN_POINT('',(8.138070573,73.41571979,-16.950687574));
#12021=CARTESIAN_POINT('',(8.105731856,73.30143145,-16.892353483));
#12022=CARTESIAN_POINT('',(8.079905332,73.186941783,-16.83240936));
#12023=CARTESIAN_POINT('',(8.028252284,72.957962449,-16.712521114));
#12024=CARTESIAN_POINT('',(8.002313062,72.728931133,-16.586656123));
#12025=CARTESIAN_POINT('',(8.002313062,72.5,-16.454482672));
#12026=B_SPLINE_CURVE_WITH_KNOTS('',3,(#11992,#11993,#11994,#11995,#11996,#11997,#11998,#11999,#12000,#12001,#12002,#12003,#12004,#12005,#12006,#12007,#12008,#12009,#12010,#12011,#12012,#12013,#12014,#12015,#12016,#12017,
#12018,#12019,#12020,#12021,#12022,#12023,#12024,#12025),.UNSPECIFIED.,.F.,.F.,(4,3,3,3,3,3,3,3,3,3,3,4),(0.,0.000781633,0.001172449,0.001563266,0.002344898,0.003126531,0.003908164,0.004298981,0.004689797,0.005080613,0.00547143,0.006253063),.UNSPECIFIED.);
#12027=EDGE_CURVE('',#11945,#11991,#12026,.T.);
#12028=ORIENTED_EDGE('',*,*,#12027,.F.);
#12029=ORIENTED_EDGE('',*,*,#11951,.F.);
#12030=CARTESIAN_POINT('',(8.002313062,72.5,-16.454482672));
#12031=CARTESIAN_POINT('',(8.002313062,72.271086398,-16.322319342));
#12032=CARTESIAN_POINT('',(8.028245082,72.048853165,-16.187650999));
#12033=CARTESIAN_POINT('',(8.079048676,71.832866323,-16.05083776));
#12034=CARTESIAN_POINT('',(8.104450474,71.724872902,-15.982431141));
#12035=CARTESIAN_POINT('',(8.136118514,71.618448709,-15.91349136));
#12036=CARTESIAN_POINT('',(8.174207073,71.51358234,-15.844085479));
#12037=CARTESIAN_POINT('',(8.212295632,71.408715971,-15.774679598));
#12038=CARTESIAN_POINT('',(8.25696015,71.305288293,-15.704706222));
#12039=CARTESIAN_POINT('',(8.307092414,71.20566121,-15.635928181));
#12040=CARTESIAN_POINT('',(8.40735694,71.006407045,-15.4983721));
#12041=CARTESIAN_POINT('',(8.530071728,70.819866897,-15.363985814));
#12042=CARTESIAN_POINT('',(8.675173025,70.645240098,-15.233825113));
#12043=CARTESIAN_POINT('',(8.747723673,70.557926699,-15.168744763));
#12044=CARTESIAN_POINT('',(8.826354115,70.473199046,-15.104411198));
#12045=CARTESIAN_POINT('',(8.909735675,70.392547849,-15.042175859));
#12046=CARTESIAN_POINT('',(8.993117234,70.311896653,-14.97994052));
#12047=CARTESIAN_POINT('',(9.080898696,70.235555344,-14.919999215));
#12048=CARTESIAN_POINT('',(9.172966364,70.163289671,-14.862445579));
#12049=CARTESIAN_POINT('',(9.357101702,70.018758325,-14.747338307));
#12050=CARTESIAN_POINT('',(9.558258392,69.890416355,-14.64170764));
#12051=CARTESIAN_POINT('',(9.777038465,69.777842398,-14.547125612));
#12052=CARTESIAN_POINT('',(9.995818537,69.665268441,-14.452543584));
#12053=CARTESIAN_POINT('',(10.227289976,69.571225302,-14.371347576));
#12054=CARTESIAN_POINT('',(10.46772395,69.495662847,-14.305298052));
#12055=CARTESIAN_POINT('',(10.587940937,69.457881619,-14.27227329));
#12056=CARTESIAN_POINT('',(10.710676264,69.424624118,-14.242941945));
#12057=CARTESIAN_POINT('',(10.835979961,69.395896301,-14.217474106));
#12058=CARTESIAN_POINT('',(10.961283658,69.367168485,-14.192006267));
#12059=CARTESIAN_POINT('',(11.089761056,69.342902362,-14.170340535));
#12060=CARTESIAN_POINT('',(11.218797823,69.323599607,-14.153051723));
#12061=CARTESIAN_POINT('',(11.476871357,69.284994097,-14.1184741));
#12062=CARTESIAN_POINT('',(11.738029356,69.265669859,-14.100951594));
#12063=CARTESIAN_POINT('',(12.002313062,69.265669859,-14.100951594));
#12064=B_SPLINE_CURVE_WITH_KNOTS('',3,(#12030,#12031,#12032,#12033,#12034,#12035,#12036,#12037,#12038,#12039,#12040,#12041,#12042,#12043,#12044,#12045,#12046,#12047,#12048,#12049,#12050,#12051,#12052,#12053,#12054,#12055,
#12056,#12057,#12058,#12059,#12060,#12061,#12062,#12063),.UNSPECIFIED.,.F.,.F.,(4,3,3,3,3,3,3,3,3,3,3,4),(0.,0.000781636,0.001172454,0.001563272,0.002344909,0.002735727,0.003126545,0.003908181,0.004689817,0.005080636,0.005471454,0.00625309),.UNSPECIFIED.);
#12065=EDGE_CURVE('',#11991,#11937,#12064,.T.);
#12066=ORIENTED_EDGE('',*,*,#12065,.F.);
#12067=EDGE_LOOP('',(#12028,#12029,#12066));
#12068=FACE_BOUND('',#12067,.T.);
#12069=ADVANCED_FACE('',(#12068),#11989,.F.);
#12070=CARTESIAN_POINT('',(12.002313062,63.,0.));
#12071=DIRECTION('',(1.,0.,0.));
#12072=DIRECTION('',(0.,0.,-1.));
#12073=AXIS2_PLACEMENT_3D('',#12070,#12071,#12072);
#12074=SPHERICAL_SURFACE('',#12073,4.);
#12075=CARTESIAN_POINT('',(12.002313062,63.421052632,-3.977777606));
#12076=CARTESIAN_POINT('',(11.738003669,63.421052632,-3.977777606));
#12077=CARTESIAN_POINT('',(11.478145095,63.4155415,-3.952279234));
#12078=CARTESIAN_POINT('',(11.222549794,63.405051822,-3.902294488));
#12079=CARTESIAN_POINT('',(11.094752143,63.399806984,-3.877302115));
#12080=CARTESIAN_POINT('',(10.968028167,63.393316761,-3.84614127));
#12081=CARTESIAN_POINT('',(10.842401177,63.385647485,-3.808658614));
#12082=CARTESIAN_POINT('',(10.716774187,63.377978208,-3.771175958));
#12083=CARTESIAN_POINT('',(10.591937076,63.369091754,-3.727170189));
#12084=CARTESIAN_POINT('',(10.470912139,63.359337137,-3.677728652));
#12085=CARTESIAN_POINT('',(10.228862266,63.339827903,-3.578845576));
#12086=CARTESIAN_POINT('',(9.99928432,63.316712522,-3.457737693));
#12087=CARTESIAN_POINT('',(9.782029073,63.291324711,-3.314433424));
#12088=CARTESIAN_POINT('',(9.564773825,63.265936899,-3.171129154));
#12089=CARTESIAN_POINT('',(9.359150926,63.23809652,-3.004179649));
#12090=CARTESIAN_POINT('',(9.174831758,63.210667091,-2.821518891));
#12091=CARTESIAN_POINT('',(8.99051259,63.183237663,-2.638858133));
#12092=CARTESIAN_POINT('',(8.825015358,63.155951792,-2.439201006));
#12093=CARTESIAN_POINT('',(8.678766407,63.130369411,-2.221945419));
#12094=CARTESIAN_POINT('',(8.605641931,63.117578221,-2.113317625));
#12095=CARTESIAN_POINT('',(8.537566062,63.105245716,-2.000395939));
#12096=CARTESIAN_POINT('',(8.475849376,63.093790891,-1.885538952));
#12097=CARTESIAN_POINT('',(8.414132691,63.082336066,-1.770681966));
#12098=CARTESIAN_POINT('',(8.358350979,63.071685105,-1.653289443));
#12099=CARTESIAN_POINT('',(8.308415132,63.061976792,-1.533387412));
#12100=CARTESIAN_POINT('',(8.258479284,63.052268478,-1.413485382));
#12101=CARTESIAN_POINT('',(8.214389141,63.04350233,-1.291073949));
#12102=CARTESIAN_POINT('',(8.176229857,63.035818087,-1.1661065));
#12103=CARTESIAN_POINT('',(8.138070573,63.028133844,-1.041139051));
#12104=CARTESIAN_POINT('',(8.105731871,63.021508475,-0.912995399));
#12105=CARTESIAN_POINT('',(8.079905332,63.016176779,-0.783872379));
#12106=CARTESIAN_POINT('',(8.028252253,63.005513387,-0.525626339));
#12107=CARTESIAN_POINT('',(8.002313062,63.,-0.264346903));
#12108=CARTESIAN_POINT('',(8.002313062,63.,0.));
#12109=B_SPLINE_CURVE_WITH_KNOTS('',3,(#12075,#12076,#12077,#12078,#12079,#12080,#12081,#12082,#12083,#12084,#12085,#12086,#12087,#12088,#12089,#12090,#12091,#12092,#12093,#12094,#12095,#12096,#12097,#12098,#12099,#12100,
#12101,#12102,#12103,#12104,#12105,#12106,#12107,#12108),.UNSPECIFIED.,.F.,.F.,(4,3,3,3,3,3,3,3,3,3,3,4),(0.,0.000781633,0.001172449,0.001563266,0.002344898,0.003126531,0.003908164,0.004298981,0.004689797,0.005080613,0.00547143,0.006253063),.UNSPECIFIED.);
#12110=EDGE_CURVE('',#11895,#11334,#12109,.T.);
#12111=ORIENTED_EDGE('',*,*,#12110,.F.);
#12112=ORIENTED_EDGE('',*,*,#11901,.F.);
#12113=ORIENTED_EDGE('',*,*,#11346,.F.);
#12114=EDGE_LOOP('',(#12111,#12112,#12113));
#12115=FACE_BOUND('',#12114,.T.);
#12116=ADVANCED_FACE('',(#12115),#12074,.F.);
#12117=CARTESIAN_POINT('',(-11.997686938,101.,-0.));
#12118=DIRECTION('',(1.,0.,0.));
#12119=DIRECTION('',(0.,0.,-1.));
#12120=AXIS2_PLACEMENT_3D('',#12117,#12118,#12119);
#12121=SPHERICAL_SURFACE('',#12120,4.);
#12122=ORIENTED_EDGE('',*,*,#11813,.F.);
#12123=ORIENTED_EDGE('',*,*,#11381,.F.);
#12124=ORIENTED_EDGE('',*,*,#10944,.F.);
#12125=EDGE_LOOP('',(#12122,#12123,#12124));
#12126=FACE_BOUND('',#12125,.T.);
#12127=ADVANCED_FACE('',(#12126),#12121,.F.);
#12128=CARTESIAN_POINT('',(-11.997686938,63.,0.));
#12129=DIRECTION('',(1.,0.,0.));
#12130=DIRECTION('',(0.,0.,-1.));
#12131=AXIS2_PLACEMENT_3D('',#12128,#12129,#12130);
#12132=SPHERICAL_SURFACE('',#12131,4.);
#12133=ORIENTED_EDGE('',*,*,#11838,.F.);
#12134=CARTESIAN_POINT('',(-7.997686938,63.,0.));
#12135=CARTESIAN_POINT('',(-7.997686938,63.,-0.26432666));
#12136=CARTESIAN_POINT('',(-8.023618927,63.005509591,-0.524120462));
#12137=CARTESIAN_POINT('',(-8.074422552,63.015999909,-0.779577168));
#12138=CARTESIAN_POINT('',(-8.099824364,63.021245069,-0.907305521));
#12139=CARTESIAN_POINT('',(-8.131492352,63.027736583,-1.033941475));
#12140=CARTESIAN_POINT('',(-8.169580948,63.035410646,-1.159461349));
#12141=CARTESIAN_POINT('',(-8.207669544,63.043084708,-1.284981223));
#12142=CARTESIAN_POINT('',(-8.252334025,63.051969599,-1.409538913));
#12143=CARTESIAN_POINT('',(-8.302466289,63.061719588,-1.530207518));
#12144=CARTESIAN_POINT('',(-8.402730815,63.081219567,-1.771544728));
#12145=CARTESIAN_POINT('',(-8.525445604,63.104331431,-2.000286378));
#12146=CARTESIAN_POINT('',(-8.6705469,63.129740504,-2.216597972));
#12147=CARTESIAN_POINT('',(-8.743097548,63.142445041,-2.324753769));
#12148=CARTESIAN_POINT('',(-8.82172799,63.155795717,-2.430296852));
#12149=CARTESIAN_POINT('',(-8.90510955,63.169367503,-2.531260506));
#12150=CARTESIAN_POINT('',(-8.98849111,63.182939289,-2.63222416));
#12151=CARTESIAN_POINT('',(-9.076272571,63.196679327,-2.728308325));
#12152=CARTESIAN_POINT('',(-9.16834024,63.210389402,-2.819669052));
#12153=CARTESIAN_POINT('',(-9.352475577,63.237809551,-3.002390506));
#12154=CARTESIAN_POINT('',(-9.553632268,63.265117407,-3.166353246));
#12155=CARTESIAN_POINT('',(-9.77241234,63.290740867,-3.311136166));
#12156=CARTESIAN_POINT('',(-9.991192412,63.316364328,-3.455919087));
#12157=CARTESIAN_POINT('',(-10.222663852,63.339660564,-3.577960839));
#12158=CARTESIAN_POINT('',(-10.463097825,63.359079902,-3.676424606));
#12159=CARTESIAN_POINT('',(-10.583314812,63.368789571,-3.72565649));
#12160=CARTESIAN_POINT('',(-10.706050139,63.37756251,-3.769124004));
#12161=CARTESIAN_POINT('',(-10.831353836,63.385254397,-3.806736942));
#12162=CARTESIAN_POINT('',(-10.956657533,63.392946285,-3.84434988));
#12163=CARTESIAN_POINT('',(-11.085134931,63.399576298,-3.876197825));
#12164=CARTESIAN_POINT('',(-11.214171698,63.40489747,-3.901558907));
#12165=CARTESIAN_POINT('',(-11.472245233,63.415539815,-3.952281072));
#12166=CARTESIAN_POINT('',(-11.733403231,63.421052632,-3.977777606));
#12167=CARTESIAN_POINT('',(-11.997686938,63.421052632,-3.977777606));
#12168=B_SPLINE_CURVE_WITH_KNOTS('',3,(#12134,#12135,#12136,#12137,#12138,#12139,#12140,#12141,#12142,#12143,#12144,#12145,#12146,#12147,#12148,#12149,#12150,#12151,#12152,#12153,#12154,#12155,#12156,#12157,#12158,#12159,
#12160,#12161,#12162,#12163,#12164,#12165,#12166,#12167),.UNSPECIFIED.,.F.,.F.,(4,3,3,3,3,3,3,3,3,3,3,4),(0.,0.000781636,0.001172454,0.001563272,0.002344909,0.002735727,0.003126545,0.003908181,0.004689817,0.005080636,0.005471454,0.00625309),.UNSPECIFIED.);
#12169=EDGE_CURVE('',#11325,#11826,#12168,.T.);
#12170=ORIENTED_EDGE('',*,*,#12169,.F.);
#12171=ORIENTED_EDGE('',*,*,#11331,.F.);
#12172=EDGE_LOOP('',(#12133,#12170,#12171));
#12173=FACE_BOUND('',#12172,.T.);
#12174=ADVANCED_FACE('',(#12173),#12132,.F.);
#12175=CARTESIAN_POINT('',(-11.997686938,72.5,-16.454482672));
#12176=DIRECTION('',(1.,0.,0.));
#12177=DIRECTION('',(0.,0.,-1.));
#12178=AXIS2_PLACEMENT_3D('',#12175,#12176,#12177);
#12179=SPHERICAL_SURFACE('',#12178,4.);
#12180=CARTESIAN_POINT('',(-11.997686938,69.265669859,-14.100951594));
#12181=VERTEX_POINT('',#12180);
#12182=CARTESIAN_POINT('',(-11.997686938,72.5,-16.454482672));
#12183=DIRECTION('',(1.,-0.,0.));
#12184=DIRECTION('',(-0.,0.,1.));
#12185=AXIS2_PLACEMENT_3D('',#12182,#12183,#12184);
#12186=CIRCLE('',#12185,4.);
#12187=EDGE_CURVE('',#11776,#12181,#12186,.T.);
#12188=ORIENTED_EDGE('',*,*,#12187,.F.);
#12189=ORIENTED_EDGE('',*,*,#11797,.F.);
#12190=CARTESIAN_POINT('',(-7.997686938,72.5,-16.454482672));
#12191=VERTEX_POINT('',#12190);
#12192=CARTESIAN_POINT('',(-7.997686938,72.5,-16.454482672));
#12193=CARTESIAN_POINT('',(-7.997686938,72.728913602,-16.586646002));
#12194=CARTESIAN_POINT('',(-8.023618958,72.956656425,-16.711771455));
#12195=CARTESIAN_POINT('',(-8.074422552,73.183133586,-16.830414928));
#12196=CARTESIAN_POINT('',(-8.099824349,73.296372167,-16.889736664));
#12197=CARTESIAN_POINT('',(-8.131492384,73.409287866,-16.947432829));
#12198=CARTESIAN_POINT('',(-8.169580948,73.521828306,-17.003546828));
#12199=CARTESIAN_POINT('',(-8.207669512,73.634368745,-17.059660826));
#12200=CARTESIAN_POINT('',(-8.252334025,73.746681306,-17.114245135));
#12201=CARTESIAN_POINT('',(-8.302466289,73.856058378,-17.1661357));
#12202=CARTESIAN_POINT('',(-8.402730815,74.074812522,-17.269916828));
#12203=CARTESIAN_POINT('',(-8.525445604,74.284464533,-17.364272192));
#12204=CARTESIAN_POINT('',(-8.6705469,74.484500406,-17.450423085));
#12205=CARTESIAN_POINT('',(-8.743097548,74.584518342,-17.493498532));
#12206=CARTESIAN_POINT('',(-8.82172799,74.682596671,-17.534708049));
#12207=CARTESIAN_POINT('',(-8.90510955,74.776819653,-17.573436365));
#12208=CARTESIAN_POINT('',(-8.98849111,74.871042636,-17.612164681));
#12209=CARTESIAN_POINT('',(-9.076272571,74.961123983,-17.648307541));
#12210=CARTESIAN_POINT('',(-9.16834024,75.04709973,-17.682114631));
#12211=CARTESIAN_POINT('',(-9.352475577,75.219051225,-17.749728813));
#12212=CARTESIAN_POINT('',(-9.553632268,75.374701052,-17.808060885));
#12213=CARTESIAN_POINT('',(-9.77241234,75.512898469,-17.858261778));
#12214=CARTESIAN_POINT('',(-9.991192412,75.651095887,-17.908462671));
#12215=CARTESIAN_POINT('',(-10.222663852,75.768435262,-17.949308415));
#12216=CARTESIAN_POINT('',(-10.463097825,75.863417055,-17.981722658));
#12217=CARTESIAN_POINT('',(-10.583314812,75.910907951,-17.99792978));
#12218=CARTESIAN_POINT('',(-10.706050139,75.952938392,-18.012065949));
#12219=CARTESIAN_POINT('',(-10.831353836,75.989358096,-18.024211048));
#12220=CARTESIAN_POINT('',(-10.956657533,76.0257778,-18.036356147));
#12221=CARTESIAN_POINT('',(-11.085134931,76.056673936,-18.04653836));
#12222=CARTESIAN_POINT('',(-11.214171698,76.081297863,-18.05461063));
#12223=CARTESIAN_POINT('',(-11.472245233,76.130545719,-18.070755172));
#12224=CARTESIAN_POINT('',(-11.733403231,76.155382773,-18.0787292));
#12225=CARTESIAN_POINT('',(-11.997686938,76.155382773,-18.0787292));
#12226=B_SPLINE_CURVE_WITH_KNOTS('',3,(#12192,#12193,#12194,#12195,#12196,#12197,#12198,#12199,#12200,#12201,#12202,#12203,#12204,#12205,#12206,#12207,#12208,#12209,#12210,#12211,#12212,#12213,#12214,#12215,#12216,#12217,
#12218,#12219,#12220,#12221,#12222,#12223,#12224,#12225),.UNSPECIFIED.,.F.,.F.,(4,3,3,3,3,3,3,3,3,3,3,4),(0.,0.000781636,0.001172454,0.001563272,0.002344909,0.002735727,0.003126545,0.003908181,0.004689817,0.005080636,0.005471454,0.00625309),.UNSPECIFIED.);
#12227=EDGE_CURVE('',#12191,#11785,#12226,.T.);
#12228=ORIENTED_EDGE('',*,*,#12227,.F.);
#12229=CARTESIAN_POINT('',(-11.997686938,69.265669859,-14.100951594));
#12230=CARTESIAN_POINT('',(-11.733377544,69.265669859,-14.100951594));
#12231=CARTESIAN_POINT('',(-11.47351897,69.28499653,-14.11847356));
#12232=CARTESIAN_POINT('',(-11.217923669,69.323039751,-14.15255026));
#12233=CARTESIAN_POINT('',(-11.090126018,69.342061362,-14.16958861));
#12234=CARTESIAN_POINT('',(-10.963402042,69.365802335,-14.19078973));
#12235=CARTESIAN_POINT('',(-10.837775052,69.394428629,-14.216172846));
#12236=CARTESIAN_POINT('',(-10.712148062,69.423054923,-14.241555963));
#12237=CARTESIAN_POINT('',(-10.587310951,69.456721809,-14.271254742));
#12238=CARTESIAN_POINT('',(-10.466286014,69.494662128,-14.304423257));
#12239=CARTESIAN_POINT('',(-10.224236141,69.570542766,-14.370760287));
#12240=CARTESIAN_POINT('',(-9.994658195,69.663867579,-14.451332735));
#12241=CARTESIAN_POINT('',(-9.777402948,69.775278811,-14.54497136));
#12242=CARTESIAN_POINT('',(-9.560147701,69.886690043,-14.638609985));
#12243=CARTESIAN_POINT('',(-9.354524801,70.017352367,-14.746195212));
#12244=CARTESIAN_POINT('',(-9.170205633,70.161826509,-14.861280174));
#12245=CARTESIAN_POINT('',(-8.985886465,70.306300651,-14.976365135));
#12246=CARTESIAN_POINT('',(-8.820389233,70.46556586,-15.099823955));
#12247=CARTESIAN_POINT('',(-8.674140282,70.640923527,-15.230606741));
#12248=CARTESIAN_POINT('',(-8.601015806,70.728602361,-15.295998133));
#12249=CARTESIAN_POINT('',(-8.532939937,70.820229157,-15.363139238));
#12250=CARTESIAN_POINT('',(-8.471223252,70.913970813,-15.430487901));
#12251=CARTESIAN_POINT('',(-8.409506567,71.007712469,-15.497836564));
#12252=CARTESIAN_POINT('',(-8.353724855,71.104051895,-15.565756829));
#12253=CARTESIAN_POINT('',(-8.303789007,71.203035943,-15.63411549));
#12254=CARTESIAN_POINT('',(-8.253853159,71.302019991,-15.702474151));
#12255=CARTESIAN_POINT('',(-8.209763016,71.403648327,-15.771271575));
#12256=CARTESIAN_POINT('',(-8.171603732,71.508031191,-15.840410049));
#12257=CARTESIAN_POINT('',(-8.133444448,71.612414055,-15.909548522));
#12258=CARTESIAN_POINT('',(-8.101105728,71.720077028,-15.979358082));
#12259=CARTESIAN_POINT('',(-8.075279207,71.829234996,-16.048536981));
#12260=CARTESIAN_POINT('',(-8.023626166,72.04755093,-16.186894778));
#12261=CARTESIAN_POINT('',(-7.997686938,72.271068867,-16.32230922));
#12262=CARTESIAN_POINT('',(-7.997686938,72.5,-16.454482672));
#12263=B_SPLINE_CURVE_WITH_KNOTS('',3,(#12229,#12230,#12231,#12232,#12233,#12234,#12235,#12236,#12237,#12238,#12239,#12240,#12241,#12242,#12243,#12244,#12245,#12246,#12247,#12248,#12249,#12250,#12251,#12252,#12253,#12254,
#12255,#12256,#12257,#12258,#12259,#12260,#12261,#12262),.UNSPECIFIED.,.F.,.F.,(4,3,3,3,3,3,3,3,3,3,3,4),(0.,0.000781633,0.001172449,0.001563266,0.002344898,0.003126531,0.003908164,0.004298981,0.004689797,0.005080613,0.00547143,0.006253063),.UNSPECIFIED.);
#12264=EDGE_CURVE('',#12181,#12191,#12263,.T.);
#12265=ORIENTED_EDGE('',*,*,#12264,.F.);
#12266=EDGE_LOOP('',(#12188,#12189,#12228,#12265));
#12267=FACE_BOUND('',#12266,.T.);
#12268=ADVANCED_FACE('',(#12267),#12179,.F.);
#12269=CARTESIAN_POINT('',(-11.997686938,91.5,-16.454482672));
#12270=DIRECTION('',(1.,0.,0.));
#12271=DIRECTION('',(0.,0.,-1.));
#12272=AXIS2_PLACEMENT_3D('',#12269,#12270,#12271);
#12273=SPHERICAL_SURFACE('',#12272,4.);
#12274=CARTESIAN_POINT('',(-11.997686938,91.5,-16.454482672));
#12275=DIRECTION('',(1.,-0.,0.));
#12276=DIRECTION('',(-0.,0.,1.));
#12277=AXIS2_PLACEMENT_3D('',#12274,#12275,#12276);
#12278=CIRCLE('',#12277,4.);
#12279=EDGE_CURVE('',#11851,#10797,#12278,.T.);
#12280=ORIENTED_EDGE('',*,*,#12279,.F.);
#12281=ORIENTED_EDGE('',*,*,#11865,.F.);
#12282=ORIENTED_EDGE('',*,*,#10880,.F.);
#12283=ORIENTED_EDGE('',*,*,#10841,.F.);
#12284=EDGE_LOOP('',(#12280,#12281,#12282,#12283));
#12285=FACE_BOUND('',#12284,.T.);
#12286=ADVANCED_FACE('',(#12285),#12273,.F.);
#12287=CARTESIAN_POINT('',(-22.997686938,82.,0.));
#12288=DIRECTION('',(1.,0.,0.));
#12289=DIRECTION('',(0.,0.,-1.));
#12290=AXIS2_PLACEMENT_3D('',#12287,#12288,#12289);
#12291=CYLINDRICAL_SURFACE('',#12290,19.);
#12292=ORIENTED_EDGE('',*,*,#10785,.F.);
#12293=ORIENTED_EDGE('',*,*,#11428,.F.);
#12294=ORIENTED_EDGE('',*,*,#11957,.F.);
#12295=ORIENTED_EDGE('',*,*,#12027,.T.);
#12296=ORIENTED_EDGE('',*,*,#12065,.T.);
#12297=ORIENTED_EDGE('',*,*,#11942,.F.);
#12298=ORIENTED_EDGE('',*,*,#11478,.F.);
#12299=ORIENTED_EDGE('',*,*,#11907,.F.);
#12300=ORIENTED_EDGE('',*,*,#12110,.T.);
#12301=ORIENTED_EDGE('',*,*,#11339,.T.);
#12302=ORIENTED_EDGE('',*,*,#12169,.T.);
#12303=ORIENTED_EDGE('',*,*,#11831,.T.);
#12304=ORIENTED_EDGE('',*,*,#11231,.T.);
#12305=CARTESIAN_POINT('',(-11.997686938,69.265669859,-14.100951594));
#12306=DIRECTION('',(-1.,0.,-0.));
#12307=VECTOR('',#12306,11.);
#12308=LINE('',#12305,#12307);
#12309=EDGE_CURVE('',#12181,#11216,#12308,.T.);
#12310=ORIENTED_EDGE('',*,*,#12309,.F.);
#12311=ORIENTED_EDGE('',*,*,#12264,.T.);
#12312=ORIENTED_EDGE('',*,*,#12227,.T.);
#12313=ORIENTED_EDGE('',*,*,#11790,.T.);
#12314=ORIENTED_EDGE('',*,*,#11204,.T.);
#12315=EDGE_LOOP('',(#12292,#12293,#12294,#12295,#12296,#12297,#12298,#12299,#12300,#12301,#12302,#12303,#12304,#12310,#12311,#12312,#12313,#12314));
#12316=FACE_BOUND('',#12315,.T.);
#12317=ADVANCED_FACE('',(#12316),#12291,.T.);
#12318=CARTESIAN_POINT('',(-49.776341893,82.,0.));
#12319=DIRECTION('',(1.,0.,-0.));
#12320=DIRECTION('',(-0.,0.,-1.));
#12321=AXIS2_PLACEMENT_3D('',#12318,#12319,#12320);
#12322=CYLINDRICAL_SURFACE('',#12321,2.);
#12323=ORIENTED_EDGE('',*,*,#11525,.T.);
#12324=ORIENTED_EDGE('',*,*,#11257,.T.);
#12325=ORIENTED_EDGE('',*,*,#11313,.T.);
#12326=ORIENTED_EDGE('',*,*,#11461,.F.);
#12327=EDGE_LOOP('',(#12323,#12324,#12325,#12326));
#12328=FACE_BOUND('',#12327,.T.);
#12329=ADVANCED_FACE('',(#12328),#12322,.F.);
#12330=CARTESIAN_POINT('',(-12.997686938,72.5,-16.454482672));
#12331=DIRECTION('',(-1.,0.,-0.));
#12332=DIRECTION('',(-0.,0.,1.));
#12333=AXIS2_PLACEMENT_3D('',#12330,#12331,#12332);
#12334=CYLINDRICAL_SURFACE('',#12333,4.);
#12335=ORIENTED_EDGE('',*,*,#11781,.T.);
#12336=ORIENTED_EDGE('',*,*,#12187,.T.);
#12337=ORIENTED_EDGE('',*,*,#12309,.T.);
#12338=ORIENTED_EDGE('',*,*,#11222,.F.);
#12339=EDGE_LOOP('',(#12335,#12336,#12337,#12338));
#12340=FACE_BOUND('',#12339,.T.);
#12341=ADVANCED_FACE('',(#12340),#12334,.F.);
#12342=CARTESIAN_POINT('',(-12.997686938,91.5,-16.454482672));
#12343=DIRECTION('',(-1.,0.,-0.));
#12344=DIRECTION('',(-0.,0.,1.));
#12345=AXIS2_PLACEMENT_3D('',#12342,#12343,#12344);
#12346=CYLINDRICAL_SURFACE('',#12345,4.);
#12347=ORIENTED_EDGE('',*,*,#11856,.T.);
#12348=ORIENTED_EDGE('',*,*,#12279,.T.);
#12349=ORIENTED_EDGE('',*,*,#10802,.T.);
#12350=ORIENTED_EDGE('',*,*,#11194,.F.);
#12351=EDGE_LOOP('',(#12347,#12348,#12349,#12350));
#12352=FACE_BOUND('',#12351,.T.);
#12353=ADVANCED_FACE('',(#12352),#12346,.F.);
#12354=CLOSED_SHELL('',(#11113,#11285,#11350,#11406,#11515,#11532,#11557,#11566,#11591,#11600,#11625,#11634,#11669,#11679,#11714,#11724,#11759,#11769,#11801,#11819,#11844,#11869,#11887,#11912,#11930,#11962,
#11973,#11984,#12069,#12116,#12127,#12174,#12268,#12286,#12317,#12329,#12341,#12353));
#12355=MANIFOLD_SOLID_BREP('Cylinder-Bottom',#12354);
#10771=STYLED_ITEM('',(#347),#12355);
#9153=SHAPE_REPRESENTATION('Cylinder',(#15),#9151);
#9154=ADVANCED_BREP_SHAPE_REPRESENTATION('Cylinder',(#10770,#12355),#9151);
#12363=SHAPE_REPRESENTATION_RELATIONSHIP('','',#9153,#9154);
#12364=CARTESIAN_POINT('',(0.,0.,0.));
#12365=DIRECTION('',(0.,0.,1.));
#12366=DIRECTION('',(1.,0.,0.));
#12367=AXIS2_PLACEMENT_3D('',#12364,#12365,#12366);
#12369=MAPPED_ITEM('',#12368,#12367);
#12368=REPRESENTATION_MAP(#12367,#9153);
#9161=PRODUCT('Cylinder','Cylinder','',(#671));
#12370=PRODUCT_RELATED_PRODUCT_CATEGORY('part','',(#9161));
#12371=PRODUCT_DEFINITION_FORMATION_WITH_SPECIFIED_SOURCE('','',#9161,.NOT_KNOWN.);
#9162=PRODUCT_DEFINITION('design','',#12371,#672);
#9160=PRODUCT_DEFINITION_SHAPE('','',#9162);
#12372=SHAPE_DEFINITION_REPRESENTATION(#9160,#9153);
#9152=DRAUGHTING_MODEL('',(#12369),#9151);
#12373=(NAMED_UNIT(*)PLANE_ANGLE_UNIT()SI_UNIT($,.RADIAN.));
#12374=PLANE_ANGLE_MEASURE_WITH_UNIT(PLANE_ANGLE_MEASURE(0.0174532925),#12373);
#12375=(CONVERSION_BASED_UNIT('DEGREE',#12374)NAMED_UNIT(#12376)PLANE_ANGLE_UNIT());
#12376=DIMENSIONAL_EXPONENTS(0.,0.,0.,0.,0.,0.,0.);
#12377=(NAMED_UNIT(*)SI_UNIT($,.STERADIAN.)SOLID_ANGLE_UNIT());
#12378=(LENGTH_UNIT()NAMED_UNIT(*)SI_UNIT(.MILLI.,.METRE.));
#12379=UNCERTAINTY_MEASURE_WITH_UNIT(LENGTH_MEASURE(1.000000E-03),#12378,'DISTANCE_ACCURACY_VALUE','Maximum Tolerance applied to model');
#12380=(GEOMETRIC_REPRESENTATION_CONTEXT(3)GLOBAL_UNCERTAINTY_ASSIGNED_CONTEXT((#12379))GLOBAL_UNIT_ASSIGNED_CONTEXT((#12378,#12375,#12377))REPRESENTATION_CONTEXT('','Gun'));
#12392=CARTESIAN_POINT('',(0.,0.,0.));
#12393=DIRECTION('',(0.,0.,1.));
#12394=DIRECTION('',(1.,0.,-0.));
#12395=AXIS2_PLACEMENT_3D('',#12392,#12393,#12394);
#12396=ITEM_DEFINED_TRANSFORMATION('','',#12395,#15);
#12397=(REPRESENTATION_RELATIONSHIP('','',#12382,#16)REPRESENTATION_RELATIONSHIP_WITH_TRANSFORMATION(#12396)SHAPE_REPRESENTATION_RELATIONSHIP());
#12398=NEXT_ASSEMBLY_USAGE_OCCURRENCE('Gun_5','Gun','Gun',#25,#12391,$);
#12399=PRODUCT_DEFINITION_SHAPE('','',#12398);
#12400=CONTEXT_DEPENDENT_SHAPE_REPRESENTATION(#12397,#12399);
#12401=(NAMED_UNIT(*)PLANE_ANGLE_UNIT()SI_UNIT($,.RADIAN.));
#12402=PLANE_ANGLE_MEASURE_WITH_UNIT(PLANE_ANGLE_MEASURE(0.0174532925),#12401);
#12403=(CONVERSION_BASED_UNIT('DEGREE',#12402)NAMED_UNIT(#12404)PLANE_ANGLE_UNIT());
#12404=DIMENSIONAL_EXPONENTS(0.,0.,0.,0.,0.,0.,0.);
#12405=(NAMED_UNIT(*)SI_UNIT($,.STERADIAN.)SOLID_ANGLE_UNIT());
#12406=(LENGTH_UNIT()NAMED_UNIT(*)SI_UNIT(.MILLI.,.METRE.));
#12407=UNCERTAINTY_MEASURE_WITH_UNIT(LENGTH_MEASURE(1.000000E-03),#12406,'DISTANCE_ACCURACY_VALUE','Maximum Tolerance applied to model');
#12408=(GEOMETRIC_REPRESENTATION_CONTEXT(3)GLOBAL_UNCERTAINTY_ASSIGNED_CONTEXT((#12407))GLOBAL_UNIT_ASSIGNED_CONTEXT((#12406,#12403,#12405))REPRESENTATION_CONTEXT('','Sketches'));
#12420=CARTESIAN_POINT('',(0.,0.,0.));
#12421=DIRECTION('',(0.,0.,1.));
#12422=DIRECTION('',(1.,0.,-0.));
#12423=AXIS2_PLACEMENT_3D('',#12420,#12421,#12422);
#12424=ITEM_DEFINED_TRANSFORMATION('','',#12423,#15);
#12425=(REPRESENTATION_RELATIONSHIP('','',#12410,#12382)REPRESENTATION_RELATIONSHIP_WITH_TRANSFORMATION(#12424)SHAPE_REPRESENTATION_RELATIONSHIP());
#12426=NEXT_ASSEMBLY_USAGE_OCCURRENCE('Sketches_6','Sketches','Sketches',#12391,#12419,$);
#12427=PRODUCT_DEFINITION_SHAPE('','',#12426);
#12428=CONTEXT_DEPENDENT_SHAPE_REPRESENTATION(#12425,#12427);
#12429=(NAMED_UNIT(*)PLANE_ANGLE_UNIT()SI_UNIT($,.RADIAN.));
#12430=PLANE_ANGLE_MEASURE_WITH_UNIT(PLANE_ANGLE_MEASURE(0.0174532925),#12429);
#12431=(CONVERSION_BASED_UNIT('DEGREE',#12430)NAMED_UNIT(#12432)PLANE_ANGLE_UNIT());
#12432=DIMENSIONAL_EXPONENTS(0.,0.,0.,0.,0.,0.,0.);
#12433=(NAMED_UNIT(*)SI_UNIT($,.STERADIAN.)SOLID_ANGLE_UNIT());
#12434=(LENGTH_UNIT()NAMED_UNIT(*)SI_UNIT(.MILLI.,.METRE.));
#12435=UNCERTAINTY_MEASURE_WITH_UNIT(LENGTH_MEASURE(1.000000E-03),#12434,'DISTANCE_ACCURACY_VALUE','Maximum Tolerance applied to model');
#12436=(GEOMETRIC_REPRESENTATION_CONTEXT(3)GLOBAL_UNCERTAINTY_ASSIGNED_CONTEXT((#12435))GLOBAL_UNIT_ASSIGNED_CONTEXT((#12434,#12431,#12433))REPRESENTATION_CONTEXT('','Holes'));
#12448=CARTESIAN_POINT('',(0.,0.,0.));
#12449=DIRECTION('',(0.,0.,1.));
#12450=DIRECTION('',(1.,0.,-0.));
#12451=AXIS2_PLACEMENT_3D('',#12448,#12449,#12450);
#12452=ITEM_DEFINED_TRANSFORMATION('','',#12451,#15);
#12453=(REPRESENTATION_RELATIONSHIP('','',#12438,#12410)REPRESENTATION_RELATIONSHIP_WITH_TRANSFORMATION(#12452)SHAPE_REPRESENTATION_RELATIONSHIP());
#12454=NEXT_ASSEMBLY_USAGE_OCCURRENCE('Holes_7','Holes','Holes',#12419,#12447,$);
#12455=PRODUCT_DEFINITION_SHAPE('','',#12454);
#12456=CONTEXT_DEPENDENT_SHAPE_REPRESENTATION(#12453,#12455);
#12438=SHAPE_REPRESENTATION('Holes',(#15),#12436);
#12457=CARTESIAN_POINT('',(0.,0.,0.));
#12458=DIRECTION('',(0.,0.,1.));
#12459=DIRECTION('',(1.,0.,0.));
#12460=AXIS2_PLACEMENT_3D('',#12457,#12458,#12459);
#12462=MAPPED_ITEM('',#12461,#12460);
#12461=REPRESENTATION_MAP(#12460,#12438);
#12446=PRODUCT('Holes','Holes','',(#671));
#12463=PRODUCT_RELATED_PRODUCT_CATEGORY('part','',(#12446));
#12464=PRODUCT_DEFINITION_FORMATION_WITH_SPECIFIED_SOURCE('','',#12446,.NOT_KNOWN.);
#12447=PRODUCT_DEFINITION('design','',#12464,#672);
#12445=PRODUCT_DEFINITION_SHAPE('','',#12447);
#12465=SHAPE_DEFINITION_REPRESENTATION(#12445,#12438);
#12437=DRAUGHTING_MODEL('',(#12462),#12436);
#12410=SHAPE_REPRESENTATION('Sketches',(#15,#12451),#12408);
#12466=CARTESIAN_POINT('',(0.,0.,0.));
#12467=DIRECTION('',(0.,0.,1.));
#12468=DIRECTION('',(1.,0.,0.));
#12469=AXIS2_PLACEMENT_3D('',#12466,#12467,#12468);
#12471=MAPPED_ITEM('',#12470,#12469);
#12470=REPRESENTATION_MAP(#12469,#12410);
#12418=PRODUCT('Sketches','Sketches','',(#671));
#12472=PRODUCT_RELATED_PRODUCT_CATEGORY('part','',(#12418));
#12473=PRODUCT_DEFINITION_FORMATION_WITH_SPECIFIED_SOURCE('','',#12418,.NOT_KNOWN.);
#12419=PRODUCT_DEFINITION('design','',#12473,#672);
#12417=PRODUCT_DEFINITION_SHAPE('','',#12419);
#12474=SHAPE_DEFINITION_REPRESENTATION(#12417,#12410);
#12409=DRAUGHTING_MODEL('',(#12471),#12408);
#12382=SHAPE_REPRESENTATION('Gun',(#15,#12423),#12380);
#12475=CARTESIAN_POINT('',(0.,0.,0.));
#12476=DIRECTION('',(0.,0.,1.));
#12477=DIRECTION('',(1.,0.,0.));
#12478=AXIS2_PLACEMENT_3D('',#12475,#12476,#12477);
#12480=MAPPED_ITEM('',#12479,#12478);
#12479=REPRESENTATION_MAP(#12478,#12382);
#12390=PRODUCT('Gun','Gun','',(#671));
#12481=PRODUCT_RELATED_PRODUCT_CATEGORY('part','',(#12390));
#12482=PRODUCT_DEFINITION_FORMATION_WITH_SPECIFIED_SOURCE('','',#12390,.NOT_KNOWN.);
#12391=PRODUCT_DEFINITION('design','',#12482,#672);
#12389=PRODUCT_DEFINITION_SHAPE('','',#12391);
#12483=SHAPE_DEFINITION_REPRESENTATION(#12389,#12382);
#12381=DRAUGHTING_MODEL('',(#12480),#12380);
#12484=(NAMED_UNIT(*)PLANE_ANGLE_UNIT()SI_UNIT($,.RADIAN.));
#12485=PLANE_ANGLE_MEASURE_WITH_UNIT(PLANE_ANGLE_MEASURE(0.0174532925),#12484);
#12486=(CONVERSION_BASED_UNIT('DEGREE',#12485)NAMED_UNIT(#12487)PLANE_ANGLE_UNIT());
#12487=DIMENSIONAL_EXPONENTS(0.,0.,0.,0.,0.,0.,0.);
#12488=(NAMED_UNIT(*)SI_UNIT($,.STERADIAN.)SOLID_ANGLE_UNIT());
#12489=(LENGTH_UNIT()NAMED_UNIT(*)SI_UNIT(.MILLI.,.METRE.));
#12490=UNCERTAINTY_MEASURE_WITH_UNIT(LENGTH_MEASURE(1.000000E-03),#12489,'DISTANCE_ACCURACY_VALUE','Maximum Tolerance applied to model');
#12491=(GEOMETRIC_REPRESENTATION_CONTEXT(3)GLOBAL_UNCERTAINTY_ASSIGNED_CONTEXT((#12490))GLOBAL_UNIT_ASSIGNED_CONTEXT((#12489,#12486,#12488))REPRESENTATION_CONTEXT('','Colt'));
#12503=CARTESIAN_POINT('',(0.,0.,0.));
#12504=DIRECTION('',(0.,0.,1.));
#12505=DIRECTION('',(1.,0.,-0.));
#12506=AXIS2_PLACEMENT_3D('',#12503,#12504,#12505);
#12507=ITEM_DEFINED_TRANSFORMATION('','',#12506,#15);
#12508=(REPRESENTATION_RELATIONSHIP('','',#12493,#16)REPRESENTATION_RELATIONSHIP_WITH_TRANSFORMATION(#12507)SHAPE_REPRESENTATION_RELATIONSHIP());
#12509=NEXT_ASSEMBLY_USAGE_OCCURRENCE('Colt_8','Colt','Colt',#25,#12502,$);
#12510=PRODUCT_DEFINITION_SHAPE('','',#12509);
#12511=CONTEXT_DEPENDENT_SHAPE_REPRESENTATION(#12508,#12510);
#12512=(NAMED_UNIT(*)PLANE_ANGLE_UNIT()SI_UNIT($,.RADIAN.));
#12513=PLANE_ANGLE_MEASURE_WITH_UNIT(PLANE_ANGLE_MEASURE(0.0174532925),#12512);
#12514=(CONVERSION_BASED_UNIT('DEGREE',#12513)NAMED_UNIT(#12515)PLANE_ANGLE_UNIT());
#12515=DIMENSIONAL_EXPONENTS(0.,0.,0.,0.,0.,0.,0.);
#12516=(NAMED_UNIT(*)SI_UNIT($,.STERADIAN.)SOLID_ANGLE_UNIT());
#12517=(LENGTH_UNIT()NAMED_UNIT(*)SI_UNIT(.MILLI.,.METRE.));
#12518=UNCERTAINTY_MEASURE_WITH_UNIT(LENGTH_MEASURE(1.000000E-03),#12517,'DISTANCE_ACCURACY_VALUE','Maximum Tolerance applied to model');
#12519=(GEOMETRIC_REPRESENTATION_CONTEXT(3)GLOBAL_UNCERTAINTY_ASSIGNED_CONTEXT((#12518))GLOBAL_UNIT_ASSIGNED_CONTEXT((#12517,#12514,#12516))REPRESENTATION_CONTEXT('','Grip'));
#12531=CARTESIAN_POINT('',(0.,0.,0.));
#12532=DIRECTION('',(0.,0.,1.));
#12533=DIRECTION('',(1.,0.,-0.));
#12534=AXIS2_PLACEMENT_3D('',#12531,#12532,#12533);
#12535=ITEM_DEFINED_TRANSFORMATION('','',#12534,#15);
#12536=(REPRESENTATION_RELATIONSHIP('','',#12521,#12493)REPRESENTATION_RELATIONSHIP_WITH_TRANSFORMATION(#12535)SHAPE_REPRESENTATION_RELATIONSHIP());
#12537=NEXT_ASSEMBLY_USAGE_OCCURRENCE('Grip_9','Grip','Grip',#12502,#12530,$);
#12538=PRODUCT_DEFINITION_SHAPE('','',#12537);
#12539=CONTEXT_DEPENDENT_SHAPE_REPRESENTATION(#12536,#12538);
#12521=SHAPE_REPRESENTATION('Grip',(#15),#12519);
#12540=CARTESIAN_POINT('',(0.,0.,0.));
#12541=DIRECTION('',(0.,0.,1.));
#12542=DIRECTION('',(1.,0.,0.));
#12543=AXIS2_PLACEMENT_3D('',#12540,#12541,#12542);
#12545=MAPPED_ITEM('',#12544,#12543);
#12544=REPRESENTATION_MAP(#12543,#12521);
#12529=PRODUCT('Grip','Grip','',(#671));
#12546=PRODUCT_RELATED_PRODUCT_CATEGORY('part','',(#12529));
#12547=PRODUCT_DEFINITION_FORMATION_WITH_SPECIFIED_SOURCE('','',#12529,.NOT_KNOWN.);
#12530=PRODUCT_DEFINITION('design','',#12547,#672);
#12528=PRODUCT_DEFINITION_SHAPE('','',#12530);
#12548=SHAPE_DEFINITION_REPRESENTATION(#12528,#12521);
#12520=DRAUGHTING_MODEL('',(#12545),#12519);
#12549=(NAMED_UNIT(*)PLANE_ANGLE_UNIT()SI_UNIT($,.RADIAN.));
#12550=PLANE_ANGLE_MEASURE_WITH_UNIT(PLANE_ANGLE_MEASURE(0.0174532925),#12549);
#12551=(CONVERSION_BASED_UNIT('DEGREE',#12550)NAMED_UNIT(#12552)PLANE_ANGLE_UNIT());
#12552=DIMENSIONAL_EXPONENTS(0.,0.,0.,0.,0.,0.,0.);
#12553=(NAMED_UNIT(*)SI_UNIT($,.STERADIAN.)SOLID_ANGLE_UNIT());
#12554=(LENGTH_UNIT()NAMED_UNIT(*)SI_UNIT(.MILLI.,.METRE.));
#12555=UNCERTAINTY_MEASURE_WITH_UNIT(LENGTH_MEASURE(1.000000E-03),#12554,'DISTANCE_ACCURACY_VALUE','Maximum Tolerance applied to model');
#12556=(GEOMETRIC_REPRESENTATION_CONTEXT(3)GLOBAL_UNCERTAINTY_ASSIGNED_CONTEXT((#12555))GLOBAL_UNIT_ASSIGNED_CONTEXT((#12554,#12551,#12553))REPRESENTATION_CONTEXT('','Cylinder'));
#12568=CARTESIAN_POINT('',(0.,0.,0.));
#12569=DIRECTION('',(0.,0.,1.));
#12570=DIRECTION('',(1.,0.,-0.));
#12571=AXIS2_PLACEMENT_3D('',#12568,#12569,#12570);
#12572=ITEM_DEFINED_TRANSFORMATION('','',#12571,#15);
#12573=(REPRESENTATION_RELATIONSHIP('','',#12558,#12493)REPRESENTATION_RELATIONSHIP_WITH_TRANSFORMATION(#12572)SHAPE_REPRESENTATION_RELATIONSHIP());
#12574=NEXT_ASSEMBLY_USAGE_OCCURRENCE('Cylinder_10','Cylinder','Cylinder',#12502,#12567,$);
#12575=PRODUCT_DEFINITION_SHAPE('','',#12574);
#12576=CONTEXT_DEPENDENT_SHAPE_REPRESENTATION(#12573,#12575);
#12577=(NAMED_UNIT(*)PLANE_ANGLE_UNIT()SI_UNIT($,.RADIAN.));
#12578=PLANE_ANGLE_MEASURE_WITH_UNIT(PLANE_ANGLE_MEASURE(0.0174532925),#12577);
#12579=(CONVERSION_BASED_UNIT('DEGREE',#12578)NAMED_UNIT(#12580)PLANE_ANGLE_UNIT());
#12580=DIMENSIONAL_EXPONENTS(0.,0.,0.,0.,0.,0.,0.);
#12581=(NAMED_UNIT(*)SI_UNIT($,.STERADIAN.)SOLID_ANGLE_UNIT());
#12582=(LENGTH_UNIT()NAMED_UNIT(*)SI_UNIT(.MILLI.,.METRE.));
#12583=UNCERTAINTY_MEASURE_WITH_UNIT(LENGTH_MEASURE(1.000000E-03),#12582,'DISTANCE_ACCURACY_VALUE','Maximum Tolerance applied to model');
#12584=(GEOMETRIC_REPRESENTATION_CONTEXT(3)GLOBAL_UNCERTAINTY_ASSIGNED_CONTEXT((#12583))GLOBAL_UNIT_ASSIGNED_CONTEXT((#12582,#12579,#12581))REPRESENTATION_CONTEXT('','Cylinder-Release'));
#12596=CARTESIAN_POINT('',(0.,0.,0.));
#12597=DIRECTION('',(0.,0.,1.));
#12598=DIRECTION('',(1.,0.,-0.));
#12599=AXIS2_PLACEMENT_3D('',#12596,#12597,#12598);
#12600=ITEM_DEFINED_TRANSFORMATION('','',#12599,#15);
#12601=(REPRESENTATION_RELATIONSHIP('','',#12586,#12558)REPRESENTATION_RELATIONSHIP_WITH_TRANSFORMATION(#12600)SHAPE_REPRESENTATION_RELATIONSHIP());
#12602=NEXT_ASSEMBLY_USAGE_OCCURRENCE('Cylinder-Release_11','Cylinder-Release','Cylinder-Release',#12567,#12595,$);
#12603=PRODUCT_DEFINITION_SHAPE('','',#12602);
#12604=CONTEXT_DEPENDENT_SHAPE_REPRESENTATION(#12601,#12603);
#12586=SHAPE_REPRESENTATION('Cylinder-Release',(#15),#12584);
#12605=CARTESIAN_POINT('',(0.,0.,0.));
#12606=DIRECTION('',(0.,0.,1.));
#12607=DIRECTION('',(1.,0.,0.));
#12608=AXIS2_PLACEMENT_3D('',#12605,#12606,#12607);
#12610=MAPPED_ITEM('',#12609,#12608);
#12609=REPRESENTATION_MAP(#12608,#12586);
#12594=PRODUCT('Cylinder-Release','Cylinder-Release','',(#671));
#12611=PRODUCT_RELATED_PRODUCT_CATEGORY('part','',(#12594));
#12612=PRODUCT_DEFINITION_FORMATION_WITH_SPECIFIED_SOURCE('','',#12594,.NOT_KNOWN.);
#12595=PRODUCT_DEFINITION('design','',#12612,#672);
#12593=PRODUCT_DEFINITION_SHAPE('','',#12595);
#12613=SHAPE_DEFINITION_REPRESENTATION(#12593,#12586);
#12585=DRAUGHTING_MODEL('',(#12610),#12584);
#12558=SHAPE_REPRESENTATION('Cylinder',(#15,#12599),#12556);
#12614=CARTESIAN_POINT('',(0.,0.,0.));
#12615=DIRECTION('',(0.,0.,1.));
#12616=DIRECTION('',(1.,0.,0.));
#12617=AXIS2_PLACEMENT_3D('',#12614,#12615,#12616);
#12619=MAPPED_ITEM('',#12618,#12617);
#12618=REPRESENTATION_MAP(#12617,#12558);
#12566=PRODUCT('Cylinder','Cylinder','',(#671));
#12620=PRODUCT_RELATED_PRODUCT_CATEGORY('part','',(#12566));
#12621=PRODUCT_DEFINITION_FORMATION_WITH_SPECIFIED_SOURCE('','',#12566,.NOT_KNOWN.);
#12567=PRODUCT_DEFINITION('design','',#12621,#672);
#12565=PRODUCT_DEFINITION_SHAPE('','',#12567);
#12622=SHAPE_DEFINITION_REPRESENTATION(#12565,#12558);
#12557=DRAUGHTING_MODEL('',(#12619),#12556);
#12623=(NAMED_UNIT(*)PLANE_ANGLE_UNIT()SI_UNIT($,.RADIAN.));
#12624=PLANE_ANGLE_MEASURE_WITH_UNIT(PLANE_ANGLE_MEASURE(0.0174532925),#12623);
#12625=(CONVERSION_BASED_UNIT('DEGREE',#12624)NAMED_UNIT(#12626)PLANE_ANGLE_UNIT());
#12626=DIMENSIONAL_EXPONENTS(0.,0.,0.,0.,0.,0.,0.);
#12627=(NAMED_UNIT(*)SI_UNIT($,.STERADIAN.)SOLID_ANGLE_UNIT());
#12628=(LENGTH_UNIT()NAMED_UNIT(*)SI_UNIT(.MILLI.,.METRE.));
#12629=UNCERTAINTY_MEASURE_WITH_UNIT(LENGTH_MEASURE(1.000000E-03),#12628,'DISTANCE_ACCURACY_VALUE','Maximum Tolerance applied to model');
#12630=(GEOMETRIC_REPRESENTATION_CONTEXT(3)GLOBAL_UNCERTAINTY_ASSIGNED_CONTEXT((#12629))GLOBAL_UNIT_ASSIGNED_CONTEXT((#12628,#12625,#12627))REPRESENTATION_CONTEXT('','Trigger'));
#12642=CARTESIAN_POINT('',(0.,0.,0.));
#12643=DIRECTION('',(0.,0.,1.));
#12644=DIRECTION('',(1.,0.,-0.));
#12645=AXIS2_PLACEMENT_3D('',#12642,#12643,#12644);
#12646=ITEM_DEFINED_TRANSFORMATION('','',#12645,#15);
#12647=(REPRESENTATION_RELATIONSHIP('','',#12632,#12493)REPRESENTATION_RELATIONSHIP_WITH_TRANSFORMATION(#12646)SHAPE_REPRESENTATION_RELATIONSHIP());
#12648=NEXT_ASSEMBLY_USAGE_OCCURRENCE('Trigger_12','Trigger','Trigger',#12502,#12641,$);
#12649=PRODUCT_DEFINITION_SHAPE('','',#12648);
#12650=CONTEXT_DEPENDENT_SHAPE_REPRESENTATION(#12647,#12649);
#12632=SHAPE_REPRESENTATION('Trigger',(#15),#12630);
#12651=CARTESIAN_POINT('',(0.,0.,0.));
#12652=DIRECTION('',(0.,0.,1.));
#12653=DIRECTION('',(1.,0.,0.));
#12654=AXIS2_PLACEMENT_3D('',#12651,#12652,#12653);
#12656=MAPPED_ITEM('',#12655,#12654);
#12655=REPRESENTATION_MAP(#12654,#12632);
#12640=PRODUCT('Trigger','Trigger','',(#671));
#12657=PRODUCT_RELATED_PRODUCT_CATEGORY('part','',(#12640));
#12658=PRODUCT_DEFINITION_FORMATION_WITH_SPECIFIED_SOURCE('','',#12640,.NOT_KNOWN.);
#12641=PRODUCT_DEFINITION('design','',#12658,#672);
#12639=PRODUCT_DEFINITION_SHAPE('','',#12641);
#12659=SHAPE_DEFINITION_REPRESENTATION(#12639,#12632);
#12631=DRAUGHTING_MODEL('',(#12656),#12630);
#12660=(NAMED_UNIT(*)PLANE_ANGLE_UNIT()SI_UNIT($,.RADIAN.));
#12661=PLANE_ANGLE_MEASURE_WITH_UNIT(PLANE_ANGLE_MEASURE(0.0174532925),#12660);
#12662=(CONVERSION_BASED_UNIT('DEGREE',#12661)NAMED_UNIT(#12663)PLANE_ANGLE_UNIT());
#12663=DIMENSIONAL_EXPONENTS(0.,0.,0.,0.,0.,0.,0.);
#12664=(NAMED_UNIT(*)SI_UNIT($,.STERADIAN.)SOLID_ANGLE_UNIT());
#12665=(LENGTH_UNIT()NAMED_UNIT(*)SI_UNIT(.MILLI.,.METRE.));
#12666=UNCERTAINTY_MEASURE_WITH_UNIT(LENGTH_MEASURE(1.000000E-03),#12665,'DISTANCE_ACCURACY_VALUE','Maximum Tolerance applied to model');
#12667=(GEOMETRIC_REPRESENTATION_CONTEXT(3)GLOBAL_UNCERTAINTY_ASSIGNED_CONTEXT((#12666))GLOBAL_UNIT_ASSIGNED_CONTEXT((#12665,#12662,#12664))REPRESENTATION_CONTEXT('','Hammer'));
#12679=CARTESIAN_POINT('',(0.,0.,0.));
#12680=DIRECTION('',(0.,0.,1.));
#12681=DIRECTION('',(1.,0.,-0.));
#12682=AXIS2_PLACEMENT_3D('',#12679,#12680,#12681);
#12683=ITEM_DEFINED_TRANSFORMATION('','',#12682,#15);
#12684=(REPRESENTATION_RELATIONSHIP('','',#12669,#12493)REPRESENTATION_RELATIONSHIP_WITH_TRANSFORMATION(#12683)SHAPE_REPRESENTATION_RELATIONSHIP());
#12685=NEXT_ASSEMBLY_USAGE_OCCURRENCE('Hammer_13','Hammer','Hammer',#12502,#12678,$);
#12686=PRODUCT_DEFINITION_SHAPE('','',#12685);
#12687=CONTEXT_DEPENDENT_SHAPE_REPRESENTATION(#12684,#12686);
#12669=SHAPE_REPRESENTATION('Hammer',(#15),#12667);
#12688=CARTESIAN_POINT('',(0.,0.,0.));
#12689=DIRECTION('',(0.,0.,1.));
#12690=DIRECTION('',(1.,0.,0.));
#12691=AXIS2_PLACEMENT_3D('',#12688,#12689,#12690);
#12693=MAPPED_ITEM('',#12692,#12691);
#12692=REPRESENTATION_MAP(#12691,#12669);
#12677=PRODUCT('Hammer','Hammer','',(#671));
#12694=PRODUCT_RELATED_PRODUCT_CATEGORY('part','',(#12677));
#12695=PRODUCT_DEFINITION_FORMATION_WITH_SPECIFIED_SOURCE('','',#12677,.NOT_KNOWN.);
#12678=PRODUCT_DEFINITION('design','',#12695,#672);
#12676=PRODUCT_DEFINITION_SHAPE('','',#12678);
#12696=SHAPE_DEFINITION_REPRESENTATION(#12676,#12669);
#12668=DRAUGHTING_MODEL('',(#12693),#12667);
#12697=(NAMED_UNIT(*)PLANE_ANGLE_UNIT()SI_UNIT($,.RADIAN.));
#12698=PLANE_ANGLE_MEASURE_WITH_UNIT(PLANE_ANGLE_MEASURE(0.0174532925),#12697);
#12699=(CONVERSION_BASED_UNIT('DEGREE',#12698)NAMED_UNIT(#12700)PLANE_ANGLE_UNIT());
#12700=DIMENSIONAL_EXPONENTS(0.,0.,0.,0.,0.,0.,0.);
#12701=(NAMED_UNIT(*)SI_UNIT($,.STERADIAN.)SOLID_ANGLE_UNIT());
#12702=(LENGTH_UNIT()NAMED_UNIT(*)SI_UNIT(.MILLI.,.METRE.));
#12703=UNCERTAINTY_MEASURE_WITH_UNIT(LENGTH_MEASURE(1.000000E-03),#12702,'DISTANCE_ACCURACY_VALUE','Maximum Tolerance applied to model');
#12704=(GEOMETRIC_REPRESENTATION_CONTEXT(3)GLOBAL_UNCERTAINTY_ASSIGNED_CONTEXT((#12703))GLOBAL_UNIT_ASSIGNED_CONTEXT((#12702,#12699,#12701))REPRESENTATION_CONTEXT('','Bullets'));
#12716=CARTESIAN_POINT('',(0.,0.,0.));
#12717=DIRECTION('',(0.,0.,1.));
#12718=DIRECTION('',(1.,0.,-0.));
#12719=AXIS2_PLACEMENT_3D('',#12716,#12717,#12718);
#12720=ITEM_DEFINED_TRANSFORMATION('','',#12719,#15);
#12721=(REPRESENTATION_RELATIONSHIP('','',#12706,#12493)REPRESENTATION_RELATIONSHIP_WITH_TRANSFORMATION(#12720)SHAPE_REPRESENTATION_RELATIONSHIP());
#12722=NEXT_ASSEMBLY_USAGE_OCCURRENCE('Bullets_14','Bullets','Bullets',#12502,#12715,$);
#12723=PRODUCT_DEFINITION_SHAPE('','',#12722);
#12724=CONTEXT_DEPENDENT_SHAPE_REPRESENTATION(#12721,#12723);
#12725=(NAMED_UNIT(*)PLANE_ANGLE_UNIT()SI_UNIT($,.RADIAN.));
#12726=PLANE_ANGLE_MEASURE_WITH_UNIT(PLANE_ANGLE_MEASURE(0.0174532925),#12725);
#12727=(CONVERSION_BASED_UNIT('DEGREE',#12726)NAMED_UNIT(#12728)PLANE_ANGLE_UNIT());
#12728=DIMENSIONAL_EXPONENTS(0.,0.,0.,0.,0.,0.,0.);
#12729=(NAMED_UNIT(*)SI_UNIT($,.STERADIAN.)SOLID_ANGLE_UNIT());
#12730=(LENGTH_UNIT()NAMED_UNIT(*)SI_UNIT(.MILLI.,.METRE.));
#12731=UNCERTAINTY_MEASURE_WITH_UNIT(LENGTH_MEASURE(1.000000E-03),#12730,'DISTANCE_ACCURACY_VALUE','Maximum Tolerance applied to model');
#12732=(GEOMETRIC_REPRESENTATION_CONTEXT(3)GLOBAL_UNCERTAINTY_ASSIGNED_CONTEXT((#12731))GLOBAL_UNIT_ASSIGNED_CONTEXT((#12730,#12727,#12729))REPRESENTATION_CONTEXT('','Bullet'));
#12744=CARTESIAN_POINT('',(0.,0.,0.));
#12745=DIRECTION('',(0.,0.,1.));
#12746=DIRECTION('',(1.,0.,-0.));
#12747=AXIS2_PLACEMENT_3D('',#12744,#12745,#12746);
#12748=ITEM_DEFINED_TRANSFORMATION('','',#12747,#15);
#12749=(REPRESENTATION_RELATIONSHIP('','',#12734,#12706)REPRESENTATION_RELATIONSHIP_WITH_TRANSFORMATION(#12748)SHAPE_REPRESENTATION_RELATIONSHIP());
#12750=NEXT_ASSEMBLY_USAGE_OCCURRENCE('Bullet_15','Bullet','Bullet',#12715,#12743,$);
#12751=PRODUCT_DEFINITION_SHAPE('','',#12750);
#12752=CONTEXT_DEPENDENT_SHAPE_REPRESENTATION(#12749,#12751);
#12734=SHAPE_REPRESENTATION('Bullet',(#15),#12732);
#12753=CARTESIAN_POINT('',(0.,0.,0.));
#12754=DIRECTION('',(0.,0.,1.));
#12755=DIRECTION('',(1.,0.,0.));
#12756=AXIS2_PLACEMENT_3D('',#12753,#12754,#12755);
#12758=MAPPED_ITEM('',#12757,#12756);
#12757=REPRESENTATION_MAP(#12756,#12734);
#12742=PRODUCT('Bullet','Bullet','',(#671));
#12759=PRODUCT_RELATED_PRODUCT_CATEGORY('part','',(#12742));
#12760=PRODUCT_DEFINITION_FORMATION_WITH_SPECIFIED_SOURCE('','',#12742,.NOT_KNOWN.);
#12743=PRODUCT_DEFINITION('design','',#12760,#672);
#12741=PRODUCT_DEFINITION_SHAPE('','',#12743);
#12761=SHAPE_DEFINITION_REPRESENTATION(#12741,#12734);
#12733=DRAUGHTING_MODEL('',(#12758),#12732);
#12762=(NAMED_UNIT(*)PLANE_ANGLE_UNIT()SI_UNIT($,.RADIAN.));
#12763=PLANE_ANGLE_MEASURE_WITH_UNIT(PLANE_ANGLE_MEASURE(0.0174532925),#12762);
#12764=(CONVERSION_BASED_UNIT('DEGREE',#12763)NAMED_UNIT(#12765)PLANE_ANGLE_UNIT());
#12765=DIMENSIONAL_EXPONENTS(0.,0.,0.,0.,0.,0.,0.);
#12766=(NAMED_UNIT(*)SI_UNIT($,.STERADIAN.)SOLID_ANGLE_UNIT());
#12767=(LENGTH_UNIT()NAMED_UNIT(*)SI_UNIT(.MILLI.,.METRE.));
#12768=UNCERTAINTY_MEASURE_WITH_UNIT(LENGTH_MEASURE(1.000000E-03),#12767,'DISTANCE_ACCURACY_VALUE','Maximum Tolerance applied to model');
#12769=(GEOMETRIC_REPRESENTATION_CONTEXT(3)GLOBAL_UNCERTAINTY_ASSIGNED_CONTEXT((#12768))GLOBAL_UNIT_ASSIGNED_CONTEXT((#12767,#12764,#12766))REPRESENTATION_CONTEXT('','Bullet'));
#12781=CARTESIAN_POINT('',(0.,0.,0.));
#12782=DIRECTION('',(0.,0.,1.));
#12783=DIRECTION('',(1.,0.,-0.));
#12784=AXIS2_PLACEMENT_3D('',#12781,#12782,#12783);
#12785=ITEM_DEFINED_TRANSFORMATION('','',#12784,#15);
#12786=(REPRESENTATION_RELATIONSHIP('','',#12771,#12706)REPRESENTATION_RELATIONSHIP_WITH_TRANSFORMATION(#12785)SHAPE_REPRESENTATION_RELATIONSHIP());
#12787=NEXT_ASSEMBLY_USAGE_OCCURRENCE('Bullet_16','Bullet','Bullet',#12715,#12780,$);
#12788=PRODUCT_DEFINITION_SHAPE('','',#12787);
#12789=CONTEXT_DEPENDENT_SHAPE_REPRESENTATION(#12786,#12788);
#12771=SHAPE_REPRESENTATION('Bullet',(#15),#12769);
#12790=CARTESIAN_POINT('',(0.,0.,0.));
#12791=DIRECTION('',(0.,0.,1.));
#12792=DIRECTION('',(1.,0.,0.));
#12793=AXIS2_PLACEMENT_3D('',#12790,#12791,#12792);
#12795=MAPPED_ITEM('',#12794,#12793);
#12794=REPRESENTATION_MAP(#12793,#12771);
#12779=PRODUCT('Bullet','Bullet','',(#671));
#12796=PRODUCT_RELATED_PRODUCT_CATEGORY('part','',(#12779));
#12797=PRODUCT_DEFINITION_FORMATION_WITH_SPECIFIED_SOURCE('','',#12779,.NOT_KNOWN.);
#12780=PRODUCT_DEFINITION('design','',#12797,#672);
#12778=PRODUCT_DEFINITION_SHAPE('','',#12780);
#12798=SHAPE_DEFINITION_REPRESENTATION(#12778,#12771);
#12770=DRAUGHTING_MODEL('',(#12795),#12769);
#12799=(NAMED_UNIT(*)PLANE_ANGLE_UNIT()SI_UNIT($,.RADIAN.));
#12800=PLANE_ANGLE_MEASURE_WITH_UNIT(PLANE_ANGLE_MEASURE(0.0174532925),#12799);
#12801=(CONVERSION_BASED_UNIT('DEGREE',#12800)NAMED_UNIT(#12802)PLANE_ANGLE_UNIT());
#12802=DIMENSIONAL_EXPONENTS(0.,0.,0.,0.,0.,0.,0.);
#12803=(NAMED_UNIT(*)SI_UNIT($,.STERADIAN.)SOLID_ANGLE_UNIT());
#12804=(LENGTH_UNIT()NAMED_UNIT(*)SI_UNIT(.MILLI.,.METRE.));
#12805=UNCERTAINTY_MEASURE_WITH_UNIT(LENGTH_MEASURE(1.000000E-03),#12804,'DISTANCE_ACCURACY_VALUE','Maximum Tolerance applied to model');
#12806=(GEOMETRIC_REPRESENTATION_CONTEXT(3)GLOBAL_UNCERTAINTY_ASSIGNED_CONTEXT((#12805))GLOBAL_UNIT_ASSIGNED_CONTEXT((#12804,#12801,#12803))REPRESENTATION_CONTEXT('','Bullet'));
#12818=CARTESIAN_POINT('',(0.,0.,0.));
#12819=DIRECTION('',(0.,0.,1.));
#12820=DIRECTION('',(1.,0.,-0.));
#12821=AXIS2_PLACEMENT_3D('',#12818,#12819,#12820);
#12822=ITEM_DEFINED_TRANSFORMATION('','',#12821,#15);
#12823=(REPRESENTATION_RELATIONSHIP('','',#12808,#12706)REPRESENTATION_RELATIONSHIP_WITH_TRANSFORMATION(#12822)SHAPE_REPRESENTATION_RELATIONSHIP());
#12824=NEXT_ASSEMBLY_USAGE_OCCURRENCE('Bullet_17','Bullet','Bullet',#12715,#12817,$);
#12825=PRODUCT_DEFINITION_SHAPE('','',#12824);
#12826=CONTEXT_DEPENDENT_SHAPE_REPRESENTATION(#12823,#12825);
#12808=SHAPE_REPRESENTATION('Bullet',(#15),#12806);
#12827=CARTESIAN_POINT('',(0.,0.,0.));
#12828=DIRECTION('',(0.,0.,1.));
#12829=DIRECTION('',(1.,0.,0.));
#12830=AXIS2_PLACEMENT_3D('',#12827,#12828,#12829);
#12832=MAPPED_ITEM('',#12831,#12830);
#12831=REPRESENTATION_MAP(#12830,#12808);
#12816=PRODUCT('Bullet','Bullet','',(#671));
#12833=PRODUCT_RELATED_PRODUCT_CATEGORY('part','',(#12816));
#12834=PRODUCT_DEFINITION_FORMATION_WITH_SPECIFIED_SOURCE('','',#12816,.NOT_KNOWN.);
#12817=PRODUCT_DEFINITION('design','',#12834,#672);
#12815=PRODUCT_DEFINITION_SHAPE('','',#12817);
#12835=SHAPE_DEFINITION_REPRESENTATION(#12815,#12808);
#12807=DRAUGHTING_MODEL('',(#12832),#12806);
#12836=(NAMED_UNIT(*)PLANE_ANGLE_UNIT()SI_UNIT($,.RADIAN.));
#12837=PLANE_ANGLE_MEASURE_WITH_UNIT(PLANE_ANGLE_MEASURE(0.0174532925),#12836);
#12838=(CONVERSION_BASED_UNIT('DEGREE',#12837)NAMED_UNIT(#12839)PLANE_ANGLE_UNIT());
#12839=DIMENSIONAL_EXPONENTS(0.,0.,0.,0.,0.,0.,0.);
#12840=(NAMED_UNIT(*)SI_UNIT($,.STERADIAN.)SOLID_ANGLE_UNIT());
#12841=(LENGTH_UNIT()NAMED_UNIT(*)SI_UNIT(.MILLI.,.METRE.));
#12842=UNCERTAINTY_MEASURE_WITH_UNIT(LENGTH_MEASURE(1.000000E-03),#12841,'DISTANCE_ACCURACY_VALUE','Maximum Tolerance applied to model');
#12843=(GEOMETRIC_REPRESENTATION_CONTEXT(3)GLOBAL_UNCERTAINTY_ASSIGNED_CONTEXT((#12842))GLOBAL_UNIT_ASSIGNED_CONTEXT((#12841,#12838,#12840))REPRESENTATION_CONTEXT('','Bullet'));
#12855=CARTESIAN_POINT('',(0.,0.,0.));
#12856=DIRECTION('',(0.,0.,1.));
#12857=DIRECTION('',(1.,0.,-0.));
#12858=AXIS2_PLACEMENT_3D('',#12855,#12856,#12857);
#12859=ITEM_DEFINED_TRANSFORMATION('','',#12858,#15);
#12860=(REPRESENTATION_RELATIONSHIP('','',#12845,#12706)REPRESENTATION_RELATIONSHIP_WITH_TRANSFORMATION(#12859)SHAPE_REPRESENTATION_RELATIONSHIP());
#12861=NEXT_ASSEMBLY_USAGE_OCCURRENCE('Bullet_18','Bullet','Bullet',#12715,#12854,$);
#12862=PRODUCT_DEFINITION_SHAPE('','',#12861);
#12863=CONTEXT_DEPENDENT_SHAPE_REPRESENTATION(#12860,#12862);
#12845=SHAPE_REPRESENTATION('Bullet',(#15),#12843);
#12864=CARTESIAN_POINT('',(0.,0.,0.));
#12865=DIRECTION('',(0.,0.,1.));
#12866=DIRECTION('',(1.,0.,0.));
#12867=AXIS2_PLACEMENT_3D('',#12864,#12865,#12866);
#12869=MAPPED_ITEM('',#12868,#12867);
#12868=REPRESENTATION_MAP(#12867,#12845);
#12853=PRODUCT('Bullet','Bullet','',(#671));
#12870=PRODUCT_RELATED_PRODUCT_CATEGORY('part','',(#12853));
#12871=PRODUCT_DEFINITION_FORMATION_WITH_SPECIFIED_SOURCE('','',#12853,.NOT_KNOWN.);
#12854=PRODUCT_DEFINITION('design','',#12871,#672);
#12852=PRODUCT_DEFINITION_SHAPE('','',#12854);
#12872=SHAPE_DEFINITION_REPRESENTATION(#12852,#12845);
#12844=DRAUGHTING_MODEL('',(#12869),#12843);
#12873=(NAMED_UNIT(*)PLANE_ANGLE_UNIT()SI_UNIT($,.RADIAN.));
#12874=PLANE_ANGLE_MEASURE_WITH_UNIT(PLANE_ANGLE_MEASURE(0.0174532925),#12873);
#12875=(CONVERSION_BASED_UNIT('DEGREE',#12874)NAMED_UNIT(#12876)PLANE_ANGLE_UNIT());
#12876=DIMENSIONAL_EXPONENTS(0.,0.,0.,0.,0.,0.,0.);
#12877=(NAMED_UNIT(*)SI_UNIT($,.STERADIAN.)SOLID_ANGLE_UNIT());
#12878=(LENGTH_UNIT()NAMED_UNIT(*)SI_UNIT(.MILLI.,.METRE.));
#12879=UNCERTAINTY_MEASURE_WITH_UNIT(LENGTH_MEASURE(1.000000E-03),#12878,'DISTANCE_ACCURACY_VALUE','Maximum Tolerance applied to model');
#12880=(GEOMETRIC_REPRESENTATION_CONTEXT(3)GLOBAL_UNCERTAINTY_ASSIGNED_CONTEXT((#12879))GLOBAL_UNIT_ASSIGNED_CONTEXT((#12878,#12875,#12877))REPRESENTATION_CONTEXT('','Bullet'));
#12892=CARTESIAN_POINT('',(0.,0.,0.));
#12893=DIRECTION('',(0.,0.,1.));
#12894=DIRECTION('',(1.,0.,-0.));
#12895=AXIS2_PLACEMENT_3D('',#12892,#12893,#12894);
#12896=ITEM_DEFINED_TRANSFORMATION('','',#12895,#15);
#12897=(REPRESENTATION_RELATIONSHIP('','',#12882,#12706)REPRESENTATION_RELATIONSHIP_WITH_TRANSFORMATION(#12896)SHAPE_REPRESENTATION_RELATIONSHIP());
#12898=NEXT_ASSEMBLY_USAGE_OCCURRENCE('Bullet_19','Bullet','Bullet',#12715,#12891,$);
#12899=PRODUCT_DEFINITION_SHAPE('','',#12898);
#12900=CONTEXT_DEPENDENT_SHAPE_REPRESENTATION(#12897,#12899);
#12882=SHAPE_REPRESENTATION('Bullet',(#15),#12880);
#12901=CARTESIAN_POINT('',(0.,0.,0.));
#12902=DIRECTION('',(0.,0.,1.));
#12903=DIRECTION('',(1.,0.,0.));
#12904=AXIS2_PLACEMENT_3D('',#12901,#12902,#12903);
#12906=MAPPED_ITEM('',#12905,#12904);
#12905=REPRESENTATION_MAP(#12904,#12882);
#12890=PRODUCT('Bullet','Bullet','',(#671));
#12907=PRODUCT_RELATED_PRODUCT_CATEGORY('part','',(#12890));
#12908=PRODUCT_DEFINITION_FORMATION_WITH_SPECIFIED_SOURCE('','',#12890,.NOT_KNOWN.);
#12891=PRODUCT_DEFINITION('design','',#12908,#672);
#12889=PRODUCT_DEFINITION_SHAPE('','',#12891);
#12909=SHAPE_DEFINITION_REPRESENTATION(#12889,#12882);
#12881=DRAUGHTING_MODEL('',(#12906),#12880);
#12910=(NAMED_UNIT(*)PLANE_ANGLE_UNIT()SI_UNIT($,.RADIAN.));
#12911=PLANE_ANGLE_MEASURE_WITH_UNIT(PLANE_ANGLE_MEASURE(0.0174532925),#12910);
#12912=(CONVERSION_BASED_UNIT('DEGREE',#12911)NAMED_UNIT(#12913)PLANE_ANGLE_UNIT());
#12913=DIMENSIONAL_EXPONENTS(0.,0.,0.,0.,0.,0.,0.);
#12914=(NAMED_UNIT(*)SI_UNIT($,.STERADIAN.)SOLID_ANGLE_UNIT());
#12915=(LENGTH_UNIT()NAMED_UNIT(*)SI_UNIT(.MILLI.,.METRE.));
#12916=UNCERTAINTY_MEASURE_WITH_UNIT(LENGTH_MEASURE(1.000000E-03),#12915,'DISTANCE_ACCURACY_VALUE','Maximum Tolerance applied to model');
#12917=(GEOMETRIC_REPRESENTATION_CONTEXT(3)GLOBAL_UNCERTAINTY_ASSIGNED_CONTEXT((#12916))GLOBAL_UNIT_ASSIGNED_CONTEXT((#12915,#12912,#12914))REPRESENTATION_CONTEXT('','Bullet'));
#12929=CARTESIAN_POINT('',(0.,0.,0.));
#12930=DIRECTION('',(0.,0.,1.));
#12931=DIRECTION('',(1.,0.,-0.));
#12932=AXIS2_PLACEMENT_3D('',#12929,#12930,#12931);
#12933=ITEM_DEFINED_TRANSFORMATION('','',#12932,#15);
#12934=(REPRESENTATION_RELATIONSHIP('','',#12919,#12706)REPRESENTATION_RELATIONSHIP_WITH_TRANSFORMATION(#12933)SHAPE_REPRESENTATION_RELATIONSHIP());
#12935=NEXT_ASSEMBLY_USAGE_OCCURRENCE('Bullet_20','Bullet','Bullet',#12715,#12928,$);
#12936=PRODUCT_DEFINITION_SHAPE('','',#12935);
#12937=CONTEXT_DEPENDENT_SHAPE_REPRESENTATION(#12934,#12936);
#12919=SHAPE_REPRESENTATION('Bullet',(#15),#12917);
#12938=CARTESIAN_POINT('',(0.,0.,0.));
#12939=DIRECTION('',(0.,0.,1.));
#12940=DIRECTION('',(1.,0.,0.));
#12941=AXIS2_PLACEMENT_3D('',#12938,#12939,#12940);
#12943=MAPPED_ITEM('',#12942,#12941);
#12942=REPRESENTATION_MAP(#12941,#12919);
#12927=PRODUCT('Bullet','Bullet','',(#671));
#12944=PRODUCT_RELATED_PRODUCT_CATEGORY('part','',(#12927));
#12945=PRODUCT_DEFINITION_FORMATION_WITH_SPECIFIED_SOURCE('','',#12927,.NOT_KNOWN.);
#12928=PRODUCT_DEFINITION('design','',#12945,#672);
#12926=PRODUCT_DEFINITION_SHAPE('','',#12928);
#12946=SHAPE_DEFINITION_REPRESENTATION(#12926,#12919);
#12918=DRAUGHTING_MODEL('',(#12943),#12917);
#12706=SHAPE_REPRESENTATION('Bullets',(#15,#12747,#12784,#12821,#12858,#12895,#12932),#12704);
#12947=CARTESIAN_POINT('',(0.,0.,0.));
#12948=DIRECTION('',(0.,0.,1.));
#12949=DIRECTION('',(1.,0.,0.));
#12950=AXIS2_PLACEMENT_3D('',#12947,#12948,#12949);
#12952=MAPPED_ITEM('',#12951,#12950);
#12951=REPRESENTATION_MAP(#12950,#12706);
#12714=PRODUCT('Bullets','Bullets','',(#671));
#12953=PRODUCT_RELATED_PRODUCT_CATEGORY('part','',(#12714));
#12954=PRODUCT_DEFINITION_FORMATION_WITH_SPECIFIED_SOURCE('','',#12714,.NOT_KNOWN.);
#12715=PRODUCT_DEFINITION('design','',#12954,#672);
#12713=PRODUCT_DEFINITION_SHAPE('','',#12715);
#12955=SHAPE_DEFINITION_REPRESENTATION(#12713,#12706);
#12705=DRAUGHTING_MODEL('',(#12952),#12704);
#12956=(NAMED_UNIT(*)PLANE_ANGLE_UNIT()SI_UNIT($,.RADIAN.));
#12957=PLANE_ANGLE_MEASURE_WITH_UNIT(PLANE_ANGLE_MEASURE(0.0174532925),#12956);
#12958=(CONVERSION_BASED_UNIT('DEGREE',#12957)NAMED_UNIT(#12959)PLANE_ANGLE_UNIT());
#12959=DIMENSIONAL_EXPONENTS(0.,0.,0.,0.,0.,0.,0.);
#12960=(NAMED_UNIT(*)SI_UNIT($,.STERADIAN.)SOLID_ANGLE_UNIT());
#12961=(LENGTH_UNIT()NAMED_UNIT(*)SI_UNIT(.MILLI.,.METRE.));
#12962=UNCERTAINTY_MEASURE_WITH_UNIT(LENGTH_MEASURE(1.000000E-03),#12961,'DISTANCE_ACCURACY_VALUE','Maximum Tolerance applied to model');
#12963=(GEOMETRIC_REPRESENTATION_CONTEXT(3)GLOBAL_UNCERTAINTY_ASSIGNED_CONTEXT((#12962))GLOBAL_UNIT_ASSIGNED_CONTEXT((#12961,#12958,#12960))REPRESENTATION_CONTEXT('','Barrel'));
#12975=CARTESIAN_POINT('',(0.,0.,0.));
#12976=DIRECTION('',(0.,0.,1.));
#12977=DIRECTION('',(1.,0.,-0.));
#12978=AXIS2_PLACEMENT_3D('',#12975,#12976,#12977);
#12979=ITEM_DEFINED_TRANSFORMATION('','',#12978,#15);
#12980=(REPRESENTATION_RELATIONSHIP('','',#12965,#12493)REPRESENTATION_RELATIONSHIP_WITH_TRANSFORMATION(#12979)SHAPE_REPRESENTATION_RELATIONSHIP());
#12981=NEXT_ASSEMBLY_USAGE_OCCURRENCE('Barrel_21','Barrel','Barrel',#12502,#12974,$);
#12982=PRODUCT_DEFINITION_SHAPE('','',#12981);
#12983=CONTEXT_DEPENDENT_SHAPE_REPRESENTATION(#12980,#12982);
#12984=(NAMED_UNIT(*)PLANE_ANGLE_UNIT()SI_UNIT($,.RADIAN.));
#12985=PLANE_ANGLE_MEASURE_WITH_UNIT(PLANE_ANGLE_MEASURE(0.0174532925),#12984);
#12986=(CONVERSION_BASED_UNIT('DEGREE',#12985)NAMED_UNIT(#12987)PLANE_ANGLE_UNIT());
#12987=DIMENSIONAL_EXPONENTS(0.,0.,0.,0.,0.,0.,0.);
#12988=(NAMED_UNIT(*)SI_UNIT($,.STERADIAN.)SOLID_ANGLE_UNIT());
#12989=(LENGTH_UNIT()NAMED_UNIT(*)SI_UNIT(.MILLI.,.METRE.));
#12990=UNCERTAINTY_MEASURE_WITH_UNIT(LENGTH_MEASURE(1.000000E-03),#12989,'DISTANCE_ACCURACY_VALUE','Maximum Tolerance applied to model');
#12991=(GEOMETRIC_REPRESENTATION_CONTEXT(3)GLOBAL_UNCERTAINTY_ASSIGNED_CONTEXT((#12990))GLOBAL_UNIT_ASSIGNED_CONTEXT((#12989,#12986,#12988))REPRESENTATION_CONTEXT('','Ejector'));
#13003=CARTESIAN_POINT('',(0.,0.,0.));
#13004=DIRECTION('',(0.,0.,1.));
#13005=DIRECTION('',(1.,0.,-0.));
#13006=AXIS2_PLACEMENT_3D('',#13003,#13004,#13005);
#13007=ITEM_DEFINED_TRANSFORMATION('','',#13006,#15);
#13008=(REPRESENTATION_RELATIONSHIP('','',#12993,#12965)REPRESENTATION_RELATIONSHIP_WITH_TRANSFORMATION(#13007)SHAPE_REPRESENTATION_RELATIONSHIP());
#13009=NEXT_ASSEMBLY_USAGE_OCCURRENCE('Ejector_22','Ejector','Ejector',#12974,#13002,$);
#13010=PRODUCT_DEFINITION_SHAPE('','',#13009);
#13011=CONTEXT_DEPENDENT_SHAPE_REPRESENTATION(#13008,#13010);
#12993=SHAPE_REPRESENTATION('Ejector',(#15),#12991);
#13012=CARTESIAN_POINT('',(0.,0.,0.));
#13013=DIRECTION('',(0.,0.,1.));
#13014=DIRECTION('',(1.,0.,0.));
#13015=AXIS2_PLACEMENT_3D('',#13012,#13013,#13014);
#13017=MAPPED_ITEM('',#13016,#13015);
#13016=REPRESENTATION_MAP(#13015,#12993);
#13001=PRODUCT('Ejector','Ejector','',(#671));
#13018=PRODUCT_RELATED_PRODUCT_CATEGORY('part','',(#13001));
#13019=PRODUCT_DEFINITION_FORMATION_WITH_SPECIFIED_SOURCE('','',#13001,.NOT_KNOWN.);
#13002=PRODUCT_DEFINITION('design','',#13019,#672);
#13000=PRODUCT_DEFINITION_SHAPE('','',#13002);
#13020=SHAPE_DEFINITION_REPRESENTATION(#13000,#12993);
#12992=DRAUGHTING_MODEL('',(#13017),#12991);
#12965=SHAPE_REPRESENTATION('Barrel',(#15,#13006),#12963);
#13021=CARTESIAN_POINT('',(0.,0.,0.));
#13022=DIRECTION('',(0.,0.,1.));
#13023=DIRECTION('',(1.,0.,0.));
#13024=AXIS2_PLACEMENT_3D('',#13021,#13022,#13023);
#13026=MAPPED_ITEM('',#13025,#13024);
#13025=REPRESENTATION_MAP(#13024,#12965);
#12973=PRODUCT('Barrel','Barrel','',(#671));
#13027=PRODUCT_RELATED_PRODUCT_CATEGORY('part','',(#12973));
#13028=PRODUCT_DEFINITION_FORMATION_WITH_SPECIFIED_SOURCE('','',#12973,.NOT_KNOWN.);
#12974=PRODUCT_DEFINITION('design','',#13028,#672);
#12972=PRODUCT_DEFINITION_SHAPE('','',#12974);
#13029=SHAPE_DEFINITION_REPRESENTATION(#12972,#12965);
#12964=DRAUGHTING_MODEL('',(#13026),#12963);
#12493=SHAPE_REPRESENTATION('Colt',(#15,#12534,#12571,#12645,#12682,#12719,#12978),#12491);
#13030=CARTESIAN_POINT('',(0.,0.,0.));
#13031=DIRECTION('',(0.,0.,1.));
#13032=DIRECTION('',(1.,0.,0.));
#13033=AXIS2_PLACEMENT_3D('',#13030,#13031,#13032);
#13035=MAPPED_ITEM('',#13034,#13033);
#13034=REPRESENTATION_MAP(#13033,#12493);
#12501=PRODUCT('Colt','Colt','',(#671));
#13036=PRODUCT_RELATED_PRODUCT_CATEGORY('part','',(#12501));
#13037=PRODUCT_DEFINITION_FORMATION_WITH_SPECIFIED_SOURCE('','',#12501,.NOT_KNOWN.);
#12502=PRODUCT_DEFINITION('design','',#13037,#672);
#12500=PRODUCT_DEFINITION_SHAPE('','',#12502);
#13038=SHAPE_DEFINITION_REPRESENTATION(#12500,#12493);
#12492=DRAUGHTING_MODEL('',(#13035),#12491);
#16=SHAPE_REPRESENTATION('root',(#15,#48,#698,#7869,#9166,#12395,#12506),#10);
#13039=CARTESIAN_POINT('',(0.,0.,0.));
#13040=DIRECTION('',(0.,0.,1.));
#13041=DIRECTION('',(1.,0.,0.));
#13042=AXIS2_PLACEMENT_3D('',#13039,#13040,#13041);
#13044=MAPPED_ITEM('',#13043,#13042);
#13043=REPRESENTATION_MAP(#13042,#16);
#24=PRODUCT('root','root','',(#671));
#13045=PRODUCT_RELATED_PRODUCT_CATEGORY('part','',(#24));
#13046=PRODUCT_DEFINITION_FORMATION_WITH_SPECIFIED_SOURCE('','',#24,.NOT_KNOWN.);
#25=PRODUCT_DEFINITION('design','',#13046,#672);
#23=PRODUCT_DEFINITION_SHAPE('','',#25);
#13047=SHAPE_DEFINITION_REPRESENTATION(#23,#16);
#11=DRAUGHTING_MODEL('',(#13044),#10);
#13048=DESCRIPTIVE_REPRESENTATION_ITEM('KEY','/Users/abstractmachine/Library/Containers/com.shapr3d.shapr/Data/tmp/C4206FA0-33A6-419F-B7CB-ED1E29054965.tmp');
#13049=PROPERTY_DEFINITION('KEY','',#25);
#13050=REPRESENTATION('',(#13048),#10);
#13051=PROPERTY_DEFINITION_REPRESENTATION(#13049,#13050);
#13052=GENERAL_PROPERTY('','KEY','');
#13053=GENERAL_PROPERTY_ASSOCIATION('','',#13052,#13049);
#1=MECHANICAL_DESIGN_GEOMETRIC_PRESENTATION_REPRESENTATION('',(#54,#348,#704,#902,#1100,#7875,#8501,#9172,#10771),#10);
ENDSEC;
END-ISO-10303-21;
